OrderID,CustomerID,OrderDate,ShipDate,PromisedDeliveryDate,ActualDeliveryDate,OrderStatus,OrderValue,QuantityOrdered,QuantityShipped,QuantityReturned,IsAccurate,Region
O00001,C004,2024-08-14,2024-08-15,2024-08-20,2024-08-17,Delivered,47.06,2,2,0,1,South
O00002,C032,2024-02-29,2024-03-02,2024-03-04,2024-03-03,Delivered,1636.09,19,11,9,1,Northeast
O00003,C012,2024-06-18,,2024-06-24,,Placed,1322.0,10,0,0,1,Northeast
O00004,C022,2024-06-14,2024-06-17,2024-06-21,2024-06-25,Delivered,730.44,6,3,0,1,South
O00005,C006,2024-04-20,2024-04-21,2024-04-23,2024-04-22,Delivered,450.54,3,3,0,1,Northeast
O00006,C037,2024-03-23,2024-03-25,2024-03-26,2024-03-31,Delivered,2036.21,11,11,0,1,Midwest
O00007,C012,2024-11-12,,2024-11-16,,Placed,96.84,4,0,0,1,Northeast
O00008,C007,2024-04-14,,2024-04-19,,Cancelled,673.84,4,0,0,1,Midwest
O00009,C036,2024-10-22,,2024-10-29,,Placed,239.31,3,0,0,1,West
O00010,C021,2024-01-08,2024-01-10,2024-01-14,2024-01-21,Delivered,309.33,9,9,0,1,South
O00011,C010,2024-01-24,2024-01-25,2024-01-31,2024-01-31,Delivered,2068.05,15,15,0,1,South
O00012,C032,2024-06-23,2024-06-24,2024-06-28,2024-06-25,Delivered,1179.52,19,19,0,1,Northeast
O00013,C021,2024-09-24,2024-09-27,2024-09-29,2024-09-28,Delivered,2909.88,18,18,0,1,South
O00014,C038,2024-12-05,2024-12-07,2024-12-09,2024-12-08,Delivered,2319.9,11,11,0,1,South
O00015,C023,2024-10-20,2024-10-22,2024-10-23,2024-10-22,Delivered,3196.2,15,15,0,1,West
O00016,C019,2024-10-22,2024-10-25,2024-10-25,2024-10-25,Delivered,1070.1,6,6,0,1,Midwest
O00017,C031,2024-07-29,2024-07-30,2024-08-02,2024-08-01,Delivered,920.79,9,9,0,1,Midwest
O00018,C040,2024-09-17,2024-09-19,2024-09-24,2024-09-22,Delivered,486.88,17,17,0,1,Midwest
O00019,C037,2024-11-17,2024-11-19,2024-11-22,2024-11-22,Delivered,185.96,4,1,0,0,Midwest
O00020,C003,2024-06-29,2024-06-30,2024-07-05,2024-07-02,Delivered,2013.31,17,17,0,1,South
O00021,C008,2024-03-20,2024-03-22,2024-03-24,2024-03-22,Delivered,476.9,19,19,16,1,Northeast
O00022,C017,2024-11-18,2024-11-19,2024-11-24,,Shipped,400.08,2,2,0,1,South
O00023,C040,2024-08-07,2024-08-08,2024-08-13,2024-08-12,Delivered,1873.35,15,15,0,1,Midwest
O00024,C016,2024-03-28,2024-03-30,2024-04-01,2024-04-01,Delivered,904.14,9,9,0,1,West
O00025,C014,2024-03-04,2024-03-07,2024-03-10,2024-03-10,Delivered,3245.6,16,16,0,1,West
O00026,C034,2024-03-11,2024-03-13,2024-03-18,2024-03-16,Delivered,1185.12,16,16,0,1,Midwest
O00027,C035,2024-11-28,2024-12-01,2024-12-04,2024-12-06,Delivered,420.16,13,13,0,1,West
O00028,C033,2024-06-04,2024-06-07,2024-06-10,2024-06-07,Delivered,1271.86,19,19,0,1,West
O00029,C007,2024-01-03,2024-01-05,2024-01-08,2024-01-05,Delivered,2402.4,14,14,0,1,Midwest
O00030,C038,2024-10-01,2024-10-03,2024-10-04,2024-10-04,Delivered,1008.1,10,10,0,1,South
O00031,C036,2024-08-09,2024-08-10,2024-08-13,2024-08-12,Delivered,520.41,11,11,0,1,West
O00032,C016,2024-03-02,,2024-03-07,,Placed,906.16,8,0,0,1,West
O00033,C032,2024-02-18,,2024-02-22,,Cancelled,209.99,1,0,0,1,Northeast
O00034,C029,2024-05-27,2024-05-29,2024-05-30,,Shipped,719.82,18,18,0,1,Northeast
O00035,C022,2024-01-05,2024-01-08,2024-01-08,,Shipped,755.5,10,10,0,1,South
O00036,C019,2024-06-28,2024-06-29,2024-07-05,2024-06-29,Delivered,2413.29,11,11,0,1,Midwest
O00037,C005,2024-01-09,2024-01-10,2024-01-15,2024-01-11,Delivered,2585.57,13,3,0,1,Midwest
O00038,C001,2024-11-13,2024-11-14,2024-11-17,2024-11-14,Delivered,225.54,14,14,0,1,South
O00039,C010,2024-01-20,,2024-01-26,,Placed,2945.76,17,0,0,1,South
O00040,C034,2024-08-31,2024-09-01,2024-09-07,2024-09-01,Delivered,958.29,17,17,0,1,Midwest
O00041,C018,2024-02-24,2024-02-25,2024-03-02,2024-02-29,Delivered,1057.65,15,15,0,1,West
O00042,C001,2024-01-15,2024-01-17,2024-01-19,2024-01-17,Delivered,908.82,18,18,0,1,South
O00043,C011,2024-08-10,2024-08-12,2024-08-17,2024-08-13,Delivered,2507.28,12,12,0,1,Midwest
O00044,C007,2024-02-21,2024-02-22,2024-02-26,2024-02-22,Delivered,1234.2,11,11,0,1,Midwest
O00045,C032,2024-08-01,2024-08-04,2024-08-06,2024-08-04,Delivered,1284.4,13,13,0,1,Northeast
O00046,C020,2024-06-14,2024-06-16,2024-06-17,2024-06-17,Delivered,654.9,5,5,0,1,Northeast
O00047,C014,2024-07-10,2024-07-13,2024-07-13,2024-07-17,Delivered,800.37,9,9,0,1,West
O00048,C030,2024-06-30,2024-07-02,2024-07-04,2024-07-03,Delivered,2986.56,16,16,2,0,South
O00049,C012,2024-07-16,2024-07-17,2024-07-20,2024-07-20,Delivered,2508.75,15,7,0,1,Northeast
O00050,C010,2024-07-28,2024-07-29,2024-08-03,2024-08-03,Delivered,634.44,3,3,0,1,South
O00051,C031,2024-05-15,2024-05-18,2024-05-22,2024-05-20,Delivered,752.18,13,13,0,1,Midwest
O00052,C039,2024-07-13,,2024-07-17,,Cancelled,748.51,17,0,0,1,Midwest
O00053,C021,2024-06-05,2024-06-06,2024-06-12,2024-06-09,Delivered,1358.72,8,8,0,1,South
O00054,C038,2024-01-16,2024-01-19,2024-01-22,2024-01-21,Delivered,577.45,5,5,0,1,South
O00055,C035,2024-08-10,2024-08-12,2024-08-15,2024-08-12,Delivered,2228.2,13,13,0,1,West
O00056,C014,2024-06-17,2024-06-19,2024-06-22,,Shipped,1895.68,16,16,0,1,West
O00057,C037,2024-05-14,2024-05-16,2024-05-18,2024-05-17,Delivered,620.84,17,17,0,1,Midwest
O00058,C008,2024-04-20,2024-04-23,2024-04-23,2024-04-23,Delivered,1389.44,13,13,0,1,Northeast
O00059,C007,2024-09-02,,2024-09-07,,Cancelled,1848.21,13,0,0,1,Midwest
O00060,C036,2024-06-15,,2024-06-22,,Placed,2603.84,16,0,0,1,West
O00061,C012,2024-12-02,2024-12-04,2024-12-08,,Shipped,614.24,16,16,0,1,Northeast
O00062,C030,2024-12-01,,2024-12-07,,Cancelled,222.27,3,0,0,1,South
O00063,C040,2024-10-13,2024-10-15,2024-10-19,2024-10-25,Delivered,525.07,13,7,0,1,Midwest
O00064,C014,2024-12-07,2024-12-08,2024-12-11,2024-12-10,Delivered,291.51,9,9,1,1,West
O00065,C015,2024-11-28,2024-12-01,2024-12-01,2024-12-01,Delivered,3063.18,19,19,0,1,Northeast
O00066,C016,2024-01-18,2024-01-20,2024-01-25,2024-01-20,Delivered,954.6,5,5,0,1,West
O00067,C028,2024-11-08,2024-11-10,2024-11-14,2024-11-11,Delivered,2657.48,14,14,0,1,Midwest
O00068,C005,2024-04-05,2024-04-08,2024-04-10,2024-04-13,Delivered,583.02,18,18,0,1,Midwest
O00069,C032,2024-05-22,2024-05-25,2024-05-27,2024-06-01,Delivered,658.5,3,3,0,1,Northeast
O00070,C014,2024-02-16,2024-02-18,2024-02-19,2024-02-18,Delivered,451.28,8,8,0,1,West
O00071,C036,2024-11-30,2024-12-02,2024-12-07,2024-12-14,Delivered,1173.28,16,16,0,1,West
O00072,C040,2024-09-16,2024-09-19,2024-09-20,2024-09-22,Delivered,916.44,12,12,0,1,Midwest
O00073,C003,2024-07-14,2024-07-17,2024-07-18,2024-07-17,Delivered,1677.92,16,16,0,1,South
O00074,C011,2024-10-01,2024-10-03,2024-10-06,2024-10-05,Delivered,143.56,4,4,4,1,Midwest
O00075,C039,2024-09-14,2024-09-15,2024-09-17,2024-09-15,Delivered,56.86,2,2,0,1,Midwest
O00076,C003,2024-08-09,2024-08-12,2024-08-13,2024-08-12,Delivered,1033.92,18,18,0,1,South
O00077,C001,2024-05-24,2024-05-26,2024-05-31,2024-05-28,Delivered,346.05,3,3,0,1,South
O00078,C034,2024-03-20,2024-03-22,2024-03-24,2024-03-28,Delivered,2946.33,19,19,0,1,Midwest
O00079,C002,2024-10-28,2024-10-29,2024-11-03,2024-11-02,Delivered,563.29,13,13,0,0,Northeast
O00080,C002,2024-09-03,2024-09-05,2024-09-09,2024-09-13,Delivered,271.98,2,2,0,0,Northeast
O00081,C025,2024-11-08,2024-11-09,2024-11-14,,Shipped,1220.1,6,6,0,1,Northeast
O00082,C037,2024-12-09,2024-12-11,2024-12-12,2024-12-12,Delivered,642.16,8,8,0,1,Midwest
O00083,C033,2024-01-28,2024-01-31,2024-02-04,2024-01-31,Delivered,18.9,1,1,0,1,West
O00084,C005,2024-11-06,2024-11-09,2024-11-09,2024-11-14,Delivered,533.52,12,12,12,1,Midwest
O00085,C001,2024-07-12,2024-07-13,2024-07-19,2024-07-14,Delivered,1591.6,8,8,3,1,South
O00086,C018,2024-07-26,2024-07-27,2024-07-29,2024-07-30,Delivered,1118.58,6,6,0,1,West
O00087,C025,2024-08-01,2024-08-03,2024-08-04,2024-08-10,Delivered,1846.92,12,12,0,1,Northeast
O00088,C037,2024-06-28,2024-06-30,2024-07-05,2024-07-02,Delivered,121.65,1,1,0,1,Midwest
O00089,C019,2024-02-22,2024-02-25,2024-02-26,2024-02-26,Delivered,1118.2,20,20,0,1,Midwest
O00090,C026,2024-11-02,2024-11-04,2024-11-08,2024-11-07,Delivered,1336.4,8,8,0,1,West
O00091,C028,2024-10-29,2024-10-31,2024-11-05,2024-11-04,Delivered,910.4,16,12,0,1,Midwest
O00092,C029,2024-08-07,2024-08-09,2024-08-11,2024-08-15,Delivered,938.7,7,7,0,1,Northeast
O00093,C019,2024-04-27,2024-04-28,2024-05-01,2024-05-07,Delivered,774.24,16,16,4,1,Midwest
O00094,C019,2024-09-19,2024-09-22,2024-09-24,2024-09-22,Delivered,1015.74,18,18,1,1,Midwest
O00095,C020,2024-02-01,2024-02-03,2024-02-08,2024-02-04,Delivered,527.66,14,14,0,1,Northeast
O00096,C036,2024-02-06,,2024-02-13,,Cancelled,237.76,8,0,0,1,West
O00097,C039,2024-05-23,2024-05-25,2024-05-26,2024-05-26,Delivered,174.4,5,5,0,1,Midwest
O00098,C007,2024-06-07,2024-06-09,2024-06-10,,Shipped,1325.6,8,8,0,1,Midwest
O00099,C034,2024-05-21,2024-05-23,2024-05-24,2024-05-24,Delivered,918.4,16,16,0,1,Midwest
O00100,C008,2024-10-22,2024-10-23,2024-10-28,2024-10-30,Delivered,428.88,4,4,0,1,Northeast
O00101,C022,2024-07-04,2024-07-05,2024-07-10,2024-07-10,Delivered,240.3,5,5,0,1,South
O00102,C019,2024-07-03,2024-07-05,2024-07-07,2024-07-08,Delivered,462.11,11,11,0,1,Midwest
O00103,C015,2024-07-12,2024-07-14,2024-07-19,2024-07-14,Delivered,105.8,5,5,0,1,Northeast
O00104,C039,2024-05-19,2024-05-20,2024-05-24,2024-05-24,Delivered,2394.26,11,11,0,1,Midwest
O00105,C028,2024-04-29,2024-05-01,2024-05-04,2024-05-03,Delivered,355.72,2,2,0,1,Midwest
O00106,C022,2024-06-01,2024-06-02,2024-06-05,2024-06-03,Delivered,2842.32,13,4,0,1,South
O00107,C007,2024-06-22,,2024-06-26,,Placed,2130.31,13,0,0,1,Midwest
O00108,C013,2024-09-08,2024-09-10,2024-09-13,2024-09-10,Delivered,1566.88,14,14,0,1,South
O00109,C028,2024-07-22,2024-07-25,2024-07-25,2024-07-25,Delivered,1012.02,6,6,0,1,Midwest
O00110,C015,2024-11-26,2024-11-29,2024-12-02,2024-12-06,Delivered,781.12,8,8,0,1,Northeast
O00111,C008,2024-08-13,2024-08-14,2024-08-18,2024-08-14,Delivered,736.47,7,7,0,1,Northeast
O00112,C013,2024-01-07,2024-01-10,2024-01-14,2024-01-14,Delivered,1221.64,7,7,0,1,South
O00113,C031,2024-02-18,2024-02-21,2024-02-22,2024-02-24,Delivered,1209.72,6,6,0,1,Midwest
O00114,C030,2024-03-30,2024-04-01,2024-04-03,2024-04-02,Delivered,2796.43,13,13,0,0,South
O00115,C039,2024-07-31,,2024-08-04,,Placed,1710.63,9,0,0,1,Midwest
O00116,C014,2024-04-22,2024-04-25,2024-04-29,2024-05-02,Delivered,1590.6,11,11,0,1,West
O00117,C038,2024-12-07,2024-12-08,2024-12-10,2024-12-09,Delivered,2569.95,15,15,0,1,South
O00118,C013,2024-03-30,2024-04-01,2024-04-04,2024-04-04,Delivered,718.44,12,12,0,1,South
O00119,C019,2024-10-05,2024-10-07,2024-10-08,2024-10-07,Delivered,2953.58,17,17,0,1,Midwest
O00120,C002,2024-05-27,,2024-06-01,,Placed,2808.91,13,0,0,1,Northeast
O00121,C026,2024-01-25,2024-01-27,2024-02-01,2024-02-01,Delivered,211.44,3,3,0,1,West
O00122,C007,2024-05-27,2024-05-30,2024-06-01,2024-05-31,Delivered,1867.92,12,12,9,1,Midwest
O00123,C030,2024-02-11,2024-02-13,2024-02-18,2024-02-17,Delivered,612.48,6,2,0,1,South
O00124,C037,2024-10-13,2024-10-16,2024-10-20,2024-10-20,Delivered,1516.59,9,9,0,1,Midwest
O00125,C037,2024-02-03,2024-02-05,2024-02-07,2024-02-05,Delivered,115.36,4,1,0,1,Midwest
O00126,C002,2024-09-17,2024-09-18,2024-09-24,2024-09-18,Delivered,191.46,1,1,0,1,Northeast
O00127,C004,2024-07-09,2024-07-12,2024-07-15,2024-07-13,Delivered,828.52,7,7,0,1,South
O00128,C009,2024-08-14,2024-08-15,2024-08-20,2024-08-19,Delivered,818.24,16,16,0,1,West
O00129,C040,2024-12-10,2024-12-12,2024-12-16,2024-12-15,Delivered,3693.41,19,19,0,1,Midwest
O00130,C009,2024-11-26,2024-11-28,2024-11-30,2024-11-29,Delivered,127.94,1,1,0,1,West
O00131,C002,2024-05-09,2024-05-11,2024-05-14,2024-05-14,Delivered,1022.22,6,6,0,1,Northeast
O00132,C011,2024-02-26,2024-02-29,2024-03-01,2024-02-29,Delivered,371.15,13,1,0,1,Midwest
O00133,C034,2024-11-06,2024-11-08,2024-11-09,2024-11-08,Delivered,2067.9,10,10,0,1,Midwest
O00134,C002,2024-03-15,2024-03-17,2024-03-22,2024-03-18,Delivered,203.32,2,2,0,1,Northeast
O00135,C010,2024-01-20,2024-01-22,2024-01-25,2024-01-22,Delivered,1121.2,8,8,0,1,South
O00136,C003,2024-02-10,2024-02-13,2024-02-15,2024-02-21,Delivered,2466.62,13,13,3,1,South
O00137,C017,2024-01-22,,2024-01-26,,Cancelled,360.54,2,0,0,1,South
O00138,C024,2024-11-18,,2024-11-21,,Cancelled,813.4,7,0,0,1,West
O00139,C020,2024-04-11,2024-04-13,2024-04-18,2024-04-18,Delivered,2292.79,17,17,0,1,Northeast
O00140,C005,2024-01-11,2024-01-13,2024-01-16,2024-01-22,Delivered,1448.44,14,14,0,1,Midwest
O00141,C016,2024-04-04,2024-04-06,2024-04-09,2024-04-06,Delivered,1200.32,8,8,4,1,West
O00142,C013,2024-02-27,2024-03-01,2024-03-03,2024-03-02,Delivered,884.7,15,15,0,1,South
O00143,C008,2024-07-27,2024-07-30,2024-07-30,2024-07-30,Delivered,2923.62,14,14,6,1,Northeast
O00144,C038,2024-08-25,2024-08-26,2024-09-01,2024-08-31,Delivered,2008.92,12,12,0,1,South
O00145,C038,2024-04-25,2024-04-26,2024-05-02,2024-04-27,Delivered,2355.12,18,18,0,1,South
O00146,C010,2024-12-02,2024-12-05,2024-12-05,,Shipped,1069.2,20,20,0,1,South
O00147,C024,2024-02-10,2024-02-12,2024-02-13,2024-02-13,Delivered,1437.7,11,11,0,1,West
O00148,C015,2024-02-14,2024-02-17,2024-02-17,2024-02-17,Delivered,366.5,5,5,0,1,Northeast
O00149,C021,2024-06-10,2024-06-11,2024-06-15,2024-06-12,Delivered,2128.14,14,14,0,0,South
O00150,C038,2024-03-15,2024-03-16,2024-03-20,2024-03-16,Delivered,256.65,3,3,0,1,South
O00151,C010,2024-01-29,2024-01-31,2024-02-03,,Shipped,2030.28,14,14,0,0,South
O00152,C018,2024-03-12,,2024-03-17,,Cancelled,232.8,10,0,0,1,West
O00153,C039,2024-03-12,2024-03-15,2024-03-18,2024-03-16,Delivered,266.75,11,11,0,1,Midwest
O00154,C003,2024-11-22,2024-11-25,2024-11-25,2024-11-25,Delivered,262.66,2,2,0,1,South
O00155,C012,2024-04-18,2024-04-19,2024-04-24,2024-04-19,Delivered,850.8,4,4,0,1,Northeast
O00156,C025,2024-10-20,2024-10-21,2024-10-24,2024-10-28,Delivered,3384.66,19,19,0,1,Northeast
O00157,C031,2024-06-17,2024-06-18,2024-06-22,2024-06-19,Delivered,891.3,10,10,0,0,Midwest
O00158,C008,2024-11-20,2024-11-23,2024-11-27,2024-11-24,Delivered,614.77,13,13,0,1,Northeast
O00159,C035,2024-12-07,2024-12-10,2024-12-10,2024-12-11,Delivered,232.45,5,5,0,1,West
O00160,C027,2024-08-06,2024-08-08,2024-08-12,2024-08-12,Delivered,708.25,5,5,0,1,South
O00161,C017,2024-06-01,2024-06-02,2024-06-07,2024-06-05,Delivered,3287.19,19,19,0,1,South
O00162,C007,2024-05-31,2024-06-03,2024-06-07,2024-06-07,Delivered,248.1,5,5,0,1,Midwest
O00163,C002,2024-06-26,,2024-07-03,,Cancelled,1032.21,9,0,0,1,Northeast
O00164,C021,2024-06-15,2024-06-16,2024-06-22,2024-06-24,Delivered,1229.04,9,9,0,0,South
O00165,C020,2024-11-08,2024-11-11,2024-11-12,2024-11-12,Delivered,1835.5,10,10,0,1,Northeast
O00166,C031,2024-08-08,2024-08-11,2024-08-12,2024-08-12,Delivered,1069.11,7,7,0,1,Midwest
O00167,C002,2024-09-14,2024-09-16,2024-09-19,2024-09-16,Delivered,1677.7,10,10,0,1,Northeast
O00168,C030,2024-04-05,,2024-04-10,,Cancelled,139.98,3,0,0,1,South
O00169,C012,2024-03-09,2024-03-12,2024-03-13,2024-03-13,Delivered,1175.88,6,6,0,1,Northeast
O00170,C033,2024-02-21,2024-02-24,2024-02-25,2024-02-25,Delivered,246.54,6,6,0,0,West
O00171,C024,2024-09-18,2024-09-19,2024-09-21,2024-09-19,Delivered,3114.57,17,17,0,1,West
O00172,C029,2024-03-25,2024-03-27,2024-04-01,2024-03-27,Delivered,1134.72,16,16,0,1,Northeast
O00173,C022,2024-09-23,2024-09-24,2024-09-26,2024-10-03,Delivered,2789.39,19,19,0,1,South
O00174,C021,2024-10-03,2024-10-05,2024-10-07,2024-10-06,Delivered,182.4,10,10,0,1,South
O00175,C026,2024-10-18,2024-10-19,2024-10-25,2024-10-31,Delivered,532.71,3,3,0,1,West
O00176,C006,2024-05-20,2024-05-22,2024-05-26,2024-05-23,Delivered,1244.76,6,6,0,1,Northeast
O00177,C030,2024-01-21,2024-01-22,2024-01-27,2024-01-26,Delivered,3533.81,19,19,0,1,South
O00178,C037,2024-11-14,2024-11-16,2024-11-20,2024-11-17,Delivered,545.91,3,3,0,1,Midwest
O00179,C040,2024-05-30,2024-06-01,2024-06-05,2024-06-02,Delivered,1039.38,6,6,0,1,Midwest
O00180,C015,2024-12-12,2024-12-15,2024-12-19,2024-12-19,Delivered,121.38,1,1,0,1,Northeast
O00181,C010,2024-03-06,2024-03-09,2024-03-09,2024-03-16,Delivered,453.12,4,4,0,1,South
O00182,C027,2024-05-20,2024-05-21,2024-05-24,2024-05-24,Delivered,3127.59,19,19,0,1,South
O00183,C017,2024-06-10,2024-06-12,2024-06-14,2024-06-14,Delivered,1206.36,6,6,0,1,South
O00184,C001,2024-11-25,2024-11-27,2024-11-30,2024-11-28,Delivered,1697.13,9,4,0,1,South
O00185,C032,2024-05-17,2024-05-20,2024-05-24,,Shipped,308.35,5,4,0,1,Northeast
O00186,C035,2024-02-04,2024-02-05,2024-02-10,2024-02-05,Delivered,2275.91,13,13,0,1,West
O00187,C036,2024-12-09,2024-12-12,2024-12-15,,Shipped,296.04,4,4,0,1,West
O00188,C013,2024-06-24,2024-06-27,2024-06-30,2024-06-30,Delivered,1056.0,11,11,0,1,South
O00189,C011,2024-07-01,2024-07-02,2024-07-07,2024-07-06,Delivered,847.72,4,4,0,1,Midwest
O00190,C027,2024-06-14,2024-06-16,2024-06-17,2024-06-17,Delivered,1990.8,20,20,0,1,South
O00191,C020,2024-11-04,2024-11-05,2024-11-10,2024-11-08,Delivered,588.42,7,7,0,1,Northeast
O00192,C037,2024-09-05,2024-09-07,2024-09-09,2024-09-08,Delivered,315.84,12,12,0,0,Midwest
O00193,C035,2024-01-18,2024-01-19,2024-01-22,2024-01-21,Delivered,2889.75,15,15,0,1,West
O00194,C032,2024-03-26,2024-03-28,2024-04-01,2024-03-31,Delivered,1057.5,5,5,0,1,Northeast
O00195,C005,2024-06-05,2024-06-08,2024-06-08,2024-06-08,Delivered,2561.65,13,13,0,1,Midwest
O00196,C033,2024-02-29,,2024-03-07,,Placed,844.39,17,0,0,1,West
O00197,C014,2024-04-11,2024-04-12,2024-04-15,2024-04-14,Delivered,118.48,4,4,0,0,West
O00198,C034,2024-01-30,2024-02-02,2024-02-05,2024-02-04,Delivered,1313.01,9,9,0,1,Midwest
O00199,C014,2024-01-24,2024-01-25,2024-01-27,2024-01-27,Delivered,743.52,16,16,0,1,West
O00200,C028,2024-11-03,2024-11-04,2024-11-06,2024-11-06,Delivered,297.05,5,5,0,1,Midwest
O00201,C023,2024-04-28,2024-04-30,2024-05-03,2024-05-02,Delivered,1285.47,9,9,7,1,West
O00202,C031,2024-06-04,2024-06-05,2024-06-07,2024-06-06,Delivered,545.31,9,9,0,1,Midwest
O00203,C002,2024-09-22,2024-09-25,2024-09-29,2024-09-29,Delivered,1420.4,10,10,0,1,Northeast
O00204,C005,2024-01-26,2024-01-28,2024-01-31,2024-01-29,Delivered,2243.45,11,11,0,1,Midwest
O00205,C018,2024-03-16,2024-03-18,2024-03-19,2024-03-19,Delivered,207.1,2,2,0,0,West
O00206,C005,2024-11-24,2024-11-26,2024-12-01,2024-11-29,Delivered,327.52,4,4,0,1,Midwest
O00207,C038,2024-06-23,2024-06-26,2024-06-26,,Shipped,3516.16,16,16,0,1,South
O00208,C009,2024-08-26,2024-08-29,2024-08-30,2024-09-02,Delivered,3488.16,16,16,0,1,West
O00209,C038,2024-05-12,2024-05-13,2024-05-17,,Shipped,525.8,5,5,0,1,South
O00210,C037,2024-11-12,2024-11-14,2024-11-17,2024-11-16,Delivered,1292.32,16,16,0,1,Midwest
O00211,C028,2024-09-18,2024-09-20,2024-09-25,2024-09-21,Delivered,287.56,7,7,0,1,Midwest
O00212,C040,2024-07-12,2024-07-13,2024-07-15,2024-07-14,Delivered,51.29,1,1,0,0,Midwest
O00213,C033,2024-01-08,2024-01-09,2024-01-11,2024-01-10,Delivered,2368.95,17,17,0,0,West
O00214,C006,2024-01-04,,2024-01-09,,Placed,510.6,4,0,0,1,Northeast
O00215,C028,2024-02-22,2024-02-23,2024-02-29,2024-02-27,Delivered,817.95,5,5,0,1,Midwest
O00216,C031,2024-05-05,2024-05-07,2024-05-11,2024-05-08,Delivered,436.0,5,3,0,1,Midwest
O00217,C025,2024-07-01,2024-07-02,2024-07-08,2024-07-08,Delivered,112.38,1,1,0,1,Northeast
O00218,C009,2024-02-26,2024-02-29,2024-03-02,2024-02-29,Delivered,614.31,3,3,0,1,West
O00219,C037,2024-06-26,2024-06-29,2024-06-29,2024-06-29,Delivered,3010.65,15,15,0,1,Midwest
O00220,C003,2024-08-02,2024-08-04,2024-08-09,2024-08-04,Delivered,1718.99,13,13,0,0,South
O00221,C021,2024-06-13,2024-06-14,2024-06-19,2024-06-18,Delivered,2351.14,11,11,0,1,South
O00222,C024,2024-11-24,2024-11-26,2024-11-29,2024-11-27,Delivered,2868.15,15,15,0,1,West
O00223,C005,2024-03-31,,2024-04-03,,Cancelled,642.18,14,0,0,1,Midwest
O00224,C019,2024-01-31,2024-02-02,2024-02-06,2024-02-04,Delivered,414.54,14,14,0,1,Midwest
O00225,C030,2024-06-30,2024-07-01,2024-07-04,2024-07-03,Delivered,3576.12,17,17,0,1,South
O00226,C011,2024-02-23,2024-02-25,2024-02-26,2024-02-25,Delivered,1032.5,14,14,0,1,Midwest
O00227,C018,2024-01-12,2024-01-15,2024-01-18,2024-01-16,Delivered,1930.76,13,2,0,1,West
O00228,C016,2024-01-03,2024-01-05,2024-01-07,2024-01-07,Delivered,97.4,5,5,0,1,West
O00229,C005,2024-10-18,2024-10-20,2024-10-25,2024-10-21,Delivered,3431.8,20,20,0,1,Midwest
O00230,C038,2024-09-14,2024-09-16,2024-09-17,2024-09-16,Delivered,901.6,20,20,0,1,South
O00231,C019,2024-06-27,2024-06-30,2024-07-01,2024-07-08,Delivered,449.4,4,4,0,0,Midwest
O00232,C011,2024-01-17,2024-01-20,2024-01-20,2024-01-20,Delivered,117.99,1,1,0,1,Midwest
O00233,C007,2024-06-05,2024-06-06,2024-06-08,,Shipped,569.58,6,6,0,1,Midwest
O00234,C022,2024-09-03,2024-09-05,2024-09-07,2024-09-06,Delivered,504.36,9,9,0,1,South
O00235,C011,2024-05-19,2024-05-21,2024-05-23,2024-05-21,Delivered,890.7,10,10,0,1,Midwest
O00236,C037,2024-09-15,2024-09-16,2024-09-18,2024-09-18,Delivered,766.68,12,12,0,1,Midwest
O00237,C038,2024-02-22,2024-02-25,2024-02-28,2024-02-28,Delivered,1190.28,14,14,0,1,South
O00238,C008,2024-05-01,,2024-05-04,,Placed,300.43,13,0,0,1,Northeast
O00239,C011,2024-11-25,2024-11-26,2024-11-28,2024-11-27,Delivered,152.11,7,7,0,1,Midwest
O00240,C016,2024-04-29,2024-04-30,2024-05-03,2024-05-04,Delivered,733.59,13,13,0,1,West
O00241,C021,2024-11-21,2024-11-24,2024-11-25,2024-11-25,Delivered,376.16,2,2,0,1,South
O00242,C033,2024-01-24,2024-01-27,2024-01-31,2024-01-30,Delivered,3284.53,19,19,0,1,West
O00243,C031,2024-10-07,2024-10-08,2024-10-13,,Shipped,500.92,7,7,0,0,Midwest
O00244,C027,2024-06-05,2024-06-06,2024-06-10,2024-06-10,Delivered,612.9,6,6,0,1,South
O00245,C030,2024-06-24,2024-06-25,2024-06-27,2024-06-25,Delivered,1062.45,9,9,0,1,South
O00246,C039,2024-03-30,2024-04-01,2024-04-05,2024-04-05,Delivered,4267.2,20,20,0,1,Midwest
O00247,C013,2024-07-22,,2024-07-26,,Placed,231.66,6,0,0,1,South
O00248,C015,2024-07-15,2024-07-16,2024-07-19,2024-07-16,Delivered,2063.4,15,12,0,1,Northeast
O00249,C027,2024-05-19,,2024-05-26,,Placed,487.62,6,0,0,1,South
O00250,C008,2024-02-12,2024-02-14,2024-02-17,2024-02-15,Delivered,470.4,10,10,0,1,Northeast
O00251,C035,2024-09-26,2024-09-27,2024-10-03,2024-10-01,Delivered,3700.26,18,18,0,1,West
O00252,C019,2024-04-17,,2024-04-20,,Placed,2872.44,18,0,0,1,Midwest
O00253,C011,2024-08-01,2024-08-03,2024-08-04,2024-08-11,Delivered,253.5,3,3,0,1,Midwest
O00254,C030,2024-06-19,2024-06-21,2024-06-22,2024-06-22,Delivered,2377.28,19,19,0,0,South
O00255,C011,2024-03-06,2024-03-08,2024-03-09,2024-03-08,Delivered,661.99,7,7,0,1,Midwest
O00256,C016,2024-04-02,2024-04-05,2024-04-09,2024-04-13,Delivered,533.1,3,2,0,1,West
O00257,C001,2024-02-02,2024-02-03,2024-02-07,2024-02-05,Delivered,2028.72,12,12,0,1,South
O00258,C018,2024-09-20,2024-09-21,2024-09-25,,Shipped,381.99,17,17,0,1,West
O00259,C023,2024-09-18,2024-09-19,2024-09-24,2024-09-21,Delivered,84.5,1,1,0,1,West
O00260,C036,2024-01-30,2024-02-02,2024-02-02,2024-02-02,Delivered,640.72,4,4,1,1,West
O00261,C030,2024-08-03,2024-08-06,2024-08-06,2024-08-06,Delivered,4190.4,20,20,0,1,South
O00262,C004,2024-04-23,2024-04-25,2024-04-29,2024-04-29,Delivered,1513.82,11,11,0,0,South
O00263,C031,2024-05-02,2024-05-05,2024-05-05,2024-05-05,Delivered,1029.84,6,6,0,0,Midwest
O00264,C020,2024-09-17,2024-09-20,2024-09-20,2024-09-20,Delivered,462.72,8,8,0,1,Northeast
O00265,C007,2024-05-11,2024-05-12,2024-05-15,2024-05-14,Delivered,1747.94,17,17,6,1,Midwest
O00266,C007,2024-08-31,2024-09-01,2024-09-03,2024-09-03,Delivered,3104.03,19,18,16,1,Midwest
O00267,C003,2024-07-08,2024-07-10,2024-07-15,2024-07-15,Delivered,1023.8,10,10,0,1,South
O00268,C040,2024-07-18,2024-07-20,2024-07-25,2024-07-24,Delivered,1180.2,6,6,0,1,Midwest
O00269,C017,2024-05-02,2024-05-03,2024-05-07,2024-05-07,Delivered,698.58,9,9,0,1,South
O00270,C035,2024-07-19,2024-07-22,2024-07-22,2024-07-22,Delivered,1273.8,20,20,0,0,West
O00271,C008,2024-12-10,2024-12-13,2024-12-14,2024-12-14,Delivered,29.73,1,1,0,1,Northeast
O00272,C008,2024-12-11,2024-12-13,2024-12-18,2024-12-16,Delivered,242.4,6,6,0,1,Northeast
O00273,C016,2024-10-08,2024-10-11,2024-10-12,2024-10-15,Delivered,379.85,5,5,0,1,West
O00274,C008,2024-07-06,2024-07-09,2024-07-13,2024-07-09,Delivered,635.2,10,5,0,1,Northeast
O00275,C008,2024-10-19,,2024-10-22,,Placed,552.33,19,0,0,1,Northeast
O00276,C030,2024-01-20,2024-01-23,2024-01-26,2024-01-26,Delivered,1108.68,6,6,0,1,South
O00277,C028,2024-01-21,2024-01-23,2024-01-26,2024-01-25,Delivered,1530.0,9,9,0,1,Midwest
O00278,C022,2024-10-19,2024-10-21,2024-10-24,2024-10-21,Delivered,1345.1,10,10,0,1,South
O00279,C026,2024-10-05,2024-10-07,2024-10-11,2024-10-15,Delivered,35.74,1,1,1,1,West
O00280,C028,2024-05-19,2024-05-22,2024-05-24,2024-05-24,Delivered,184.63,1,1,0,1,Midwest
O00281,C018,2024-01-13,2024-01-15,2024-01-19,2024-01-19,Delivered,151.98,6,6,0,1,West
O00282,C038,2024-12-10,2024-12-12,2024-12-14,2024-12-13,Delivered,911.1,5,5,0,1,South
O00283,C005,2024-11-10,2024-11-11,2024-11-17,2024-11-15,Delivered,817.12,4,4,0,1,Midwest
O00284,C009,2024-08-24,2024-08-27,2024-08-29,2024-08-28,Delivered,2728.05,13,13,0,1,West
O00285,C038,2024-01-20,2024-01-22,2024-01-25,2024-01-23,Delivered,1818.9,18,18,0,1,South
O00286,C034,2024-01-08,2024-01-09,2024-01-12,2024-01-10,Delivered,969.2,20,20,0,1,Midwest
O00287,C037,2024-12-01,,2024-12-08,,Placed,2743.79,19,0,0,1,Midwest
O00288,C034,2024-07-06,2024-07-09,2024-07-12,2024-07-09,Delivered,202.18,11,11,5,1,Midwest
O00289,C033,2024-06-26,2024-06-29,2024-06-30,2024-07-02,Delivered,931.04,11,11,0,1,West
O00290,C025,2024-04-21,2024-04-22,2024-04-28,2024-04-26,Delivered,704.1,6,6,2,1,Northeast
O00291,C011,2024-03-30,2024-04-01,2024-04-04,2024-04-02,Delivered,2618.85,17,17,7,1,Midwest
O00292,C030,2024-02-04,,2024-02-09,,Cancelled,255.36,14,0,0,1,South
O00293,C027,2024-07-13,2024-07-14,2024-07-19,,Shipped,2028.32,16,16,0,1,South
O00294,C025,2024-11-20,,2024-11-23,,Placed,1491.36,8,0,0,1,Northeast
O00295,C002,2024-05-03,2024-05-04,2024-05-06,2024-05-04,Delivered,850.24,8,8,0,1,Northeast
O00296,C017,2024-08-10,2024-08-11,2024-08-17,2024-08-17,Delivered,1360.08,18,18,0,1,South
O00297,C038,2024-06-01,2024-06-03,2024-06-06,2024-06-03,Delivered,1864.06,11,2,0,1,South
O00298,C003,2024-05-02,2024-05-03,2024-05-06,2024-05-06,Delivered,2088.54,18,18,0,1,South
O00299,C023,2024-10-14,2024-10-16,2024-10-21,,Shipped,4022.68,19,19,0,1,West
O00300,C010,2024-02-22,2024-02-24,2024-02-27,2024-02-27,Delivered,519.05,7,7,0,1,South
O00301,C036,2024-08-31,2024-09-02,2024-09-05,2024-09-05,Delivered,289.5,5,5,0,1,West
O00302,C031,2024-04-10,2024-04-13,2024-04-17,2024-04-13,Delivered,2797.01,17,17,0,1,Midwest
O00303,C040,2024-03-22,2024-03-24,2024-03-29,2024-03-28,Delivered,410.04,2,2,0,1,Midwest
O00304,C010,2024-08-28,2024-08-29,2024-09-01,2024-08-31,Delivered,1389.36,12,12,0,1,South
O00305,C023,2024-04-15,2024-04-17,2024-04-21,2024-04-20,Delivered,670.44,6,6,0,1,West
O00306,C033,2024-01-24,2024-01-27,2024-01-28,2024-01-27,Delivered,557.64,12,12,0,1,West
O00307,C010,2024-02-29,2024-03-03,2024-03-04,2024-03-06,Delivered,372.68,4,4,0,1,South
O00308,C007,2024-07-08,2024-07-11,2024-07-11,2024-07-11,Delivered,2967.61,19,19,0,1,Midwest
O00309,C001,2024-06-12,2024-06-14,2024-06-17,2024-06-16,Delivered,898.74,18,18,0,1,South
O00310,C002,2024-10-27,2024-10-29,2024-11-03,2024-10-29,Delivered,1090.65,5,5,0,1,Northeast
O00311,C027,2024-05-23,2024-05-24,2024-05-28,2024-05-24,Delivered,703.48,4,4,0,1,South
O00312,C008,2024-07-12,2024-07-15,2024-07-15,2024-07-15,Delivered,765.17,7,7,2,1,Northeast
O00313,C013,2024-10-21,2024-10-23,2024-10-26,2024-10-26,Delivered,355.68,4,4,4,1,South
O00314,C010,2024-01-13,2024-01-14,2024-01-19,,Shipped,587.49,3,3,0,1,South
O00315,C021,2024-08-31,2024-09-03,2024-09-05,2024-09-05,Delivered,2083.48,14,14,0,1,South
O00316,C021,2024-06-04,2024-06-05,2024-06-07,,Shipped,3054.24,14,14,0,1,South
O00317,C007,2024-02-23,2024-02-25,2024-02-26,2024-02-25,Delivered,1923.48,13,13,0,1,Midwest
O00318,C005,2024-02-02,2024-02-03,2024-02-08,2024-02-12,Delivered,1097.88,7,7,0,1,Midwest
O00319,C016,2024-09-04,2024-09-07,2024-09-07,2024-09-07,Delivered,942.75,5,5,0,1,West
O00320,C031,2024-09-25,2024-09-27,2024-09-29,2024-09-28,Delivered,551.4,20,20,0,1,Midwest
O00321,C032,2024-03-05,2024-03-06,2024-03-12,2024-03-09,Delivered,776.04,4,3,0,0,Northeast
O00322,C012,2024-03-29,,2024-04-03,,Placed,2467.52,16,0,0,1,Northeast
O00323,C012,2024-07-31,,2024-08-03,,Cancelled,3330.2,20,0,0,1,Northeast
O00324,C040,2024-01-20,2024-01-23,2024-01-25,2024-01-23,Delivered,2821.15,17,17,0,1,Midwest
O00325,C034,2024-05-03,2024-05-04,2024-05-09,2024-05-08,Delivered,912.0,10,2,0,1,Midwest
O00326,C031,2024-03-14,2024-03-15,2024-03-18,2024-03-18,Delivered,337.92,12,12,0,1,Midwest
O00327,C017,2024-04-21,,2024-04-26,,Placed,2407.68,16,0,0,1,South
O00328,C039,2024-05-30,2024-06-02,2024-06-02,2024-06-02,Delivered,1499.4,15,15,0,1,Midwest
O00329,C022,2024-10-21,2024-10-24,2024-10-26,2024-10-25,Delivered,134.58,6,6,0,1,South
O00330,C010,2024-11-03,2024-11-05,2024-11-07,2024-11-05,Delivered,370.35,3,1,0,1,South
O00331,C019,2024-07-10,2024-07-12,2024-07-14,2024-07-15,Delivered,1039.9,5,5,0,1,Midwest
O00332,C026,2024-07-31,2024-08-02,2024-08-05,2024-08-02,Delivered,4295.4,20,20,0,1,West
O00333,C013,2024-02-22,2024-02-23,2024-02-27,2024-02-26,Delivered,2960.0,20,19,0,1,South
O00334,C029,2024-06-29,2024-07-01,2024-07-04,2024-07-02,Delivered,140.31,3,3,0,1,Northeast
O00335,C029,2024-07-12,2024-07-15,2024-07-15,2024-07-15,Delivered,81.9,3,3,0,1,Northeast
O00336,C014,2024-08-31,2024-09-03,2024-09-05,2024-09-05,Delivered,1565.28,12,12,11,1,West
O00337,C010,2024-08-17,,2024-08-20,,Cancelled,3094.85,17,0,0,1,South
O00338,C009,2024-12-11,2024-12-13,2024-12-14,2024-12-21,Delivered,1222.5,15,15,0,1,West
O00339,C007,2024-03-06,,2024-03-09,,Placed,1343.36,16,0,0,1,Midwest
O00340,C021,2024-08-28,2024-08-29,2024-08-31,2024-08-31,Delivered,1416.59,7,7,0,1,South
O00341,C024,2024-11-19,2024-11-20,2024-11-24,2024-11-21,Delivered,2254.88,17,17,0,1,West
O00342,C006,2024-11-22,2024-11-24,2024-11-27,2024-11-27,Delivered,642.2,4,4,2,1,Northeast
O00343,C029,2024-07-30,2024-08-02,2024-08-02,2024-08-02,Delivered,54.88,2,2,0,1,Northeast
O00344,C022,2024-02-18,2024-02-20,2024-02-22,2024-02-28,Delivered,2014.92,18,18,0,1,South
O00345,C004,2024-08-11,2024-08-14,2024-08-16,2024-08-14,Delivered,193.92,6,6,0,1,South
O00346,C004,2024-03-31,2024-04-03,2024-04-04,,Shipped,1581.3,10,10,0,1,South
O00347,C031,2024-11-26,2024-11-28,2024-11-30,2024-11-29,Delivered,126.22,2,2,0,1,Midwest
O00348,C017,2024-02-19,2024-02-21,2024-02-23,,Shipped,831.0,6,6,0,0,South
O00349,C016,2024-05-10,2024-05-13,2024-05-14,2024-05-14,Delivered,479.25,3,3,0,0,West
O00350,C026,2024-03-23,2024-03-25,2024-03-30,2024-03-29,Delivered,1517.85,9,9,0,1,West
O00351,C037,2024-03-13,2024-03-15,2024-03-20,2024-03-16,Delivered,2983.16,17,17,0,1,Midwest
O00352,C007,2024-06-25,2024-06-27,2024-06-29,2024-06-29,Delivered,1107.04,17,17,0,1,Midwest
O00353,C017,2024-02-19,2024-02-20,2024-02-25,2024-02-26,Delivered,1488.34,7,7,0,1,South
O00354,C037,2024-01-03,2024-01-04,2024-01-09,2024-01-08,Delivered,968.0,16,16,0,1,Midwest
O00355,C031,2024-11-20,2024-11-22,2024-11-24,2024-11-27,Delivered,3051.15,15,15,0,1,Midwest
O00356,C039,2024-11-10,2024-11-12,2024-11-13,2024-11-12,Delivered,474.81,7,7,0,1,Midwest
O00357,C039,2024-04-11,2024-04-12,2024-04-17,2024-04-16,Delivered,1770.24,12,12,0,1,Midwest
O00358,C011,2024-07-26,2024-07-28,2024-08-01,2024-07-31,Delivered,477.0,10,10,0,1,Midwest
O00359,C007,2024-10-07,2024-10-08,2024-10-11,2024-10-10,Delivered,109.14,2,2,0,1,Midwest
O00360,C038,2024-03-22,2024-03-23,2024-03-29,2024-03-23,Delivered,2280.32,14,14,0,1,South
O00361,C032,2024-01-06,2024-01-09,2024-01-10,2024-01-09,Delivered,280.5,10,10,0,1,Northeast
O00362,C029,2024-04-13,2024-04-15,2024-04-16,2024-04-15,Delivered,350.16,4,4,1,1,Northeast
O00363,C032,2024-11-15,,2024-11-20,,Cancelled,1488.9,7,0,0,1,Northeast
O00364,C038,2024-02-19,2024-02-20,2024-02-22,2024-02-20,Delivered,2348.7,15,15,0,0,South
O00365,C027,2024-08-22,,2024-08-25,,Cancelled,2309.85,15,0,0,1,South
O00366,C014,2024-01-15,2024-01-16,2024-01-18,2024-01-17,Delivered,286.02,18,18,0,1,West
O00367,C002,2024-01-21,2024-01-22,2024-01-28,2024-01-23,Delivered,384.28,2,2,0,1,Northeast
O00368,C020,2024-09-01,2024-09-03,2024-09-05,2024-09-03,Delivered,1674.14,13,13,0,1,Northeast
O00369,C033,2024-11-15,,2024-11-21,,Placed,1305.46,13,0,0,1,West
O00370,C004,2024-01-02,2024-01-04,2024-01-06,2024-01-05,Delivered,69.1,2,2,0,1,South
O00371,C035,2024-09-18,2024-09-19,2024-09-22,2024-09-20,Delivered,580.16,8,8,0,1,West
O00372,C008,2024-02-18,2024-02-19,2024-02-24,2024-02-22,Delivered,933.98,17,17,0,1,Northeast
O00373,C015,2024-02-04,2024-02-05,2024-02-09,2024-02-11,Delivered,842.36,4,4,0,1,Northeast
O00374,C029,2024-11-16,2024-11-17,2024-11-22,2024-11-19,Delivered,774.12,6,6,0,1,Northeast
O00375,C021,2024-07-12,2024-07-13,2024-07-17,2024-07-17,Delivered,135.9,6,6,1,1,South
O00376,C004,2024-02-25,2024-02-27,2024-03-02,2024-02-28,Delivered,84.43,1,1,0,1,South
O00377,C039,2024-11-23,2024-11-25,2024-11-30,2024-11-27,Delivered,642.12,4,4,0,1,Midwest
O00378,C022,2024-11-28,2024-11-29,2024-12-01,2024-11-29,Delivered,715.1,10,10,0,1,South
O00379,C026,2024-01-14,2024-01-16,2024-01-17,2024-01-16,Delivered,1626.9,10,10,0,1,West
O00380,C039,2024-11-29,2024-11-30,2024-12-04,2024-12-05,Delivered,624.63,3,3,3,1,Midwest
O00381,C037,2024-01-22,2024-01-23,2024-01-26,2024-01-26,Delivered,29.67,1,1,0,1,Midwest
O00382,C020,2024-01-23,2024-01-26,2024-01-26,2024-01-26,Delivered,488.1,15,5,0,1,Northeast
O00383,C023,2024-07-29,2024-08-01,2024-08-02,2024-08-02,Delivered,3213.0,17,17,2,1,West
O00384,C010,2024-06-06,2024-06-08,2024-06-10,2024-06-10,Delivered,1372.28,7,7,0,1,South
O00385,C033,2024-03-07,2024-03-10,2024-03-10,2024-03-10,Delivered,1780.8,10,10,6,1,West
O00386,C005,2024-11-08,2024-11-10,2024-11-11,2024-11-10,Delivered,440.25,5,5,0,1,Midwest
O00387,C027,2024-03-03,2024-03-05,2024-03-07,2024-03-06,Delivered,1431.18,18,18,0,1,South
O00388,C006,2024-01-01,2024-01-04,2024-01-08,2024-01-07,Delivered,872.1,18,18,0,1,Northeast
O00389,C037,2024-04-13,2024-04-16,2024-04-20,2024-04-20,Delivered,612.27,3,3,0,1,Midwest
O00390,C022,2024-07-01,2024-07-02,2024-07-06,2024-07-06,Delivered,2847.96,18,18,17,0,South
O00391,C030,2024-02-08,2024-02-10,2024-02-11,2024-02-17,Delivered,407.54,14,14,0,1,South
O00392,C017,2024-06-29,2024-07-02,2024-07-03,2024-07-03,Delivered,214.02,6,6,0,1,South
O00393,C025,2024-03-21,2024-03-22,2024-03-26,2024-03-26,Delivered,347.75,13,13,0,1,Northeast
O00394,C014,2024-02-23,2024-02-26,2024-02-27,2024-02-27,Delivered,2145.99,11,11,0,1,West
O00395,C018,2024-03-27,2024-03-29,2024-04-02,2024-03-30,Delivered,164.8,2,1,0,1,West
O00396,C002,2024-01-15,2024-01-16,2024-01-22,,Shipped,672.16,8,8,0,1,Northeast
O00397,C028,2024-11-23,2024-11-25,2024-11-30,2024-12-07,Delivered,258.4,17,3,0,1,Midwest
O00398,C002,2024-01-08,2024-01-10,2024-01-11,2024-01-10,Delivered,2829.76,16,16,0,1,Northeast
O00399,C016,2024-04-15,,2024-04-20,,Cancelled,735.28,7,0,0,1,West
O00400,C021,2024-06-05,2024-06-08,2024-06-11,2024-06-15,Delivered,1539.6,12,12,0,1,South
O00401,C012,2024-06-03,2024-06-05,2024-06-07,,Shipped,1956.15,15,15,0,1,Northeast
O00402,C028,2024-04-16,2024-04-18,2024-04-22,2024-04-22,Delivered,1762.8,13,12,0,1,Midwest
O00403,C010,2024-09-07,2024-09-10,2024-09-13,2024-09-11,Delivered,3041.76,16,16,0,0,South
O00404,C002,2024-07-16,2024-07-18,2024-07-22,2024-07-24,Delivered,1546.8,10,10,0,1,Northeast
O00405,C018,2024-11-16,2024-11-17,2024-11-23,2024-11-27,Delivered,804.64,16,16,0,1,West
O00406,C024,2024-05-12,2024-05-15,2024-05-18,2024-05-15,Delivered,409.86,11,11,1,1,West
O00407,C019,2024-01-02,2024-01-05,2024-01-05,2024-01-05,Delivered,370.8,6,6,0,1,Midwest
O00408,C030,2024-07-08,2024-07-10,2024-07-13,2024-07-11,Delivered,1487.7,18,18,0,1,South
O00409,C019,2024-10-28,2024-10-29,2024-11-03,2024-11-06,Delivered,1457.28,12,12,0,1,Midwest
O00410,C018,2024-06-28,2024-07-01,2024-07-03,2024-07-05,Delivered,3006.3,15,15,0,1,West
O00411,C023,2024-10-19,2024-10-20,2024-10-23,2024-10-21,Delivered,306.53,7,7,0,1,West
O00412,C017,2024-03-30,2024-04-01,2024-04-05,2024-04-11,Delivered,2579.7,15,15,0,1,South
O00413,C040,2024-05-16,2024-05-18,2024-05-19,2024-05-19,Delivered,749.8,10,10,5,1,Midwest
O00414,C040,2024-07-16,2024-07-19,2024-07-23,,Shipped,733.95,7,7,0,1,Midwest
O00415,C001,2024-06-23,,2024-06-30,,Placed,79.1,5,0,0,1,South
O00416,C021,2024-02-19,2024-02-21,2024-02-23,2024-02-28,Delivered,306.4,5,5,0,1,South
O00417,C023,2024-08-30,2024-08-31,2024-09-04,2024-09-04,Delivered,645.76,8,8,0,1,West
O00418,C017,2024-08-21,2024-08-24,2024-08-25,,Shipped,1834.2,12,12,0,1,South
O00419,C026,2024-09-20,2024-09-22,2024-09-27,2024-09-26,Delivered,2172.0,16,9,0,1,West
O00420,C026,2024-04-06,2024-04-08,2024-04-12,2024-04-08,Delivered,51.17,1,1,0,1,West
O00421,C018,2024-10-26,2024-10-28,2024-11-01,2024-10-29,Delivered,470.4,6,6,0,1,West
O00422,C027,2024-11-02,2024-11-04,2024-11-07,2024-11-07,Delivered,402.42,2,2,0,1,South
O00423,C014,2024-02-14,2024-02-17,2024-02-21,2024-02-20,Delivered,710.32,8,8,0,1,West
O00424,C015,2024-04-22,2024-04-23,2024-04-29,2024-04-28,Delivered,311.16,12,12,0,1,Northeast
O00425,C031,2024-02-02,,2024-02-07,,Cancelled,987.7,7,0,0,1,Midwest
O00426,C015,2024-05-13,2024-05-16,2024-05-19,2024-05-18,Delivered,33.91,1,1,1,1,Northeast
O00427,C020,2024-01-09,2024-01-11,2024-01-12,,Shipped,585.27,9,9,0,0,Northeast
O00428,C023,2024-01-29,2024-02-01,2024-02-01,2024-02-01,Delivered,525.0,5,5,0,1,West
O00429,C024,2024-09-20,2024-09-22,2024-09-27,,Shipped,2964.6,18,18,0,1,West
O00430,C033,2024-02-27,2024-03-01,2024-03-04,2024-03-09,Delivered,1448.02,14,14,0,1,West
O00431,C010,2024-02-05,,2024-02-11,,Placed,662.85,5,0,0,1,South
O00432,C037,2024-08-18,2024-08-21,2024-08-23,2024-08-22,Delivered,1009.2,15,15,0,1,Midwest
O00433,C009,2024-01-10,2024-01-11,2024-01-17,2024-01-15,Delivered,161.99,1,1,1,1,West
O00434,C009,2024-09-16,2024-09-19,2024-09-21,2024-09-19,Delivered,440.96,4,4,0,1,West
O00435,C038,2024-02-22,2024-02-23,2024-02-29,2024-02-28,Delivered,593.82,9,4,0,1,South
O00436,C012,2024-08-08,,2024-08-14,,Cancelled,2936.26,19,0,0,1,Northeast
O00437,C027,2024-10-12,2024-10-14,2024-10-17,2024-10-14,Delivered,2550.56,16,16,0,1,South
O00438,C012,2024-11-21,2024-11-22,2024-11-26,2024-11-26,Delivered,1026.05,5,5,0,1,Northeast
O00439,C028,2024-04-23,2024-04-24,2024-04-26,2024-04-25,Delivered,130.28,1,1,0,1,Midwest
O00440,C006,2024-01-06,2024-01-07,2024-01-10,2024-01-07,Delivered,257.65,5,5,0,1,Northeast
O00441,C011,2024-10-05,2024-10-06,2024-10-12,2024-10-06,Delivered,1567.56,12,12,0,1,Midwest
O00442,C006,2024-08-27,2024-08-28,2024-09-03,2024-08-30,Delivered,2442.73,17,9,0,1,Northeast
O00443,C011,2024-10-07,2024-10-09,2024-10-14,2024-10-09,Delivered,1849.77,13,13,0,1,Midwest
O00444,C018,2024-12-09,2024-12-10,2024-12-12,2024-12-10,Delivered,1394.28,9,9,0,1,West
O00445,C039,2024-05-10,2024-05-11,2024-05-16,2024-05-16,Delivered,803.88,11,11,0,1,Midwest
O00446,C016,2024-04-01,2024-04-03,2024-04-05,2024-04-05,Delivered,479.34,3,3,0,1,West
O00447,C028,2024-03-17,2024-03-19,2024-03-24,2024-03-24,Delivered,406.56,6,6,0,1,Midwest
O00448,C009,2024-10-12,,2024-10-15,,Cancelled,200.2,13,0,0,1,West
O00449,C017,2024-02-24,2024-02-26,2024-03-02,2024-02-27,Delivered,2755.36,17,17,17,1,South
O00450,C024,2024-12-10,,2024-12-13,,Placed,1142.91,17,0,0,1,West
O00451,C021,2024-02-19,2024-02-22,2024-02-26,2024-02-26,Delivered,1711.5,14,14,0,1,South
O00452,C022,2024-03-08,2024-03-09,2024-03-13,2024-03-11,Delivered,478.5,3,3,0,1,South
O00453,C022,2024-07-09,2024-07-12,2024-07-15,2024-07-15,Delivered,1908.76,17,17,0,1,South
O00454,C037,2024-07-09,2024-07-12,2024-07-13,2024-07-13,Delivered,835.24,14,14,0,1,Midwest
O00455,C010,2024-07-06,2024-07-08,2024-07-12,2024-07-10,Delivered,3426.18,17,17,0,1,South
O00456,C003,2024-04-01,2024-04-04,2024-04-06,2024-04-04,Delivered,819.21,7,1,0,1,South
O00457,C025,2024-03-15,2024-03-16,2024-03-22,2024-03-27,Delivered,2917.95,15,15,0,1,Northeast
O00458,C038,2024-02-09,2024-02-12,2024-02-12,2024-02-12,Delivered,1045.6,5,5,0,1,South
O00459,C006,2024-08-30,2024-09-01,2024-09-06,2024-09-03,Delivered,201.12,6,6,0,1,Northeast
O00460,C023,2024-02-20,2024-02-22,2024-02-27,2024-02-27,Delivered,337.15,11,3,2,1,West
O00461,C024,2024-06-02,2024-06-03,2024-06-05,2024-06-06,Delivered,1095.36,12,12,0,1,West
O00462,C036,2024-12-07,2024-12-08,2024-12-12,2024-12-11,Delivered,731.97,9,2,0,1,West
O00463,C014,2024-08-13,2024-08-16,2024-08-19,2024-08-19,Delivered,1223.6,19,19,0,1,West
O00464,C007,2024-03-25,2024-03-26,2024-03-31,2024-03-29,Delivered,4112.0,20,9,0,1,Midwest
O00465,C039,2024-01-31,2024-02-02,2024-02-04,2024-02-07,Delivered,819.6,15,15,0,1,Midwest
O00466,C028,2024-08-19,,2024-08-25,,Placed,1197.3,10,0,0,1,Midwest
O00467,C008,2024-05-03,2024-05-04,2024-05-09,2024-05-06,Delivered,525.46,13,13,0,1,Northeast
O00468,C036,2024-06-03,2024-06-06,2024-06-08,2024-06-07,Delivered,3272.8,16,16,0,1,West
O00469,C004,2024-09-07,2024-09-09,2024-09-12,2024-09-10,Delivered,2416.23,19,19,0,1,South
O00470,C005,2024-05-17,,2024-05-22,,Cancelled,2707.25,17,0,0,1,Midwest
O00471,C031,2024-02-26,2024-02-28,2024-03-02,2024-02-29,Delivered,2121.24,12,12,0,1,Midwest
O00472,C017,2024-08-13,2024-08-16,2024-08-19,2024-08-17,Delivered,188.64,9,9,0,1,South
O00473,C007,2024-05-08,2024-05-10,2024-05-12,2024-05-11,Delivered,470.88,6,6,5,1,Midwest
O00474,C008,2024-06-15,2024-06-18,2024-06-18,2024-06-18,Delivered,638.64,12,12,0,1,Northeast
O00475,C014,2024-08-27,2024-08-29,2024-09-01,2024-08-31,Delivered,2850.95,19,19,0,1,West
O00476,C003,2024-09-11,2024-09-13,2024-09-16,2024-09-16,Delivered,1537.67,19,19,0,1,South
O00477,C035,2024-07-24,2024-07-27,2024-07-28,2024-07-28,Delivered,2054.34,18,18,0,1,West
O00478,C025,2024-02-23,2024-02-25,2024-02-26,2024-02-26,Delivered,1965.48,11,11,0,1,Northeast
O00479,C006,2024-06-26,2024-06-29,2024-06-30,2024-06-30,Delivered,190.47,1,1,1,1,Northeast
O00480,C003,2024-05-13,2024-05-14,2024-05-18,2024-05-17,Delivered,214.0,10,10,0,1,South
O00481,C014,2024-06-01,2024-06-03,2024-06-06,2024-06-05,Delivered,163.0,10,9,0,1,West
O00482,C021,2024-07-02,2024-07-04,2024-07-09,2024-07-06,Delivered,264.08,4,3,0,1,South
O00483,C009,2024-09-03,2024-09-04,2024-09-07,2024-09-06,Delivered,3535.2,20,20,0,1,West
O00484,C008,2024-09-10,2024-09-12,2024-09-16,2024-09-16,Delivered,342.84,3,3,3,1,Northeast
O00485,C020,2024-03-23,2024-03-25,2024-03-26,2024-03-25,Delivered,3727.2,20,20,0,1,Northeast
O00486,C036,2024-11-08,2024-11-11,2024-11-11,2024-11-11,Delivered,73.38,2,2,0,1,West
O00487,C028,2024-01-22,2024-01-23,2024-01-27,2024-01-24,Delivered,1425.15,9,9,0,1,Midwest
O00488,C004,2024-08-24,,2024-08-28,,Cancelled,310.66,2,0,0,1,South
O00489,C019,2024-03-04,2024-03-07,2024-03-08,2024-03-07,Delivered,46.33,1,1,0,1,Midwest
O00490,C017,2024-03-30,2024-04-01,2024-04-05,2024-04-05,Delivered,3302.6,20,15,0,1,South
O00491,C035,2024-08-06,2024-08-09,2024-08-12,2024-08-10,Delivered,2252.8,20,20,18,1,West
O00492,C040,2024-03-09,2024-03-10,2024-03-15,2024-03-11,Delivered,777.24,17,17,10,1,Midwest
O00493,C019,2024-06-24,2024-06-27,2024-07-01,2024-06-30,Delivered,2363.64,12,12,0,1,Midwest
O00494,C021,2024-06-22,2024-06-25,2024-06-29,2024-06-30,Delivered,219.64,1,1,1,1,South
O00495,C009,2024-06-26,2024-06-27,2024-07-01,,Shipped,2853.0,18,17,0,1,West
O00496,C015,2024-09-29,,2024-10-02,,Placed,3828.69,19,0,0,1,Northeast
O00497,C007,2024-12-14,,2024-12-18,,Cancelled,613.51,19,0,0,1,Midwest
O00498,C025,2024-03-31,2024-04-02,2024-04-03,2024-04-03,Delivered,2895.36,16,16,0,1,Northeast
O00499,C022,2024-10-13,2024-10-16,2024-10-18,2024-10-16,Delivered,347.24,4,1,0,1,South
O00500,C001,2024-08-06,2024-08-09,2024-08-09,2024-08-15,Delivered,748.11,11,9,0,1,South
O00501,C032,2024-09-20,2024-09-22,2024-09-24,,Shipped,2694.2,19,15,0,1,Northeast
O00502,C009,2024-04-22,2024-04-25,2024-04-25,2024-04-25,Delivered,1629.36,8,8,0,1,West
O00503,C002,2024-10-20,2024-10-23,2024-10-26,2024-10-25,Delivered,40.22,2,2,0,1,Northeast
O00504,C004,2024-03-22,,2024-03-27,,Cancelled,2580.6,15,0,0,1,South
O00505,C019,2024-11-02,2024-11-05,2024-11-08,,Shipped,577.5,11,11,0,0,Midwest
O00506,C003,2024-06-20,2024-06-23,2024-06-27,2024-06-26,Delivered,1428.3,18,18,0,1,South
O00507,C022,2024-11-07,2024-11-08,2024-11-14,2024-11-08,Delivered,1349.28,12,12,0,1,South
O00508,C012,2024-05-21,2024-05-23,2024-05-26,2024-05-28,Delivered,946.01,19,19,0,1,Northeast
O00509,C002,2024-09-27,2024-09-29,2024-10-01,2024-10-01,Delivered,938.05,5,5,0,1,Northeast
O00510,C029,2024-07-06,2024-07-08,2024-07-10,2024-07-09,Delivered,893.7,6,6,0,1,Northeast
O00511,C031,2024-10-22,2024-10-25,2024-10-28,2024-10-27,Delivered,303.68,16,16,0,1,Midwest
O00512,C037,2024-05-09,2024-05-11,2024-05-16,2024-05-16,Delivered,257.2,10,10,0,1,Midwest
O00513,C032,2024-11-23,2024-11-25,2024-11-26,2024-11-25,Delivered,1085.28,14,14,0,1,Northeast
O00514,C024,2024-07-08,2024-07-09,2024-07-11,2024-07-09,Delivered,63.36,3,3,0,1,West
O00515,C015,2024-01-02,2024-01-03,2024-01-07,,Shipped,606.08,8,8,0,0,Northeast
O00516,C012,2024-04-19,,2024-04-22,,Placed,674.64,18,0,0,1,Northeast
O00517,C037,2024-06-08,2024-06-11,2024-06-14,2024-06-11,Delivered,1029.76,8,8,0,1,Midwest
O00518,C014,2024-07-03,2024-07-04,2024-07-07,2024-07-04,Delivered,943.11,7,7,0,1,West
O00519,C009,2024-12-04,2024-12-06,2024-12-10,2024-12-15,Delivered,195.72,4,4,0,1,West
O00520,C001,2024-08-14,2024-08-16,2024-08-17,2024-08-21,Delivered,149.19,1,1,0,1,South
O00521,C036,2024-08-09,2024-08-11,2024-08-16,2024-08-12,Delivered,3075.36,16,16,0,1,West
O00522,C040,2024-07-02,,2024-07-09,,Cancelled,665.64,18,0,0,1,Midwest
O00523,C001,2024-04-04,2024-04-05,2024-04-07,2024-04-07,Delivered,930.0,8,8,0,0,South
O00524,C032,2024-06-09,2024-06-12,2024-06-12,2024-06-12,Delivered,298.17,3,3,0,1,Northeast
O00525,C008,2024-10-26,2024-10-27,2024-11-02,2024-11-02,Delivered,918.84,12,12,3,1,Northeast
O00526,C022,2024-05-24,2024-05-25,2024-05-31,,Shipped,2645.44,16,16,0,1,South
O00527,C023,2024-10-20,2024-10-23,2024-10-24,2024-10-23,Delivered,1120.14,14,14,0,1,West
O00528,C004,2024-05-26,2024-05-28,2024-06-02,2024-06-02,Delivered,74.94,3,1,0,1,South
O00529,C029,2024-12-08,2024-12-09,2024-12-12,2024-12-09,Delivered,439.02,6,6,0,0,Northeast
O00530,C007,2024-09-17,2024-09-19,2024-09-24,2024-09-23,Delivered,320.32,16,16,0,1,Midwest
O00531,C004,2024-02-25,2024-02-27,2024-03-01,2024-03-05,Delivered,316.68,14,14,0,1,South
O00532,C029,2024-05-07,2024-05-10,2024-05-12,2024-05-10,Delivered,3117.46,17,17,0,0,Northeast
O00533,C038,2024-10-23,2024-10-24,2024-10-29,2024-11-02,Delivered,3453.2,20,20,0,1,South
O00534,C035,2024-06-22,2024-06-23,2024-06-29,2024-06-29,Delivered,874.8,15,15,0,1,West
O00535,C019,2024-08-05,,2024-08-09,,Cancelled,2823.4,19,0,0,1,Midwest
O00536,C015,2024-09-01,2024-09-04,2024-09-07,,Shipped,417.55,7,7,0,1,Northeast
O00537,C005,2024-05-30,2024-06-01,2024-06-03,2024-06-02,Delivered,1218.6,15,15,0,1,Midwest
O00538,C018,2024-04-08,,2024-04-12,,Placed,3190.72,16,0,0,1,West
O00539,C026,2024-06-25,2024-06-28,2024-06-28,2024-06-28,Delivered,497.04,6,6,0,1,West
O00540,C025,2024-04-23,2024-04-26,2024-04-28,2024-04-27,Delivered,155.22,6,6,0,1,Northeast
O00541,C005,2024-01-01,2024-01-03,2024-01-04,2024-01-04,Delivered,709.5,10,10,0,1,Midwest
O00542,C009,2024-10-21,2024-10-23,2024-10-26,2024-10-24,Delivered,688.67,17,17,0,1,West
O00543,C019,2024-02-24,,2024-02-28,,Placed,1515.22,14,0,0,1,Midwest
O00544,C007,2024-01-29,2024-02-01,2024-02-03,2024-02-02,Delivered,2174.76,12,12,0,1,Midwest
O00545,C040,2024-01-13,2024-01-14,2024-01-20,2024-01-21,Delivered,265.02,6,6,0,0,Midwest
O00546,C038,2024-01-17,2024-01-18,2024-01-21,2024-01-24,Delivered,3509.92,16,16,0,1,South
O00547,C001,2024-06-13,2024-06-15,2024-06-19,2024-06-16,Delivered,950.9,5,5,0,1,South
O00548,C036,2024-09-27,2024-09-30,2024-10-02,2024-10-01,Delivered,1703.4,20,20,0,1,West
O00549,C018,2024-02-28,2024-02-29,2024-03-02,2024-03-01,Delivered,457.94,7,7,0,1,West
O00550,C017,2024-07-25,2024-07-26,2024-07-28,2024-07-27,Delivered,1172.49,11,11,0,1,South
O00551,C029,2024-10-07,2024-10-08,2024-10-11,2024-10-09,Delivered,594.36,6,6,0,1,Northeast
O00552,C016,2024-09-17,2024-09-18,2024-09-23,2024-09-21,Delivered,586.6,14,14,0,1,West
O00553,C023,2024-01-25,2024-01-27,2024-01-29,2024-01-29,Delivered,141.51,1,1,0,1,West
O00554,C008,2024-06-17,2024-06-19,2024-06-24,2024-06-24,Delivered,1901.9,19,18,0,1,Northeast
O00555,C021,2024-10-16,2024-10-17,2024-10-21,2024-10-17,Delivered,2100.84,14,14,0,1,South
O00556,C026,2024-08-14,2024-08-15,2024-08-17,2024-08-17,Delivered,577.03,19,19,0,1,West
O00557,C027,2024-08-15,,2024-08-22,,Placed,1066.1,5,0,0,1,South
O00558,C024,2024-11-27,2024-11-30,2024-12-04,2024-12-03,Delivered,645.75,15,15,0,1,West
O00559,C011,2024-06-24,2024-06-25,2024-06-28,2024-06-25,Delivered,2264.8,20,20,5,1,Midwest
O00560,C013,2024-06-10,2024-06-13,2024-06-15,2024-06-14,Delivered,1678.92,17,17,0,1,South
O00561,C035,2024-06-26,2024-06-27,2024-06-30,2024-06-27,Delivered,346.94,19,19,0,1,West
O00562,C018,2024-04-05,2024-04-06,2024-04-10,2024-04-08,Delivered,1390.34,14,14,0,1,West
O00563,C008,2024-07-26,2024-07-27,2024-07-29,2024-07-27,Delivered,1000.38,6,6,0,0,Northeast
O00564,C033,2024-02-24,2024-02-27,2024-02-27,2024-02-27,Delivered,1284.48,18,18,0,1,West
O00565,C018,2024-05-29,2024-05-30,2024-06-01,2024-05-30,Delivered,164.93,1,1,0,1,West
O00566,C038,2024-08-27,2024-08-28,2024-09-02,2024-09-02,Delivered,1423.32,12,12,0,1,South
O00567,C027,2024-07-28,2024-07-30,2024-08-01,2024-07-30,Delivered,726.2,5,5,0,1,South
O00568,C024,2024-04-11,2024-04-14,2024-04-16,2024-04-16,Delivered,1133.28,12,12,0,1,West
O00569,C025,2024-09-01,2024-09-02,2024-09-08,,Shipped,2677.16,17,17,0,1,Northeast
O00570,C013,2024-03-19,2024-03-22,2024-03-26,2024-03-25,Delivered,420.54,6,6,0,1,South
O00571,C029,2024-10-03,2024-10-06,2024-10-09,2024-10-16,Delivered,518.8,10,10,0,1,Northeast
O00572,C010,2024-08-26,2024-08-27,2024-08-31,2024-08-28,Delivered,552.25,5,5,0,1,South
O00573,C005,2024-08-21,2024-08-23,2024-08-26,2024-08-23,Delivered,1802.72,19,19,0,1,Midwest
O00574,C034,2024-03-16,2024-03-18,2024-03-22,2024-03-21,Delivered,737.7,10,10,0,1,Midwest
O00575,C026,2024-02-23,2024-02-25,2024-02-29,2024-02-25,Delivered,1155.92,8,8,0,0,West
O00576,C038,2024-07-04,2024-07-07,2024-07-09,2024-07-08,Delivered,2984.01,17,17,0,1,South
O00577,C036,2024-12-08,2024-12-10,2024-12-14,2024-12-11,Delivered,955.15,5,5,0,1,West
O00578,C003,2024-06-18,2024-06-19,2024-06-23,2024-06-20,Delivered,84.45,5,5,0,0,South
O00579,C033,2024-01-25,2024-01-27,2024-01-28,,Shipped,940.38,7,7,0,1,West
O00580,C017,2024-09-25,,2024-10-02,,Placed,182.73,3,0,0,1,South
O00581,C037,2024-08-14,2024-08-15,2024-08-18,2024-08-20,Delivered,416.15,5,5,1,1,Midwest
O00582,C014,2024-10-25,2024-10-26,2024-10-29,2024-10-26,Delivered,2056.2,15,15,0,1,West
O00583,C014,2024-03-17,2024-03-20,2024-03-22,2024-03-20,Delivered,688.24,14,14,0,1,West
O00584,C033,2024-05-20,2024-05-23,2024-05-24,2024-05-24,Delivered,284.45,5,5,0,1,West
O00585,C020,2024-07-28,,2024-08-04,,Placed,1684.71,9,0,0,1,Northeast
O00586,C022,2024-11-02,2024-11-05,2024-11-07,2024-11-06,Delivered,1818.57,13,13,12,1,South
O00587,C035,2024-01-24,2024-01-26,2024-01-27,2024-02-03,Delivered,389.41,7,7,0,1,West
O00588,C031,2024-03-17,2024-03-19,2024-03-20,2024-03-20,Delivered,784.68,12,12,0,1,Midwest
O00589,C007,2024-10-08,2024-10-10,2024-10-12,2024-10-12,Delivered,396.6,10,10,0,1,Midwest
O00590,C022,2024-06-26,2024-06-27,2024-06-29,2024-06-29,Delivered,1153.8,15,15,0,1,South
O00591,C025,2024-05-15,2024-05-16,2024-05-19,2024-05-24,Delivered,683.6,8,8,0,1,Northeast
O00592,C009,2024-06-14,2024-06-17,2024-06-17,2024-06-17,Delivered,964.44,19,19,0,1,West
O00593,C004,2024-05-24,2024-05-27,2024-05-29,2024-05-27,Delivered,3314.56,16,16,0,1,South
O00594,C005,2024-12-13,2024-12-15,2024-12-16,2024-12-16,Delivered,1762.92,12,12,11,1,Midwest
O00595,C025,2024-09-16,2024-09-17,2024-09-23,2024-09-19,Delivered,1333.08,18,18,0,1,Northeast
O00596,C025,2024-04-28,2024-05-01,2024-05-05,2024-05-04,Delivered,138.3,1,1,0,0,Northeast
O00597,C025,2024-02-07,2024-02-09,2024-02-12,2024-02-16,Delivered,377.28,16,16,0,1,Northeast
O00598,C040,2024-11-20,2024-11-22,2024-11-23,2024-11-23,Delivered,1359.89,7,7,0,0,Midwest
O00599,C010,2024-09-05,2024-09-06,2024-09-11,2024-09-17,Delivered,2466.36,12,12,0,1,South
O00600,C020,2024-09-25,2024-09-26,2024-09-29,2024-09-27,Delivered,336.48,3,3,0,0,Northeast
O00601,C013,2024-04-17,2024-04-20,2024-04-22,2024-04-20,Delivered,4152.0,20,20,0,1,South
O00602,C030,2024-04-13,2024-04-14,2024-04-19,2024-04-18,Delivered,2913.66,18,18,4,1,South
O00603,C010,2024-03-08,2024-03-10,2024-03-14,2024-03-13,Delivered,123.3,1,1,1,0,South
O00604,C005,2024-10-29,2024-10-30,2024-11-02,2024-11-01,Delivered,198.46,1,1,0,1,Midwest
O00605,C005,2024-11-03,2024-11-06,2024-11-06,2024-11-06,Delivered,1712.4,20,20,0,1,Midwest
O00606,C031,2024-04-13,2024-04-14,2024-04-18,2024-04-18,Delivered,333.84,13,13,0,0,Midwest
O00607,C019,2024-02-19,,2024-02-26,,Placed,748.93,7,0,0,1,Midwest
O00608,C017,2024-03-25,2024-03-26,2024-03-29,2024-03-27,Delivered,281.05,7,7,0,1,South
O00609,C005,2024-10-05,2024-10-06,2024-10-10,2024-10-12,Delivered,109.12,2,2,0,1,Midwest
O00610,C017,2024-09-22,2024-09-23,2024-09-28,2024-09-28,Delivered,556.2,15,15,0,1,South
O00611,C012,2024-11-10,2024-11-12,2024-11-14,2024-11-12,Delivered,2149.56,18,18,9,1,Northeast
O00612,C016,2024-03-31,2024-04-03,2024-04-03,2024-04-03,Delivered,3307.18,17,17,0,1,West
O00613,C025,2024-04-25,2024-04-28,2024-04-30,2024-05-03,Delivered,1629.72,18,13,0,1,Northeast
O00614,C019,2024-11-29,2024-12-01,2024-12-05,,Shipped,3442.32,18,18,0,1,Midwest
O00615,C016,2024-11-20,2024-11-23,2024-11-26,2024-11-26,Delivered,2535.72,12,12,0,1,West
O00616,C008,2024-03-03,2024-03-04,2024-03-09,2024-03-12,Delivered,2515.14,18,18,0,1,Northeast
O00617,C027,2024-12-11,,2024-12-16,,Cancelled,894.01,13,0,0,1,South
O00618,C010,2024-10-17,2024-10-19,2024-10-20,2024-10-19,Delivered,327.64,2,2,0,0,South
O00619,C040,2024-12-01,2024-12-03,2024-12-04,2024-12-03,Delivered,531.52,8,8,4,1,Midwest
O00620,C004,2024-11-16,2024-11-19,2024-11-19,2024-11-19,Delivered,294.57,9,9,0,0,South
O00621,C026,2024-11-17,,2024-11-23,,Placed,1367.68,16,0,0,1,West
O00622,C018,2024-07-22,2024-07-23,2024-07-28,2024-07-27,Delivered,287.82,6,6,0,1,West
O00623,C027,2024-03-23,2024-03-24,2024-03-27,2024-03-26,Delivered,2703.26,14,14,0,1,South
O00624,C029,2024-02-14,2024-02-17,2024-02-20,2024-02-23,Delivered,1694.0,10,10,0,1,Northeast
O00625,C038,2024-04-24,2024-04-27,2024-04-29,2024-04-30,Delivered,882.84,6,5,0,1,South
O00626,C010,2024-05-29,2024-05-31,2024-06-02,,Shipped,1275.52,16,16,0,0,South
O00627,C006,2024-07-25,2024-07-28,2024-07-30,2024-07-28,Delivered,741.4,11,11,0,1,Northeast
O00628,C009,2024-11-10,2024-11-11,2024-11-16,2024-11-12,Delivered,1048.32,6,6,0,1,West
O00629,C038,2024-06-01,,2024-06-05,,Cancelled,103.92,1,0,0,1,South
O00630,C019,2024-08-03,2024-08-04,2024-08-08,2024-08-07,Delivered,936.06,6,3,0,1,Midwest
O00631,C005,2024-07-11,2024-07-14,2024-07-15,2024-07-14,Delivered,727.5,15,15,0,1,Midwest
O00632,C024,2024-03-06,2024-03-07,2024-03-12,2024-03-12,Delivered,321.15,15,15,0,1,West
O00633,C031,2024-10-01,,2024-10-04,,Placed,147.43,1,0,0,1,Midwest
O00634,C037,2024-11-27,,2024-12-01,,Placed,2349.57,17,0,0,1,Midwest
O00635,C001,2024-05-04,2024-05-06,2024-05-07,2024-05-07,Delivered,922.68,9,9,0,1,South
O00636,C031,2024-02-24,2024-02-25,2024-02-27,2024-02-27,Delivered,548.49,3,3,0,1,Midwest
O00637,C030,2024-07-06,2024-07-08,2024-07-12,2024-07-11,Delivered,1194.84,9,9,0,1,South
O00638,C001,2024-08-13,2024-08-15,2024-08-18,2024-08-15,Delivered,621.96,4,4,0,1,South
O00639,C006,2024-10-04,2024-10-06,2024-10-09,2024-10-09,Delivered,104.43,3,2,0,1,Northeast
O00640,C028,2024-11-17,2024-11-19,2024-11-21,2024-11-19,Delivered,2417.47,11,1,0,1,Midwest
O00641,C011,2024-11-14,2024-11-16,2024-11-20,2024-11-19,Delivered,1790.64,18,18,0,1,Midwest
O00642,C019,2024-10-27,,2024-10-31,,Cancelled,466.68,6,0,0,1,Midwest
O00643,C010,2024-01-09,2024-01-11,2024-01-14,2024-01-11,Delivered,713.4,6,6,0,1,South
O00644,C020,2024-05-19,2024-05-21,2024-05-26,2024-05-24,Delivered,571.68,16,16,0,1,Northeast
O00645,C025,2024-03-02,2024-03-04,2024-03-07,2024-03-05,Delivered,527.56,4,4,0,1,Northeast
O00646,C035,2024-11-15,2024-11-18,2024-11-22,2024-11-22,Delivered,1474.83,7,7,0,1,West
O00647,C017,2024-10-20,2024-10-22,2024-10-24,2024-10-22,Delivered,2229.92,16,6,0,1,South
O00648,C024,2024-01-15,2024-01-18,2024-01-20,2024-01-20,Delivered,284.88,2,2,0,1,West
O00649,C003,2024-08-03,2024-08-06,2024-08-06,2024-08-06,Delivered,462.36,6,6,0,1,South
O00650,C011,2024-05-06,2024-05-09,2024-05-12,2024-05-09,Delivered,618.63,3,3,0,1,Midwest
O00651,C003,2024-02-21,2024-02-24,2024-02-28,2024-02-25,Delivered,191.86,1,1,0,1,South
O00652,C029,2024-09-19,2024-09-22,2024-09-24,2024-09-24,Delivered,1140.86,14,14,0,1,Northeast
O00653,C023,2024-06-19,2024-06-20,2024-06-26,2024-06-24,Delivered,2303.34,13,8,0,1,West
O00654,C037,2024-03-03,2024-03-05,2024-03-08,2024-03-06,Delivered,576.0,20,20,12,1,Midwest
O00655,C020,2024-07-27,2024-07-29,2024-08-01,2024-07-31,Delivered,221.94,9,9,0,1,Northeast
O00656,C007,2024-06-02,2024-06-04,2024-06-05,2024-06-04,Delivered,494.53,17,17,15,1,Midwest
O00657,C025,2024-04-29,2024-04-30,2024-05-05,2024-04-30,Delivered,154.5,2,2,0,1,Northeast
O00658,C003,2024-05-26,2024-05-29,2024-06-01,2024-05-31,Delivered,74.58,3,3,0,1,South
O00659,C032,2024-04-03,2024-04-05,2024-04-09,2024-04-10,Delivered,506.56,16,16,0,1,Northeast
O00660,C018,2024-03-06,2024-03-07,2024-03-10,2024-03-09,Delivered,4038.6,20,20,9,1,West
O00661,C012,2024-07-03,2024-07-06,2024-07-06,2024-07-06,Delivered,473.07,3,3,0,1,Northeast
O00662,C011,2024-07-22,2024-07-24,2024-07-29,2024-07-25,Delivered,1569.88,13,13,0,1,Midwest
O00663,C031,2024-10-19,2024-10-20,2024-10-26,2024-10-24,Delivered,2425.14,18,18,0,0,Midwest
O00664,C008,2024-02-06,2024-02-07,2024-02-13,2024-02-08,Delivered,249.12,2,2,0,1,Northeast
O00665,C005,2024-08-20,2024-08-23,2024-08-27,2024-08-26,Delivered,244.51,7,6,0,1,Midwest
O00666,C018,2024-10-19,2024-10-22,2024-10-25,2024-10-24,Delivered,346.62,2,2,0,1,West
O00667,C021,2024-10-15,2024-10-18,2024-10-19,2024-10-26,Delivered,711.4,20,15,0,0,South
O00668,C033,2024-09-25,2024-09-28,2024-10-01,2024-10-01,Delivered,686.16,9,9,0,1,West
O00669,C036,2024-06-19,2024-06-22,2024-06-26,2024-06-26,Delivered,4047.6,20,20,0,1,West
O00670,C032,2024-05-06,2024-05-07,2024-05-12,2024-05-11,Delivered,210.57,1,1,0,1,Northeast
O00671,C016,2024-04-26,2024-04-28,2024-05-02,2024-05-01,Delivered,310.03,7,7,0,1,West
O00672,C004,2024-04-30,,2024-05-06,,Placed,1695.24,17,0,0,1,South
O00673,C019,2024-11-25,2024-11-27,2024-11-29,2024-11-29,Delivered,2183.87,13,13,0,1,Midwest
O00674,C022,2024-05-07,2024-05-09,2024-05-10,2024-05-12,Delivered,2287.74,14,14,0,1,South
O00675,C019,2024-06-30,2024-07-03,2024-07-04,2024-07-03,Delivered,3094.17,17,17,0,1,Midwest
O00676,C028,2024-02-29,2024-03-02,2024-03-03,2024-03-03,Delivered,364.41,3,3,0,1,Midwest
O00677,C017,2024-08-27,2024-08-29,2024-09-02,2024-08-30,Delivered,2132.13,13,13,0,1,South
O00678,C031,2024-09-28,2024-10-01,2024-10-01,2024-10-01,Delivered,1345.74,11,11,0,1,Midwest
O00679,C013,2024-05-23,2024-05-24,2024-05-28,,Shipped,2279.06,14,14,0,1,South
O00680,C007,2024-06-14,2024-06-16,2024-06-20,2024-06-17,Delivered,1241.31,7,7,0,1,Midwest
O00681,C027,2024-03-21,2024-03-23,2024-03-24,,Shipped,2016.72,18,18,0,1,South
O00682,C038,2024-04-26,2024-04-27,2024-05-02,2024-05-02,Delivered,658.62,6,6,0,1,South
O00683,C028,2024-12-13,2024-12-15,2024-12-20,2024-12-15,Delivered,1197.18,18,18,0,1,Midwest
O00684,C038,2024-03-29,2024-04-01,2024-04-03,2024-04-03,Delivered,1916.59,13,13,0,1,South
O00685,C005,2024-02-14,2024-02-16,2024-02-18,2024-02-16,Delivered,297.32,4,4,0,1,Midwest
O00686,C018,2024-03-02,2024-03-03,2024-03-05,2024-03-03,Delivered,1183.05,15,15,6,1,West
O00687,C011,2024-06-16,2024-06-17,2024-06-19,,Shipped,4262.6,20,20,0,1,Midwest
O00688,C022,2024-10-22,2024-10-23,2024-10-27,2024-10-27,Delivered,38.9,1,1,1,0,South
O00689,C029,2024-02-18,2024-02-20,2024-02-24,2024-02-23,Delivered,3130.88,16,16,0,1,Northeast
O00690,C023,2024-02-06,2024-02-08,2024-02-11,2024-02-16,Delivered,760.65,11,11,0,1,West
O00691,C022,2024-06-11,2024-06-12,2024-06-17,2024-06-15,Delivered,76.98,1,1,0,1,South
O00692,C010,2024-01-17,2024-01-19,2024-01-20,2024-01-19,Delivered,1568.6,20,20,0,1,South
O00693,C026,2024-08-16,2024-08-19,2024-08-23,2024-08-19,Delivered,2326.28,17,17,10,0,West
O00694,C027,2024-07-04,2024-07-06,2024-07-08,2024-07-06,Delivered,2060.17,19,19,0,0,South
O00695,C026,2024-01-30,2024-01-31,2024-02-02,2024-02-02,Delivered,125.72,7,7,0,1,West
O00696,C028,2024-01-27,2024-01-29,2024-02-02,2024-01-31,Delivered,1251.88,7,7,0,0,Midwest
O00697,C040,2024-08-25,2024-08-27,2024-08-29,2024-08-27,Delivered,382.88,8,8,0,1,Midwest
O00698,C034,2024-08-05,2024-08-06,2024-08-11,2024-08-08,Delivered,1109.88,12,12,0,1,Midwest
O00699,C028,2024-06-11,2024-06-13,2024-06-18,2024-06-16,Delivered,268.08,2,2,0,1,Midwest
O00700,C019,2024-07-26,2024-07-27,2024-07-31,2024-07-27,Delivered,1289.53,11,11,0,1,Midwest
O00701,C035,2024-12-04,2024-12-06,2024-12-10,2024-12-06,Delivered,158.8,4,3,0,1,West
O00702,C019,2024-12-07,2024-12-08,2024-12-12,2024-12-12,Delivered,3511.26,18,18,0,1,Midwest
O00703,C009,2024-03-01,2024-03-02,2024-03-06,2024-03-07,Delivered,324.08,8,8,0,1,West
O00704,C030,2024-03-17,2024-03-20,2024-03-24,2024-03-23,Delivered,145.35,9,9,0,1,South
O00705,C023,2024-02-03,2024-02-04,2024-02-07,2024-02-06,Delivered,621.18,6,6,6,1,West
O00706,C006,2024-08-18,2024-08-21,2024-08-23,2024-08-23,Delivered,435.6,3,3,0,1,Northeast
O00707,C014,2024-04-17,2024-04-18,2024-04-22,2024-04-18,Delivered,42.98,1,1,0,0,West
O00708,C008,2024-02-12,2024-02-14,2024-02-17,2024-02-14,Delivered,407.12,14,14,9,1,Northeast
O00709,C038,2024-02-03,2024-02-06,2024-02-09,2024-02-07,Delivered,1096.67,17,17,0,0,South
O00710,C006,2024-07-30,2024-07-31,2024-08-02,2024-08-01,Delivered,566.8,20,20,0,1,Northeast
O00711,C022,2024-10-21,2024-10-22,2024-10-25,2024-10-25,Delivered,3624.06,17,17,9,1,South
O00712,C016,2024-06-16,,2024-06-20,,Cancelled,2056.2,12,0,0,1,West
O00713,C017,2024-06-13,2024-06-16,2024-06-17,2024-06-16,Delivered,165.99,11,6,2,1,South
O00714,C013,2024-06-26,2024-06-28,2024-06-30,2024-06-28,Delivered,739.29,19,19,0,1,South
O00715,C011,2024-10-19,,2024-10-23,,Cancelled,735.7,14,0,0,1,Midwest
O00716,C008,2024-02-26,2024-02-27,2024-03-02,2024-02-28,Delivered,554.56,16,16,0,1,Northeast
O00717,C031,2024-09-12,2024-09-15,2024-09-19,2024-09-16,Delivered,2604.8,16,16,0,1,Midwest
O00718,C004,2024-06-27,2024-06-30,2024-06-30,2024-06-30,Delivered,1094.17,7,7,0,1,South
O00719,C034,2024-08-15,2024-08-16,2024-08-21,2024-08-20,Delivered,1116.31,13,13,0,1,Midwest
O00720,C032,2024-05-28,2024-05-31,2024-06-01,2024-05-31,Delivered,1772.6,20,20,0,0,Northeast
O00721,C025,2024-08-18,2024-08-19,2024-08-24,2024-08-20,Delivered,649.96,4,4,0,1,Northeast
O00722,C036,2024-03-08,2024-03-10,2024-03-13,2024-03-19,Delivered,1002.0,10,10,0,1,West
O00723,C017,2024-06-22,2024-06-25,2024-06-26,2024-06-26,Delivered,542.04,12,12,0,1,South
O00724,C021,2024-01-12,2024-01-15,2024-01-17,2024-01-15,Delivered,2065.95,15,15,0,1,South
O00725,C022,2024-06-01,2024-06-02,2024-06-06,2024-06-02,Delivered,1177.56,9,9,0,1,South
O00726,C010,2024-06-06,,2024-06-11,,Placed,1038.96,9,0,0,1,South
O00727,C039,2024-10-12,2024-10-14,2024-10-19,2024-10-16,Delivered,151.95,5,5,0,1,Midwest
O00728,C001,2024-03-02,2024-03-04,2024-03-07,2024-03-04,Delivered,49.24,1,1,0,1,South
O00729,C007,2024-10-17,2024-10-18,2024-10-20,2024-10-20,Delivered,440.95,5,5,0,1,Midwest
O00730,C029,2024-03-26,2024-03-28,2024-03-29,2024-03-29,Delivered,470.34,18,18,0,1,Northeast
O00731,C019,2024-01-14,2024-01-16,2024-01-17,2024-01-17,Delivered,60.36,1,1,0,0,Midwest
O00732,C027,2024-08-17,2024-08-20,2024-08-20,2024-08-20,Delivered,2592.0,15,15,0,1,South
O00733,C011,2024-09-29,,2024-10-04,,Cancelled,1185.66,6,0,0,1,Midwest
O00734,C014,2024-06-23,,2024-06-29,,Placed,3926.88,18,0,0,1,West
O00735,C037,2024-08-12,2024-08-15,2024-08-15,2024-08-15,Delivered,1029.7,7,7,0,1,Midwest
O00736,C034,2024-06-30,2024-07-01,2024-07-06,2024-07-05,Delivered,132.88,4,4,0,1,Midwest
O00737,C013,2024-10-22,2024-10-23,2024-10-25,2024-10-24,Delivered,3136.6,20,20,0,1,South
O00738,C040,2024-03-21,2024-03-23,2024-03-25,,Shipped,300.24,8,8,0,1,Midwest
O00739,C024,2024-09-17,2024-09-18,2024-09-22,2024-09-22,Delivered,209.1,2,2,0,1,West
O00740,C030,2024-04-02,2024-04-03,2024-04-07,2024-04-10,Delivered,1613.3,10,10,0,1,South
O00741,C019,2024-11-02,,2024-11-08,,Cancelled,1047.96,9,0,0,1,Midwest
O00742,C030,2024-09-15,2024-09-18,2024-09-21,2024-09-19,Delivered,2228.98,13,13,0,1,South
O00743,C014,2024-02-05,2024-02-07,2024-02-10,2024-02-17,Delivered,1752.96,12,12,0,1,West
O00744,C015,2024-03-22,2024-03-25,2024-03-26,2024-03-26,Delivered,586.92,3,1,0,1,Northeast
O00745,C015,2024-04-13,2024-04-15,2024-04-19,2024-04-18,Delivered,1977.84,18,18,0,1,Northeast
O00746,C008,2024-11-02,2024-11-04,2024-11-07,2024-11-04,Delivered,1290.78,6,6,0,1,Northeast
O00747,C016,2024-07-28,2024-07-29,2024-07-31,2024-07-30,Delivered,750.08,16,16,2,1,West
O00748,C021,2024-02-23,2024-02-26,2024-02-26,2024-02-26,Delivered,751.27,13,13,0,1,South
O00749,C022,2024-05-31,2024-06-01,2024-06-05,2024-06-03,Delivered,898.32,19,19,0,1,South
O00750,C025,2024-07-03,2024-07-06,2024-07-09,2024-07-06,Delivered,440.02,14,14,0,1,Northeast
O00751,C038,2024-05-23,2024-05-25,2024-05-28,2024-05-27,Delivered,1826.28,9,9,0,1,South
O00752,C010,2024-07-19,,2024-07-25,,Placed,1867.9,10,0,0,1,South
O00753,C033,2024-10-10,2024-10-12,2024-10-17,2024-10-14,Delivered,782.35,5,5,0,1,West
O00754,C037,2024-06-20,2024-06-23,2024-06-25,2024-06-24,Delivered,1008.48,6,6,0,1,Midwest
O00755,C007,2024-09-14,2024-09-16,2024-09-18,2024-09-24,Delivered,1934.55,15,15,0,1,Midwest
O00756,C032,2024-05-20,,2024-05-23,,Cancelled,1709.89,13,0,0,1,Northeast
O00757,C024,2024-02-10,2024-02-12,2024-02-13,2024-02-12,Delivered,101.84,1,1,0,1,West
O00758,C032,2024-09-13,2024-09-14,2024-09-16,,Shipped,1343.6,20,13,0,1,Northeast
O00759,C015,2024-04-01,2024-04-02,2024-04-07,,Shipped,670.6,14,12,0,1,Northeast
O00760,C011,2024-06-13,2024-06-14,2024-06-16,2024-06-14,Delivered,1620.32,8,8,8,1,Midwest
O00761,C038,2024-03-28,2024-03-30,2024-03-31,2024-03-30,Delivered,3171.78,18,18,0,1,South
O00762,C006,2024-08-10,2024-08-11,2024-08-16,2024-08-16,Delivered,1236.96,16,16,0,1,Northeast
O00763,C009,2024-02-20,2024-02-21,2024-02-27,2024-03-01,Delivered,720.9,6,6,5,1,West
O00764,C021,2024-06-05,2024-06-06,2024-06-10,2024-06-08,Delivered,541.4,4,4,0,1,South
O00765,C029,2024-06-29,2024-06-30,2024-07-05,,Shipped,133.68,6,6,0,1,Northeast
O00766,C023,2024-04-12,2024-04-15,2024-04-19,2024-04-24,Delivered,62.2,2,2,0,1,West
O00767,C006,2024-08-19,2024-08-21,2024-08-23,2024-08-23,Delivered,392.2,10,10,0,1,Northeast
O00768,C024,2024-08-05,,2024-08-11,,Placed,744.96,6,0,0,1,West
O00769,C028,2024-11-09,2024-11-11,2024-11-15,2024-11-16,Delivered,1144.64,8,8,0,1,Midwest
O00770,C039,2024-11-26,2024-11-27,2024-12-02,2024-12-08,Delivered,566.0,5,5,0,0,Midwest
O00771,C035,2024-08-23,2024-08-25,2024-08-27,2024-08-27,Delivered,1617.21,9,9,3,1,West
O00772,C004,2024-05-17,2024-05-19,2024-05-22,2024-05-24,Delivered,70.7,1,1,0,1,South
O00773,C022,2024-02-07,2024-02-09,2024-02-11,2024-02-10,Delivered,67.61,1,1,0,1,South
O00774,C008,2024-10-24,2024-10-26,2024-10-31,2024-10-27,Delivered,903.7,5,2,0,1,Northeast
O00775,C037,2024-07-01,2024-07-04,2024-07-06,2024-07-06,Delivered,1230.72,8,5,0,1,Midwest
O00776,C020,2024-02-12,2024-02-14,2024-02-19,2024-02-14,Delivered,1412.1,15,15,0,1,Northeast
O00777,C004,2024-02-04,2024-02-05,2024-02-07,2024-02-05,Delivered,405.82,2,2,0,1,South
O00778,C012,2024-06-30,2024-07-02,2024-07-07,2024-07-13,Delivered,1692.4,8,8,0,1,Northeast
O00779,C034,2024-10-23,2024-10-26,2024-10-30,2024-10-28,Delivered,1081.68,6,6,0,1,Midwest
O00780,C026,2024-06-26,2024-06-28,2024-07-01,2024-06-29,Delivered,388.17,9,9,0,0,West
O00781,C006,2024-11-05,2024-11-06,2024-11-10,,Shipped,727.8,12,12,0,1,Northeast
O00782,C015,2024-05-03,2024-05-05,2024-05-08,2024-05-05,Delivered,324.6,12,12,0,1,Northeast
O00783,C012,2024-06-16,2024-06-18,2024-06-19,2024-06-18,Delivered,755.88,12,12,0,1,Northeast
O00784,C019,2024-06-01,2024-06-03,2024-06-04,2024-06-03,Delivered,567.12,12,12,0,1,Midwest
O00785,C026,2024-05-13,2024-05-16,2024-05-20,2024-05-17,Delivered,1288.53,9,9,0,1,West
O00786,C017,2024-04-23,2024-04-24,2024-04-28,2024-04-26,Delivered,499.8,7,7,0,1,South
O00787,C022,2024-03-14,2024-03-17,2024-03-20,2024-03-18,Delivered,234.26,13,13,0,1,South
O00788,C024,2024-04-16,2024-04-17,2024-04-19,2024-04-17,Delivered,703.4,20,20,14,1,West
O00789,C018,2024-04-04,,2024-04-07,,Placed,1677.76,16,0,0,1,West
O00790,C034,2024-01-29,2024-02-01,2024-02-02,,Shipped,1596.8,16,4,0,1,Midwest
O00791,C024,2024-11-13,2024-11-14,2024-11-20,2024-11-19,Delivered,2055.06,14,14,0,1,West
O00792,C004,2024-07-22,,2024-07-29,,Cancelled,1208.6,10,0,0,1,South
O00793,C022,2024-05-14,2024-05-16,2024-05-21,2024-05-20,Delivered,702.08,8,8,5,1,South
O00794,C027,2024-01-30,2024-02-02,2024-02-04,2024-02-02,Delivered,2215.72,13,13,0,1,South
O00795,C029,2024-02-20,2024-02-23,2024-02-26,2024-02-24,Delivered,593.56,11,11,0,1,Northeast
O00796,C027,2024-10-22,2024-10-25,2024-10-26,,Shipped,737.34,6,6,0,1,South
O00797,C035,2024-10-02,2024-10-03,2024-10-08,2024-10-03,Delivered,337.24,4,4,0,1,West
O00798,C005,2024-02-13,2024-02-14,2024-02-16,2024-02-16,Delivered,4139.4,20,10,0,1,Midwest
O00799,C001,2024-09-10,2024-09-12,2024-09-16,2024-09-16,Delivered,2268.32,16,16,3,1,South
O00800,C010,2024-08-10,,2024-08-14,,Placed,3178.6,20,0,0,1,South
O00801,C021,2024-12-11,2024-12-14,2024-12-14,2024-12-14,Delivered,2073.75,15,15,0,1,South
O00802,C004,2024-05-01,2024-05-04,2024-05-08,2024-05-04,Delivered,1183.08,12,12,0,1,South
O00803,C014,2024-03-17,2024-03-20,2024-03-20,2024-03-20,Delivered,551.99,17,17,0,1,West
O00804,C028,2024-01-16,2024-01-18,2024-01-21,2024-01-20,Delivered,2009.8,13,13,0,1,Midwest
O00805,C038,2024-01-10,2024-01-13,2024-01-17,2024-01-13,Delivered,261.03,7,7,0,1,South
O00806,C030,2024-11-30,2024-12-02,2024-12-07,2024-12-05,Delivered,1257.93,9,9,0,1,South
O00807,C009,2024-02-23,,2024-02-26,,Placed,53.52,3,0,0,1,West
O00808,C035,2024-07-29,2024-08-01,2024-08-03,2024-08-03,Delivered,2338.14,19,19,0,1,West
O00809,C034,2024-10-09,2024-10-10,2024-10-16,2024-10-14,Delivered,3363.0,20,20,0,1,Midwest
O00810,C037,2024-05-01,2024-05-03,2024-05-04,2024-05-04,Delivered,1916.46,14,14,0,1,Midwest
O00811,C009,2024-02-28,,2024-03-03,,Placed,470.04,6,0,0,1,West
O00812,C002,2024-12-06,2024-12-07,2024-12-12,2024-12-17,Delivered,663.25,5,5,0,1,Northeast
O00813,C026,2024-01-24,2024-01-26,2024-01-31,2024-01-29,Delivered,697.74,6,6,0,1,West
O00814,C037,2024-09-06,,2024-09-13,,Placed,2055.9,15,0,0,1,Midwest
O00815,C029,2024-12-03,2024-12-04,2024-12-07,2024-12-05,Delivered,485.91,3,3,0,1,Northeast
O00816,C012,2024-05-04,2024-05-07,2024-05-08,2024-05-07,Delivered,384.72,4,4,0,1,Northeast
O00817,C033,2024-07-17,2024-07-20,2024-07-23,2024-07-23,Delivered,1056.0,16,16,0,0,West
O00818,C031,2024-10-01,,2024-10-04,,Cancelled,3194.1,15,0,0,1,Midwest
O00819,C023,2024-04-05,2024-04-06,2024-04-09,2024-04-09,Delivered,2303.84,16,9,0,0,West
O00820,C006,2024-09-23,2024-09-26,2024-09-30,2024-10-04,Delivered,2989.6,16,16,0,1,Northeast
O00821,C030,2024-02-01,2024-02-03,2024-02-08,2024-02-04,Delivered,789.92,4,4,0,1,South
O00822,C001,2024-07-06,,2024-07-09,,Cancelled,1946.64,12,0,0,1,South
O00823,C001,2024-09-18,,2024-09-22,,Cancelled,226.49,11,0,0,1,South
O00824,C016,2024-07-01,2024-07-04,2024-07-04,2024-07-04,Delivered,2374.35,11,11,0,1,West
O00825,C011,2024-07-28,2024-07-31,2024-07-31,2024-07-31,Delivered,1196.64,6,6,0,1,Midwest
O00826,C001,2024-06-23,2024-06-26,2024-06-29,2024-06-27,Delivered,3346.28,17,17,0,1,South
O00827,C004,2024-02-04,,2024-02-11,,Cancelled,327.16,4,0,0,1,South
O00828,C016,2024-05-25,2024-05-28,2024-05-30,2024-05-28,Delivered,1207.0,20,20,0,1,West
O00829,C016,2024-11-06,2024-11-08,2024-11-09,2024-11-08,Delivered,349.72,7,1,0,0,West
O00830,C036,2024-09-08,2024-09-09,2024-09-13,2024-09-12,Delivered,3041.9,19,19,0,1,West
O00831,C016,2024-06-10,,2024-06-17,,Cancelled,193.45,5,0,0,1,West
O00832,C012,2024-11-29,2024-12-02,2024-12-05,,Shipped,3025.32,17,17,0,1,Northeast
O00833,C009,2024-02-28,2024-02-29,2024-03-05,2024-03-02,Delivered,246.81,3,3,0,1,West
O00834,C031,2024-01-13,2024-01-15,2024-01-17,2024-01-16,Delivered,378.96,6,5,4,1,Midwest
O00835,C011,2024-05-05,2024-05-07,2024-05-08,2024-05-08,Delivered,1683.6,20,20,0,1,Midwest
O00836,C028,2024-09-28,,2024-10-05,,Placed,1877.52,12,0,0,1,Midwest
O00837,C016,2024-11-05,2024-11-07,2024-11-09,2024-11-09,Delivered,262.24,16,16,0,1,West
O00838,C040,2024-10-06,2024-10-07,2024-10-11,,Shipped,966.24,9,9,0,1,Midwest
O00839,C040,2024-05-27,2024-05-29,2024-05-30,2024-05-29,Delivered,300.09,7,7,0,1,Midwest
O00840,C010,2024-09-24,2024-09-25,2024-09-29,,Shipped,326.82,2,2,0,1,South
O00841,C014,2024-04-17,2024-04-20,2024-04-23,2024-04-21,Delivered,439.7,2,2,0,1,West
O00842,C035,2024-06-06,2024-06-08,2024-06-09,2024-06-10,Delivered,2142.2,20,20,0,1,West
O00843,C017,2024-08-17,2024-08-18,2024-08-20,2024-08-20,Delivered,1182.7,10,10,4,1,South
O00844,C015,2024-02-10,,2024-02-17,,Placed,1632.8,20,0,0,1,Northeast
O00845,C018,2024-03-31,2024-04-01,2024-04-07,2024-04-01,Delivered,793.35,9,9,0,1,West
O00846,C023,2024-08-17,2024-08-18,2024-08-21,2024-08-19,Delivered,1413.94,11,11,0,1,West
O00847,C011,2024-09-02,2024-09-05,2024-09-08,2024-09-05,Delivered,1197.0,14,14,0,1,Midwest
O00848,C002,2024-01-15,2024-01-18,2024-01-22,2024-01-21,Delivered,481.68,4,4,4,1,Northeast
O00849,C028,2024-11-09,2024-11-10,2024-11-15,2024-11-13,Delivered,235.36,4,4,0,1,Midwest
O00850,C027,2024-09-13,2024-09-14,2024-09-16,2024-09-15,Delivered,3918.24,18,18,0,1,South
O00851,C015,2024-07-23,2024-07-25,2024-07-29,2024-07-27,Delivered,1252.02,11,11,0,1,Northeast
O00852,C029,2024-01-11,,2024-01-16,,Cancelled,166.14,3,0,0,1,Northeast
O00853,C036,2024-10-22,2024-10-24,2024-10-28,2024-10-27,Delivered,1564.68,13,13,0,1,West
O00854,C002,2024-05-17,2024-05-18,2024-05-24,2024-05-23,Delivered,1569.76,8,8,5,1,Northeast
O00855,C039,2024-04-21,,2024-04-25,,Placed,1148.55,13,0,0,1,Midwest
O00856,C011,2024-10-27,2024-10-30,2024-11-01,2024-11-01,Delivered,1217.52,19,19,0,1,Midwest
O00857,C020,2024-09-15,2024-09-18,2024-09-18,2024-09-18,Delivered,711.6,15,15,0,1,Northeast
O00858,C006,2024-04-25,2024-04-27,2024-04-30,2024-04-29,Delivered,279.0,4,4,0,1,Northeast
O00859,C040,2024-01-12,,2024-01-15,,Placed,868.32,8,0,0,1,Midwest
O00860,C026,2024-09-19,2024-09-21,2024-09-25,,Shipped,2354.48,19,19,0,0,West
O00861,C033,2024-10-01,2024-10-03,2024-10-07,2024-10-04,Delivered,282.9,3,3,0,1,West
O00862,C034,2024-10-30,2024-10-31,2024-11-02,2024-11-08,Delivered,1640.8,20,1,0,1,Midwest
O00863,C030,2024-02-28,2024-02-29,2024-03-06,2024-03-02,Delivered,307.2,3,3,0,1,South
O00864,C027,2024-11-20,2024-11-22,2024-11-27,2024-11-25,Delivered,841.8,20,20,18,1,South
O00865,C015,2024-04-19,2024-04-21,2024-04-25,2024-04-22,Delivered,1240.03,11,11,0,0,Northeast
O00866,C028,2024-07-19,2024-07-20,2024-07-22,2024-07-20,Delivered,1602.3,10,10,0,1,Midwest
O00867,C029,2024-11-09,2024-11-12,2024-11-13,2024-11-15,Delivered,573.75,17,17,0,1,Northeast
O00868,C002,2024-10-20,2024-10-22,2024-10-27,,Shipped,1401.51,11,2,0,1,Northeast
O00869,C018,2024-05-28,2024-05-30,2024-06-02,2024-05-31,Delivered,741.44,8,7,0,1,West
O00870,C022,2024-06-16,2024-06-17,2024-06-19,2024-06-26,Delivered,340.29,19,19,0,1,South
O00871,C036,2024-08-14,,2024-08-18,,Cancelled,500.64,4,0,0,1,West
O00872,C031,2024-05-04,2024-05-06,2024-05-08,2024-05-08,Delivered,1891.95,15,1,0,1,Midwest
O00873,C033,2024-09-23,2024-09-25,2024-09-27,2024-10-02,Delivered,2054.55,15,15,0,1,West
O00874,C009,2024-02-03,2024-02-06,2024-02-06,2024-02-10,Delivered,218.88,3,3,0,1,West
O00875,C013,2024-07-28,2024-07-31,2024-08-04,,Shipped,2808.58,19,19,0,0,South
O00876,C029,2024-05-28,2024-05-30,2024-06-02,2024-06-02,Delivered,608.7,10,10,0,1,Northeast
O00877,C029,2024-09-07,2024-09-09,2024-09-10,2024-09-10,Delivered,1451.68,16,16,0,1,Northeast
O00878,C013,2024-02-06,,2024-02-12,,Cancelled,989.34,6,0,0,1,South
O00879,C022,2024-08-06,2024-08-08,2024-08-13,2024-08-18,Delivered,910.64,8,8,8,0,South
O00880,C028,2024-03-15,2024-03-17,2024-03-18,2024-03-17,Delivered,550.44,4,4,0,1,Midwest
O00881,C018,2024-06-30,2024-07-02,2024-07-03,2024-07-03,Delivered,1020.3,10,10,0,1,West
O00882,C016,2024-04-12,2024-04-14,2024-04-15,2024-04-17,Delivered,304.16,16,3,0,1,West
O00883,C031,2024-01-06,2024-01-07,2024-01-13,2024-01-10,Delivered,2241.43,19,19,0,0,Midwest
O00884,C030,2024-05-08,2024-05-11,2024-05-13,2024-05-11,Delivered,2765.23,13,13,0,1,South
O00885,C025,2024-04-17,2024-04-20,2024-04-20,2024-04-20,Delivered,1200.6,10,10,9,1,Northeast
O00886,C003,2024-07-07,2024-07-08,2024-07-11,2024-07-10,Delivered,1022.39,19,19,0,1,South
O00887,C016,2024-09-01,2024-09-03,2024-09-04,2024-09-03,Delivered,121.7,5,5,0,1,West
O00888,C033,2024-03-11,,2024-03-15,,Cancelled,2070.88,14,0,0,1,West
O00889,C016,2024-03-29,2024-03-30,2024-04-05,2024-04-06,Delivered,2356.95,19,6,0,0,West
O00890,C027,2024-04-14,2024-04-15,2024-04-20,2024-04-23,Delivered,1017.5,5,5,0,1,South
O00891,C003,2024-04-12,2024-04-15,2024-04-15,2024-04-18,Delivered,226.89,3,2,0,1,South
O00892,C040,2024-02-15,2024-02-17,2024-02-22,2024-02-21,Delivered,83.95,5,5,0,1,Midwest
O00893,C001,2024-02-19,2024-02-20,2024-02-23,,Shipped,2124.96,12,12,0,1,South
O00894,C002,2024-02-20,2024-02-21,2024-02-26,2024-02-23,Delivered,2101.4,20,20,0,1,Northeast
O00895,C038,2024-11-05,2024-11-07,2024-11-11,2024-11-09,Delivered,587.46,6,6,0,1,South
O00896,C018,2024-11-09,2024-11-11,2024-11-12,2024-11-11,Delivered,567.2,20,20,0,1,West
O00897,C016,2024-05-24,2024-05-26,2024-05-28,2024-05-28,Delivered,676.98,9,9,0,1,West
O00898,C019,2024-02-07,2024-02-08,2024-02-13,2024-02-13,Delivered,78.96,3,3,0,0,Midwest
O00899,C023,2024-09-01,2024-09-04,2024-09-08,2024-09-04,Delivered,699.3,18,18,0,1,West
O00900,C004,2024-01-11,2024-01-14,2024-01-17,2024-01-16,Delivered,3030.12,19,19,0,0,South
O00901,C039,2024-09-01,2024-09-04,2024-09-07,2024-09-04,Delivered,2095.93,17,17,0,1,Midwest
O00902,C007,2024-02-19,2024-02-22,2024-02-24,2024-02-23,Delivered,2619.0,12,12,0,1,Midwest
O00903,C019,2024-05-08,2024-05-09,2024-05-13,2024-05-09,Delivered,2838.55,13,13,0,1,Midwest
O00904,C011,2024-04-02,,2024-04-07,,Placed,4289.0,20,0,0,1,Midwest
O00905,C016,2024-12-13,2024-12-16,2024-12-19,2024-12-16,Delivered,2651.6,14,14,0,1,West
O00906,C017,2024-05-08,2024-05-11,2024-05-11,2024-05-11,Delivered,98.71,1,1,0,1,South
O00907,C009,2024-03-15,2024-03-16,2024-03-18,2024-03-18,Delivered,2465.8,20,20,0,1,West
O00908,C021,2024-08-19,2024-08-21,2024-08-24,2024-08-21,Delivered,728.98,7,7,2,1,South
O00909,C002,2024-07-07,2024-07-09,2024-07-11,2024-07-09,Delivered,1780.75,17,17,0,0,Northeast
O00910,C039,2024-05-17,2024-05-19,2024-05-24,2024-05-19,Delivered,414.03,3,3,0,1,Midwest
O00911,C003,2024-10-14,2024-10-15,2024-10-19,2024-10-15,Delivered,842.16,8,8,0,1,South
O00912,C027,2024-11-13,2024-11-16,2024-11-17,2024-11-22,Delivered,2016.0,16,16,0,1,South
O00913,C008,2024-11-11,2024-11-13,2024-11-16,2024-11-16,Delivered,3422.95,17,2,0,1,Northeast
O00914,C015,2024-09-18,2024-09-20,2024-09-22,2024-09-29,Delivered,157.9,10,10,7,1,Northeast
O00915,C010,2024-02-02,,2024-02-08,,Cancelled,310.46,2,0,0,1,South
O00916,C036,2024-05-29,2024-05-31,2024-06-03,,Shipped,281.6,5,5,0,1,West
O00917,C029,2024-05-25,2024-05-27,2024-05-30,2024-05-30,Delivered,1277.1,6,6,0,1,Northeast
O00918,C010,2024-01-08,2024-01-10,2024-01-13,2024-01-14,Delivered,2467.38,17,17,0,1,South
O00919,C016,2024-12-03,2024-12-05,2024-12-06,2024-12-06,Delivered,2053.8,18,18,0,1,West
O00920,C014,2024-12-05,2024-12-07,2024-12-08,2024-12-07,Delivered,2858.22,18,18,0,1,West
O00921,C023,2024-05-07,2024-05-09,2024-05-14,2024-05-19,Delivered,2002.5,15,15,0,1,West
O00922,C009,2024-06-02,2024-06-03,2024-06-05,2024-06-04,Delivered,2559.24,12,12,0,1,West
O00923,C025,2024-03-30,2024-04-02,2024-04-03,2024-04-02,Delivered,574.56,7,7,0,1,Northeast
O00924,C024,2024-01-02,2024-01-03,2024-01-06,2024-01-03,Delivered,1122.33,19,19,0,1,West
O00925,C024,2024-01-15,2024-01-16,2024-01-19,2024-01-19,Delivered,452.62,7,7,0,1,West
O00926,C002,2024-11-09,2024-11-11,2024-11-14,2024-11-14,Delivered,278.25,15,15,1,1,Northeast
O00927,C040,2024-04-01,2024-04-02,2024-04-08,2024-04-13,Delivered,80.72,2,2,0,1,Midwest
O00928,C019,2024-01-11,2024-01-13,2024-01-14,2024-01-13,Delivered,190.82,7,7,0,1,Midwest
O00929,C004,2024-07-05,2024-07-08,2024-07-10,2024-07-09,Delivered,868.11,19,19,0,1,South
O00930,C035,2024-04-16,2024-04-18,2024-04-20,2024-04-19,Delivered,1670.08,8,8,0,1,West
O00931,C001,2024-06-26,,2024-06-29,,Cancelled,351.2,8,0,0,1,South
O00932,C028,2024-05-23,,2024-05-28,,Placed,3887.64,18,0,0,1,Midwest
O00933,C029,2024-11-04,,2024-11-09,,Placed,205.54,2,0,0,1,Northeast
O00934,C023,2024-08-15,2024-08-16,2024-08-21,2024-08-21,Delivered,1064.48,8,8,2,1,West
O00935,C028,2024-10-04,2024-10-05,2024-10-08,2024-10-08,Delivered,799.68,16,16,0,1,Midwest
O00936,C010,2024-01-31,2024-02-02,2024-02-06,2024-02-05,Delivered,2340.3,15,15,0,1,South
O00937,C038,2024-11-03,,2024-11-07,,Placed,2817.2,20,0,0,1,South
O00938,C027,2024-04-08,2024-04-11,2024-04-15,2024-04-12,Delivered,2001.48,13,13,0,1,South
O00939,C038,2024-04-09,2024-04-12,2024-04-13,2024-04-13,Delivered,863.28,18,18,2,1,South
O00940,C016,2024-08-10,2024-08-11,2024-08-14,2024-08-20,Delivered,71.56,4,4,0,1,West
O00941,C016,2024-06-03,,2024-06-09,,Placed,1640.16,8,0,0,1,West
O00942,C016,2024-12-05,2024-12-07,2024-12-11,2024-12-11,Delivered,3339.52,16,16,0,1,West
O00943,C011,2024-02-02,2024-02-04,2024-02-06,2024-02-07,Delivered,1521.36,18,18,0,1,Midwest
O00944,C002,2024-11-09,2024-11-10,2024-11-16,2024-11-14,Delivered,1044.06,6,6,0,1,Northeast
O00945,C013,2024-12-03,2024-12-04,2024-12-08,2024-12-04,Delivered,1336.35,15,15,0,1,South
O00946,C024,2024-08-06,2024-08-07,2024-08-12,2024-08-09,Delivered,836.88,4,4,0,1,West
O00947,C014,2024-12-01,2024-12-02,2024-12-08,2024-12-12,Delivered,1077.48,12,12,0,0,West
O00948,C002,2024-06-20,2024-06-21,2024-06-27,,Shipped,99.84,2,2,0,1,Northeast
O00949,C017,2024-05-27,2024-05-30,2024-06-03,2024-05-31,Delivered,3016.86,14,14,0,1,South
O00950,C031,2024-09-19,,2024-09-25,,Placed,133.31,1,0,0,1,Midwest
O00951,C024,2024-05-17,2024-05-20,2024-05-21,2024-05-20,Delivered,1769.88,12,12,0,1,West
O00952,C038,2024-01-13,2024-01-14,2024-01-16,2024-01-15,Delivered,3887.82,18,18,0,1,South
O00953,C018,2024-02-03,2024-02-04,2024-02-08,2024-02-05,Delivered,3664.86,17,17,0,1,West
O00954,C004,2024-09-26,2024-09-29,2024-09-29,2024-09-29,Delivered,908.28,18,18,2,1,South
O00955,C011,2024-10-31,2024-11-03,2024-11-07,2024-11-13,Delivered,30.88,1,1,0,1,Midwest
O00956,C008,2024-06-07,2024-06-10,2024-06-13,2024-06-11,Delivered,101.8,5,5,0,1,Northeast
O00957,C025,2024-08-15,,2024-08-19,,Cancelled,164.04,4,0,0,1,Northeast
O00958,C030,2024-09-15,2024-09-17,2024-09-22,2024-09-22,Delivered,1542.56,16,16,0,1,South
O00959,C029,2024-11-23,2024-11-25,2024-11-30,2024-11-30,Delivered,1423.8,9,9,0,1,Northeast
O00960,C037,2024-03-06,2024-03-08,2024-03-13,2024-03-08,Delivered,257.06,2,1,0,1,Midwest
O00961,C012,2024-04-29,2024-05-01,2024-05-03,2024-05-03,Delivered,2154.08,16,16,0,1,Northeast
O00962,C004,2024-03-17,2024-03-20,2024-03-22,2024-03-22,Delivered,1571.9,11,11,0,1,South
O00963,C010,2024-08-25,2024-08-26,2024-08-29,2024-08-28,Delivered,242.32,4,4,0,1,South
O00964,C040,2024-02-25,,2024-02-29,,Cancelled,2046.3,15,0,0,1,Midwest
O00965,C028,2024-03-05,2024-03-08,2024-03-10,2024-03-10,Delivered,2864.6,20,20,0,1,Midwest
O00966,C011,2024-11-06,2024-11-08,2024-11-11,2024-11-09,Delivered,2258.96,11,11,0,1,Midwest
O00967,C033,2024-12-09,2024-12-12,2024-12-16,2024-12-14,Delivered,2603.9,13,13,0,1,West
O00968,C018,2024-04-23,,2024-04-26,,Cancelled,2322.03,17,0,0,1,West
O00969,C011,2024-11-12,2024-11-14,2024-11-16,2024-11-14,Delivered,1255.2,15,15,0,1,Midwest
O00970,C039,2024-10-17,2024-10-18,2024-10-23,2024-10-23,Delivered,379.3,2,2,0,1,Midwest
O00971,C013,2024-04-28,,2024-05-02,,Placed,216.0,5,0,0,1,South
O00972,C011,2024-10-08,2024-10-11,2024-10-14,2024-10-17,Delivered,149.39,1,1,0,1,Midwest
O00973,C025,2024-01-03,,2024-01-06,,Placed,1064.21,7,0,0,1,Northeast
O00974,C021,2024-09-18,2024-09-21,2024-09-22,2024-09-21,Delivered,218.89,1,1,1,1,South
O00975,C007,2024-06-23,2024-06-25,2024-06-27,2024-06-27,Delivered,477.07,11,11,0,1,Midwest
O00976,C009,2024-07-29,2024-07-31,2024-08-02,2024-08-09,Delivered,90.18,1,1,0,1,West
O00977,C027,2024-07-31,2024-08-03,2024-08-07,2024-08-13,Delivered,1212.54,14,14,0,1,South
O00978,C030,2024-08-18,2024-08-21,2024-08-22,2024-08-21,Delivered,3685.86,18,18,0,1,South
O00979,C016,2024-07-21,2024-07-23,2024-07-24,2024-07-24,Delivered,607.68,3,3,0,1,West
O00980,C038,2024-09-16,2024-09-18,2024-09-19,2024-09-19,Delivered,2449.6,16,16,0,0,South
O00981,C029,2024-11-23,2024-11-26,2024-11-27,2024-11-26,Delivered,631.68,16,16,0,1,Northeast
O00982,C039,2024-04-14,2024-04-15,2024-04-18,2024-04-24,Delivered,227.88,4,4,0,1,Midwest
O00983,C013,2024-12-04,2024-12-05,2024-12-07,2024-12-05,Delivered,3940.79,19,19,0,1,South
O00984,C023,2024-09-26,2024-09-28,2024-10-01,2024-09-29,Delivered,62.92,2,2,0,1,West
O00985,C034,2024-02-03,2024-02-04,2024-02-08,2024-02-05,Delivered,1311.4,10,10,0,1,Midwest
O00986,C021,2024-09-16,2024-09-17,2024-09-19,2024-09-18,Delivered,200.3,1,1,0,1,South
O00987,C022,2024-02-09,2024-02-12,2024-02-15,2024-02-13,Delivered,431.46,9,9,0,1,South
O00988,C015,2024-11-08,2024-11-11,2024-11-15,2024-11-12,Delivered,584.78,7,7,0,1,Northeast
O00989,C009,2024-03-29,2024-04-01,2024-04-04,2024-04-01,Delivered,932.3,5,5,0,1,West
O00990,C023,2024-10-20,2024-10-22,2024-10-24,2024-10-22,Delivered,1501.78,7,7,0,1,West
O00991,C027,2024-05-07,2024-05-08,2024-05-12,2024-05-19,Delivered,1131.48,9,9,0,1,South
O00992,C032,2024-08-03,2024-08-06,2024-08-06,2024-08-06,Delivered,2267.54,11,11,0,1,Northeast
O00993,C028,2024-08-25,2024-08-27,2024-09-01,2024-09-04,Delivered,2038.12,14,14,0,1,Midwest
O00994,C008,2024-04-26,2024-04-28,2024-04-29,2024-04-29,Delivered,375.56,2,2,0,1,Northeast
O00995,C023,2024-03-22,2024-03-23,2024-03-27,2024-03-23,Delivered,332.4,20,20,0,1,West
O00996,C012,2024-05-26,,2024-05-30,,Placed,804.8,16,0,0,1,Northeast
O00997,C029,2024-09-23,2024-09-26,2024-09-29,2024-09-27,Delivered,697.27,7,6,0,1,Northeast
O00998,C005,2024-12-10,2024-12-11,2024-12-17,2024-12-20,Delivered,4293.8,20,20,0,0,Midwest
O00999,C036,2024-09-02,,2024-09-07,,Placed,1499.7,10,0,0,1,West
O01000,C027,2024-05-03,2024-05-05,2024-05-10,2024-05-06,Delivered,1138.68,12,12,0,1,South
O01001,C018,2024-10-09,2024-10-10,2024-10-14,2024-10-14,Delivered,250.04,4,4,4,1,West
O01002,C034,2024-03-01,2024-03-04,2024-03-06,2024-03-06,Delivered,2951.2,17,17,0,0,Midwest
O01003,C014,2024-03-13,2024-03-16,2024-03-18,2024-03-23,Delivered,3742.24,19,19,0,1,West
O01004,C015,2024-01-03,2024-01-06,2024-01-10,2024-01-08,Delivered,48.2,1,1,0,1,Northeast
O01005,C010,2024-11-26,2024-11-29,2024-12-01,2024-11-30,Delivered,2221.38,18,18,0,1,South
O01006,C010,2024-02-26,2024-02-27,2024-03-04,2024-02-29,Delivered,1699.08,12,12,0,1,South
O01007,C002,2024-10-13,2024-10-15,2024-10-17,2024-10-18,Delivered,969.78,14,9,0,1,Northeast
O01008,C030,2024-10-10,,2024-10-13,,Cancelled,1015.5,15,0,0,1,South
O01009,C005,2024-01-25,2024-01-26,2024-01-28,2024-01-28,Delivered,1288.26,6,6,0,1,Midwest
O01010,C023,2024-09-14,2024-09-16,2024-09-20,2024-09-17,Delivered,1430.64,8,8,0,1,West
O01011,C028,2024-06-13,2024-06-14,2024-06-17,,Shipped,1169.82,18,18,0,1,Midwest
O01012,C023,2024-05-25,,2024-05-30,,Placed,866.56,8,0,0,1,West
O01013,C034,2024-08-30,2024-09-02,2024-09-02,2024-09-02,Delivered,3335.36,16,16,13,1,Midwest
O01014,C026,2024-03-31,2024-04-01,2024-04-04,2024-04-02,Delivered,1751.49,13,13,0,0,West
O01015,C020,2024-02-18,2024-02-19,2024-02-22,2024-02-19,Delivered,1311.03,9,5,0,1,Northeast
O01016,C004,2024-12-09,2024-12-11,2024-12-15,2024-12-12,Delivered,1388.1,14,14,0,0,South
O01017,C040,2024-08-12,2024-08-15,2024-08-17,2024-08-17,Delivered,68.36,1,1,1,1,Midwest
O01018,C026,2024-08-04,2024-08-06,2024-08-07,2024-08-09,Delivered,2490.08,16,16,0,1,West
O01019,C025,2024-08-12,2024-08-13,2024-08-18,2024-08-20,Delivered,1308.66,17,17,0,1,Northeast
O01020,C021,2024-05-12,2024-05-13,2024-05-15,2024-05-13,Delivered,1131.4,10,10,0,1,South
O01021,C001,2024-06-28,2024-06-29,2024-07-05,2024-07-01,Delivered,323.56,4,4,0,1,South
O01022,C019,2024-04-14,,2024-04-18,,Cancelled,711.54,18,0,0,1,Midwest
O01023,C040,2024-03-16,2024-03-17,2024-03-20,2024-03-18,Delivered,462.6,4,4,0,1,Midwest
O01024,C012,2024-04-29,2024-05-01,2024-05-06,2024-05-07,Delivered,1086.6,10,10,0,1,Northeast
O01025,C003,2024-07-30,2024-07-31,2024-08-06,2024-08-04,Delivered,1315.52,8,8,0,1,South
O01026,C028,2024-05-13,2024-05-16,2024-05-19,2024-05-16,Delivered,458.36,7,7,0,1,Midwest
O01027,C002,2024-09-30,2024-10-01,2024-10-05,2024-10-03,Delivered,88.96,4,4,0,1,Northeast
O01028,C015,2024-03-21,2024-03-23,2024-03-24,2024-03-24,Delivered,290.25,5,5,1,1,Northeast
O01029,C025,2024-01-13,2024-01-15,2024-01-16,2024-01-16,Delivered,335.28,8,8,0,0,Northeast
O01030,C024,2024-01-20,2024-01-21,2024-01-23,2024-01-22,Delivered,1974.94,11,11,0,1,West
O01031,C035,2024-12-11,2024-12-12,2024-12-17,2024-12-13,Delivered,715.68,8,8,0,1,West
O01032,C004,2024-04-05,2024-04-08,2024-04-11,2024-04-10,Delivered,1935.12,11,7,0,1,South
O01033,C029,2024-09-12,2024-09-15,2024-09-17,2024-09-17,Delivered,2794.24,16,16,0,1,Northeast
O01034,C032,2024-04-23,2024-04-24,2024-04-26,2024-04-24,Delivered,245.25,5,5,0,1,Northeast
O01035,C005,2024-02-23,2024-02-25,2024-02-29,2024-02-29,Delivered,2678.55,15,15,0,1,Midwest
O01036,C005,2024-07-13,2024-07-16,2024-07-19,2024-07-20,Delivered,103.64,2,2,0,1,Midwest
O01037,C010,2024-05-19,,2024-05-22,,Cancelled,491.88,3,0,0,1,South
O01038,C011,2024-02-17,2024-02-19,2024-02-21,2024-02-23,Delivered,164.66,2,2,0,1,Midwest
O01039,C014,2024-07-20,2024-07-22,2024-07-25,2024-07-25,Delivered,1380.5,10,10,0,1,West
O01040,C012,2024-12-05,2024-12-07,2024-12-09,2024-12-16,Delivered,99.25,5,5,0,1,Northeast
O01041,C033,2024-04-30,,2024-05-05,,Cancelled,950.52,12,0,0,1,West
O01042,C038,2024-07-01,2024-07-04,2024-07-08,2024-07-07,Delivered,993.7,5,5,0,1,South
O01043,C030,2024-07-23,2024-07-26,2024-07-30,2024-07-28,Delivered,567.82,11,11,0,0,South
O01044,C004,2024-10-23,2024-10-25,2024-10-27,2024-10-26,Delivered,1978.8,12,12,0,1,South
O01045,C006,2024-11-08,2024-11-10,2024-11-13,2024-11-15,Delivered,180.92,1,1,0,1,Northeast
O01046,C016,2024-03-30,2024-04-01,2024-04-02,2024-04-01,Delivered,422.16,8,8,0,1,West
O01047,C009,2024-10-02,2024-10-04,2024-10-06,,Shipped,259.65,9,9,0,1,West
O01048,C034,2024-05-21,2024-05-22,2024-05-26,2024-05-26,Delivered,1148.76,9,7,0,1,Midwest
O01049,C013,2024-01-17,2024-01-19,2024-01-23,2024-01-19,Delivered,1140.93,7,7,0,1,South
O01050,C020,2024-09-03,2024-09-06,2024-09-06,2024-09-06,Delivered,380.63,17,17,0,1,Northeast
O01051,C008,2024-05-17,2024-05-20,2024-05-22,2024-05-25,Delivered,231.21,3,3,0,1,Northeast
O01052,C028,2024-04-30,2024-05-01,2024-05-04,2024-05-04,Delivered,1869.6,19,19,0,1,Midwest
O01053,C011,2024-08-04,2024-08-07,2024-08-10,2024-08-09,Delivered,621.99,9,9,0,1,Midwest
O01054,C027,2024-09-17,2024-09-19,2024-09-21,2024-09-20,Delivered,105.26,1,1,0,1,South
O01055,C035,2024-08-01,2024-08-03,2024-08-08,2024-08-07,Delivered,1272.72,6,6,0,1,West
O01056,C013,2024-11-21,2024-11-22,2024-11-27,2024-11-26,Delivered,87.42,3,3,0,1,South
O01057,C016,2024-06-05,2024-06-07,2024-06-10,2024-06-08,Delivered,470.96,4,4,0,1,West
O01058,C031,2024-08-15,2024-08-18,2024-08-20,2024-08-19,Delivered,64.97,1,1,0,1,Midwest
O01059,C038,2024-06-25,,2024-06-30,,Placed,871.78,7,0,0,1,South
O01060,C020,2024-10-29,2024-10-30,2024-11-05,,Shipped,212.72,8,3,0,0,Northeast
O01061,C008,2024-11-16,2024-11-19,2024-11-22,2024-11-21,Delivered,1862.4,15,15,0,1,Northeast
O01062,C021,2024-04-08,2024-04-09,2024-04-15,2024-04-15,Delivered,1885.0,20,20,0,1,South
O01063,C033,2024-11-21,2024-11-24,2024-11-24,2024-11-24,Delivered,3645.82,17,17,11,1,West
O01064,C027,2024-01-04,2024-01-07,2024-01-10,2024-01-07,Delivered,1909.5,15,10,0,1,South
O01065,C036,2024-03-16,2024-03-18,2024-03-23,,Shipped,476.7,5,5,0,1,West
O01066,C021,2024-04-15,,2024-04-19,,Placed,2290.6,20,0,0,1,South
O01067,C034,2024-09-09,2024-09-12,2024-09-13,2024-09-17,Delivered,2029.83,11,1,0,1,Midwest
O01068,C016,2024-04-19,2024-04-22,2024-04-24,2024-04-22,Delivered,1559.28,12,12,0,0,West
O01069,C006,2024-09-03,2024-09-04,2024-09-09,2024-09-06,Delivered,69.29,1,1,0,1,Northeast
O01070,C004,2024-01-08,2024-01-11,2024-01-15,2024-01-13,Delivered,1231.74,6,6,0,1,South
O01071,C034,2024-07-12,2024-07-15,2024-07-19,2024-07-18,Delivered,219.96,4,4,0,1,Midwest
O01072,C028,2024-08-14,2024-08-16,2024-08-18,2024-08-17,Delivered,2152.64,14,14,10,1,Midwest
O01073,C038,2024-04-27,2024-04-30,2024-05-03,2024-05-02,Delivered,390.7,10,2,0,1,South
O01074,C033,2024-09-15,2024-09-17,2024-09-20,2024-09-20,Delivered,41.96,1,1,0,1,West
O01075,C019,2024-03-10,,2024-03-15,,Cancelled,973.12,8,0,0,1,Midwest
O01076,C013,2024-02-29,2024-03-03,2024-03-05,2024-03-05,Delivered,1973.52,12,12,0,1,South
O01077,C016,2024-01-05,2024-01-07,2024-01-09,2024-01-09,Delivered,1662.4,16,16,0,1,West
O01078,C025,2024-07-28,,2024-08-03,,Cancelled,1383.84,16,0,0,1,Northeast
O01079,C035,2024-02-20,,2024-02-27,,Cancelled,1961.26,14,0,0,1,West
O01080,C011,2024-05-17,2024-05-18,2024-05-21,2024-05-19,Delivered,165.51,1,1,0,1,Midwest
O01081,C028,2024-10-09,2024-10-10,2024-10-15,2024-10-13,Delivered,1980.94,19,19,0,1,Midwest
O01082,C002,2024-06-10,2024-06-12,2024-06-14,2024-06-12,Delivered,76.26,2,2,0,1,Northeast
O01083,C039,2024-01-18,2024-01-19,2024-01-25,2024-01-26,Delivered,248.72,4,4,0,1,Midwest
O01084,C028,2024-05-16,2024-05-18,2024-05-21,2024-05-19,Delivered,770.26,19,19,13,1,Midwest
O01085,C011,2024-02-25,,2024-03-01,,Cancelled,2184.24,19,0,0,1,Midwest
O01086,C002,2024-06-21,2024-06-23,2024-06-26,2024-06-23,Delivered,1640.64,16,16,0,1,Northeast
O01087,C020,2024-09-17,2024-09-19,2024-09-23,2024-09-21,Delivered,1951.43,13,13,0,1,Northeast
O01088,C009,2024-02-21,2024-02-24,2024-02-25,2024-02-24,Delivered,902.28,12,12,0,1,West
O01089,C002,2024-01-11,2024-01-12,2024-01-17,2024-01-13,Delivered,1706.12,17,17,0,1,Northeast
O01090,C018,2024-02-08,2024-02-11,2024-02-11,2024-02-18,Delivered,216.19,1,1,0,1,West
O01091,C003,2024-04-26,2024-04-29,2024-04-29,2024-04-29,Delivered,2579.92,14,14,14,1,South
O01092,C026,2024-10-03,,2024-10-09,,Placed,465.24,12,0,0,1,West
O01093,C010,2024-04-16,2024-04-18,2024-04-20,2024-04-20,Delivered,1411.92,8,8,0,1,South
O01094,C039,2024-05-10,2024-05-12,2024-05-13,2024-05-13,Delivered,1076.64,12,12,0,1,Midwest
O01095,C036,2024-09-28,2024-09-29,2024-10-02,2024-10-09,Delivered,2134.35,17,17,0,1,West
O01096,C030,2024-09-03,2024-09-04,2024-09-07,2024-09-11,Delivered,2906.28,18,18,14,1,South
O01097,C031,2024-11-19,2024-11-21,2024-11-26,2024-11-26,Delivered,363.45,15,15,0,0,Midwest
O01098,C038,2024-03-20,2024-03-21,2024-03-27,2024-03-27,Delivered,230.06,2,2,1,1,South
O01099,C038,2024-05-21,2024-05-22,2024-05-24,2024-05-26,Delivered,574.2,18,18,0,1,South
O01100,C021,2024-02-03,2024-02-06,2024-02-07,2024-02-07,Delivered,1043.2,16,9,0,1,South
O01101,C038,2024-11-18,2024-11-20,2024-11-24,2024-11-27,Delivered,939.12,14,14,0,1,South
O01102,C036,2024-11-27,2024-11-30,2024-12-03,2024-12-02,Delivered,218.7,3,3,0,1,West
O01103,C022,2024-11-30,2024-12-02,2024-12-03,2024-12-02,Delivered,2572.02,18,17,0,1,South
O01104,C017,2024-05-26,2024-05-27,2024-06-02,2024-06-01,Delivered,868.67,11,1,0,1,South
O01105,C026,2024-01-01,2024-01-04,2024-01-05,,Shipped,393.2,20,20,0,1,West
O01106,C028,2024-05-01,2024-05-04,2024-05-07,2024-05-07,Delivered,1180.05,15,15,0,1,Midwest
O01107,C007,2024-06-04,2024-06-05,2024-06-07,2024-06-05,Delivered,2228.46,13,13,0,1,Midwest
O01108,C009,2024-11-06,2024-11-08,2024-11-13,2024-11-11,Delivered,427.16,2,2,0,1,West
O01109,C006,2024-03-01,2024-03-03,2024-03-08,2024-03-15,Delivered,1157.0,10,10,0,1,Northeast
O01110,C010,2024-03-24,2024-03-25,2024-03-31,2024-03-28,Delivered,188.19,1,1,0,1,South
O01111,C035,2024-10-28,2024-10-30,2024-10-31,2024-10-31,Delivered,2420.48,16,16,0,1,West
O01112,C031,2024-06-20,2024-06-22,2024-06-26,2024-06-29,Delivered,442.29,3,3,0,1,Midwest
O01113,C032,2024-07-14,2024-07-16,2024-07-21,2024-07-18,Delivered,1108.62,9,8,0,0,Northeast
O01114,C009,2024-11-28,2024-11-30,2024-12-04,2024-12-03,Delivered,780.9,5,5,0,1,West
O01115,C024,2024-11-22,2024-11-23,2024-11-28,2024-11-24,Delivered,3223.35,19,19,0,1,West
O01116,C038,2024-05-18,2024-05-19,2024-05-22,2024-05-19,Delivered,1010.0,8,8,0,1,South
O01117,C038,2024-07-30,2024-08-01,2024-08-06,2024-08-03,Delivered,86.38,2,2,0,1,South
O01118,C039,2024-04-30,2024-05-01,2024-05-03,2024-05-03,Delivered,860.04,4,4,0,1,Midwest
O01119,C023,2024-07-19,2024-07-20,2024-07-25,2024-07-25,Delivered,127.6,4,4,0,1,West
O01120,C031,2024-12-10,,2024-12-16,,Cancelled,2417.91,11,0,0,1,Midwest
O01121,C015,2024-02-12,2024-02-13,2024-02-18,2024-02-23,Delivered,2936.6,20,20,0,1,Northeast
O01122,C016,2024-02-22,2024-02-23,2024-02-29,2024-02-23,Delivered,671.44,14,8,0,1,West
O01123,C030,2024-08-10,2024-08-13,2024-08-15,2024-08-14,Delivered,1739.01,13,13,3,1,South
O01124,C024,2024-03-24,2024-03-27,2024-03-29,2024-03-27,Delivered,51.06,1,1,0,1,West
O01125,C013,2024-10-24,2024-10-25,2024-10-31,2024-10-25,Delivered,2155.5,18,18,0,1,South
O01126,C004,2024-02-07,2024-02-09,2024-02-11,2024-02-10,Delivered,212.27,1,1,0,1,South
O01127,C035,2024-03-25,2024-03-28,2024-03-31,2024-03-28,Delivered,842.24,4,4,0,1,West
O01128,C012,2024-11-08,2024-11-09,2024-11-14,2024-11-12,Delivered,2237.73,11,11,2,1,Northeast
O01129,C029,2024-05-06,2024-05-08,2024-05-10,2024-05-10,Delivered,1992.64,13,13,0,0,Northeast
O01130,C040,2024-07-13,2024-07-14,2024-07-18,2024-07-17,Delivered,152.6,5,5,0,1,Midwest
O01131,C030,2024-01-19,2024-01-21,2024-01-22,2024-01-22,Delivered,1858.68,12,2,0,1,South
O01132,C009,2024-12-11,2024-12-12,2024-12-18,,Shipped,123.25,1,1,0,1,West
O01133,C031,2024-09-09,,2024-09-14,,Placed,291.3,2,0,0,1,Midwest
O01134,C038,2024-06-21,2024-06-24,2024-06-25,2024-06-25,Delivered,859.1,10,10,0,1,South
O01135,C040,2024-05-16,,2024-05-23,,Cancelled,475.56,4,0,0,1,Midwest
O01136,C007,2024-07-03,2024-07-04,2024-07-08,2024-07-07,Delivered,4166.4,20,20,0,1,Midwest
O01137,C006,2024-01-04,2024-01-05,2024-01-10,2024-01-06,Delivered,327.04,2,2,0,1,Northeast
O01138,C006,2024-09-01,2024-09-03,2024-09-08,2024-09-06,Delivered,1048.0,5,5,0,1,Northeast
O01139,C014,2024-08-13,2024-08-15,2024-08-17,2024-08-16,Delivered,180.78,1,1,0,1,West
O01140,C040,2024-02-05,2024-02-06,2024-02-12,2024-02-09,Delivered,1851.66,18,18,0,1,Midwest
O01141,C013,2024-02-26,2024-02-27,2024-03-02,,Shipped,2562.7,14,6,0,1,South
O01142,C022,2024-05-18,2024-05-20,2024-05-24,2024-05-31,Delivered,552.88,8,6,0,1,South
O01143,C040,2024-10-08,2024-10-11,2024-10-15,2024-10-11,Delivered,1026.1,5,5,0,1,Midwest
O01144,C024,2024-06-09,2024-06-11,2024-06-14,2024-06-14,Delivered,227.7,11,11,0,1,West
O01145,C001,2024-09-10,2024-09-11,2024-09-17,2024-09-17,Delivered,106.82,1,1,0,1,South
O01146,C022,2024-10-23,2024-10-24,2024-10-28,2024-10-29,Delivered,120.32,2,1,0,1,South
O01147,C012,2024-04-21,2024-04-24,2024-04-24,2024-04-24,Delivered,2122.8,12,12,0,1,Northeast
O01148,C018,2024-10-05,2024-10-07,2024-10-11,2024-10-07,Delivered,69.25,1,1,0,0,West
O01149,C002,2024-06-17,2024-06-18,2024-06-20,2024-06-22,Delivered,1439.68,8,8,0,1,Northeast
O01150,C008,2024-05-11,2024-05-13,2024-05-17,2024-05-14,Delivered,615.6,20,12,0,1,Northeast
O01151,C027,2024-06-09,2024-06-11,2024-06-13,2024-06-16,Delivered,3594.2,20,20,0,1,South
O01152,C034,2024-03-24,,2024-03-31,,Placed,153.12,8,0,0,1,Midwest
O01153,C013,2024-11-09,2024-11-12,2024-11-15,2024-11-12,Delivered,2450.8,20,15,0,1,South
O01154,C038,2024-04-11,2024-04-14,2024-04-18,2024-04-17,Delivered,662.7,10,10,0,1,South
O01155,C004,2024-09-08,2024-09-10,2024-09-12,2024-09-10,Delivered,407.77,11,11,0,1,South
O01156,C031,2024-06-29,2024-06-30,2024-07-03,2024-07-02,Delivered,1693.58,14,14,0,1,Midwest
O01157,C025,2024-03-23,2024-03-25,2024-03-30,2024-03-26,Delivered,72.66,3,3,1,0,Northeast
O01158,C017,2024-04-23,2024-04-26,2024-04-26,2024-04-26,Delivered,659.68,4,4,1,1,South
O01159,C018,2024-04-23,2024-04-25,2024-04-29,2024-04-29,Delivered,1296.63,9,3,2,1,West
O01160,C016,2024-02-03,2024-02-06,2024-02-10,2024-02-10,Delivered,2364.17,19,19,0,1,West
O01161,C037,2024-10-20,2024-10-23,2024-10-25,2024-10-24,Delivered,366.12,6,6,0,1,Midwest
O01162,C001,2024-05-25,2024-05-28,2024-05-30,,Shipped,1506.45,11,11,0,1,South
O01163,C040,2024-08-11,2024-08-13,2024-08-16,2024-08-14,Delivered,930.7,5,5,0,0,Midwest
O01164,C025,2024-05-05,2024-05-08,2024-05-11,2024-05-10,Delivered,137.96,4,4,0,1,Northeast
O01165,C024,2024-06-23,,2024-06-27,,Placed,53.8,2,0,0,1,West
O01166,C038,2024-05-27,2024-05-28,2024-06-01,2024-06-01,Delivered,49.06,1,1,0,1,South
O01167,C029,2024-03-11,2024-03-13,2024-03-15,,Shipped,1533.6,8,8,0,1,Northeast
O01168,C008,2024-08-29,2024-08-31,2024-09-01,2024-09-01,Delivered,550.8,9,9,0,1,Northeast
O01169,C002,2024-02-24,2024-02-25,2024-02-29,2024-02-29,Delivered,199.02,1,1,0,1,Northeast
O01170,C032,2024-04-24,2024-04-25,2024-05-01,2024-04-25,Delivered,1127.49,7,7,0,1,Northeast
O01171,C022,2024-06-25,2024-06-26,2024-06-29,,Shipped,1159.76,8,8,0,1,South
O01172,C040,2024-04-24,2024-04-26,2024-04-29,2024-04-26,Delivered,697.48,7,7,0,1,Midwest
O01173,C029,2024-01-15,,2024-01-18,,Cancelled,302.46,2,0,0,1,Northeast
O01174,C028,2024-01-12,2024-01-15,2024-01-16,2024-01-21,Delivered,486.72,16,16,0,1,Midwest
O01175,C006,2024-04-09,2024-04-11,2024-04-12,2024-04-12,Delivered,958.5,6,6,0,1,Northeast
O01176,C008,2024-01-13,2024-01-14,2024-01-19,2024-01-18,Delivered,2456.67,17,9,0,1,Northeast
O01177,C020,2024-08-04,2024-08-05,2024-08-09,2024-08-07,Delivered,532.5,5,5,0,1,Northeast
O01178,C006,2024-08-04,2024-08-06,2024-08-07,2024-08-07,Delivered,284.36,2,2,0,1,Northeast
O01179,C004,2024-07-22,2024-07-23,2024-07-26,2024-07-24,Delivered,3048.36,19,19,6,1,South
O01180,C015,2024-12-10,2024-12-12,2024-12-14,2024-12-14,Delivered,2539.08,12,12,0,1,Northeast
O01181,C020,2024-04-30,2024-05-03,2024-05-06,2024-05-04,Delivered,703.76,8,8,0,1,Northeast
O01182,C002,2024-09-08,2024-09-11,2024-09-12,2024-09-15,Delivered,337.65,15,15,0,1,Northeast
O01183,C022,2024-04-21,2024-04-22,2024-04-26,2024-04-22,Delivered,360.15,15,15,0,1,South
O01184,C020,2024-04-02,2024-04-05,2024-04-07,2024-04-05,Delivered,1100.55,15,15,0,1,Northeast
O01185,C008,2024-02-26,2024-02-27,2024-03-04,2024-03-10,Delivered,2398.68,18,18,0,1,Northeast
O01186,C014,2024-11-08,2024-11-11,2024-11-15,2024-11-11,Delivered,1624.22,13,13,0,1,West
O01187,C028,2024-06-13,2024-06-14,2024-06-19,2024-06-18,Delivered,2759.12,13,9,0,0,Midwest
O01188,C017,2024-06-05,2024-06-07,2024-06-08,2024-06-08,Delivered,2986.02,18,18,15,1,South
O01189,C012,2024-07-18,2024-07-19,2024-07-24,2024-07-26,Delivered,4024.58,19,19,0,1,Northeast
O01190,C016,2024-10-06,2024-10-08,2024-10-11,2024-10-08,Delivered,516.76,4,4,0,1,West
O01191,C027,2024-02-16,2024-02-18,2024-02-19,2024-02-19,Delivered,3617.8,20,20,0,1,South
O01192,C032,2024-02-06,2024-02-07,2024-02-09,2024-02-08,Delivered,579.24,3,2,0,1,Northeast
O01193,C010,2024-09-23,,2024-09-29,,Placed,2823.59,19,0,0,1,South
O01194,C033,2024-02-03,2024-02-06,2024-02-07,2024-02-07,Delivered,765.72,4,4,0,1,West
O01195,C014,2024-06-01,2024-06-04,2024-06-04,2024-06-04,Delivered,1641.12,13,13,0,1,West
O01196,C014,2024-02-01,2024-02-02,2024-02-04,2024-02-02,Delivered,230.76,3,3,0,1,West
O01197,C031,2024-02-07,2024-02-08,2024-02-12,,Shipped,1291.8,10,10,0,1,Midwest
O01198,C009,2024-08-29,2024-08-30,2024-09-02,2024-08-30,Delivered,3315.78,18,18,17,1,West
O01199,C004,2024-01-20,2024-01-23,2024-01-25,2024-01-23,Delivered,1013.4,9,8,0,1,South
O01200,C014,2024-01-28,2024-01-31,2024-02-03,2024-01-31,Delivered,855.57,19,19,0,1,West
O01201,C005,2024-10-19,2024-10-22,2024-10-26,,Shipped,811.26,18,18,0,1,Midwest
O01202,C034,2024-11-05,2024-11-07,2024-11-12,2024-11-07,Delivered,623.12,4,4,0,1,Midwest
O01203,C013,2024-07-31,2024-08-03,2024-08-07,2024-08-03,Delivered,120.75,5,5,0,1,South
O01204,C005,2024-11-27,2024-11-30,2024-12-03,2024-11-30,Delivered,334.95,3,3,0,1,Midwest
O01205,C003,2024-10-09,2024-10-11,2024-10-15,2024-10-13,Delivered,1419.04,14,14,0,1,South
O01206,C040,2024-03-31,2024-04-03,2024-04-03,2024-04-03,Delivered,804.48,8,8,0,1,Midwest
O01207,C001,2024-06-29,2024-07-02,2024-07-02,2024-07-02,Delivered,179.59,1,1,0,1,South
O01208,C018,2024-09-09,2024-09-10,2024-09-16,2024-09-12,Delivered,419.55,15,15,0,1,West
O01209,C036,2024-09-29,2024-10-01,2024-10-05,,Shipped,256.55,5,5,0,1,West
O01210,C015,2024-05-05,2024-05-07,2024-05-08,2024-05-08,Delivered,1268.64,16,16,0,0,Northeast
O01211,C002,2024-01-14,,2024-01-20,,Cancelled,1196.1,15,0,0,1,Northeast
O01212,C037,2024-05-25,2024-05-28,2024-05-31,2024-05-28,Delivered,198.4,2,2,2,1,Midwest
O01213,C001,2024-03-25,2024-03-26,2024-04-01,2024-03-28,Delivered,783.93,7,7,0,1,South
O01214,C034,2024-07-29,2024-07-30,2024-08-02,2024-08-08,Delivered,340.32,8,8,0,0,Midwest
O01215,C010,2024-10-21,,2024-10-27,,Cancelled,503.1,9,0,0,1,South
O01216,C014,2024-03-05,,2024-03-09,,Placed,2111.4,18,0,0,1,West
O01217,C022,2024-02-13,2024-02-16,2024-02-16,2024-02-16,Delivered,1319.01,7,3,0,1,South
O01218,C011,2024-07-22,2024-07-24,2024-07-29,2024-07-27,Delivered,2649.2,20,20,0,1,Midwest
O01219,C018,2024-02-12,2024-02-14,2024-02-16,2024-02-15,Delivered,306.75,15,15,0,1,West
O01220,C015,2024-04-30,,2024-05-03,,Cancelled,1106.16,11,0,0,1,Northeast
O01221,C037,2024-10-08,2024-10-10,2024-10-14,2024-10-12,Delivered,1473.89,11,3,0,1,Midwest
O01222,C015,2024-09-22,2024-09-24,2024-09-26,,Shipped,231.84,14,14,0,1,Northeast
O01223,C022,2024-07-29,2024-07-31,2024-08-04,2024-08-10,Delivered,3076.1,19,19,0,0,South
O01224,C039,2024-10-19,2024-10-20,2024-10-24,2024-10-24,Delivered,975.37,11,11,0,1,Midwest
O01225,C010,2024-06-13,2024-06-14,2024-06-18,2024-06-17,Delivered,2102.24,14,14,0,1,South
O01226,C032,2024-08-25,2024-08-27,2024-08-30,2024-08-28,Delivered,354.78,2,2,2,1,Northeast
O01227,C005,2024-01-20,2024-01-23,2024-01-24,2024-01-23,Delivered,2356.74,18,18,0,1,Midwest
O01228,C028,2024-10-09,2024-10-12,2024-10-12,2024-10-12,Delivered,703.71,9,9,0,1,Midwest
O01229,C022,2024-08-26,2024-08-29,2024-09-02,2024-09-01,Delivered,2496.6,19,19,0,0,South
O01230,C029,2024-10-07,2024-10-10,2024-10-12,2024-10-11,Delivered,2255.68,19,19,0,1,Northeast
O01231,C040,2024-08-13,2024-08-14,2024-08-18,2024-08-19,Delivered,118.38,6,6,0,1,Midwest
O01232,C027,2024-01-30,2024-02-01,2024-02-06,2024-02-02,Delivered,50.16,1,1,0,1,South
O01233,C019,2024-02-08,2024-02-09,2024-02-14,2024-02-09,Delivered,2243.52,16,16,0,1,Midwest
O01234,C022,2024-12-13,,2024-12-17,,Placed,1015.9,5,0,0,1,South
O01235,C038,2024-05-26,2024-05-27,2024-05-29,2024-05-28,Delivered,1524.67,7,7,2,0,South
O01236,C002,2024-11-16,2024-11-19,2024-11-20,2024-11-20,Delivered,2477.58,14,14,0,1,Northeast
O01237,C022,2024-11-15,2024-11-18,2024-11-19,2024-11-24,Delivered,2862.73,19,10,0,1,South
O01238,C038,2024-03-10,2024-03-12,2024-03-14,2024-03-13,Delivered,633.4,10,10,5,1,South
O01239,C020,2024-06-05,2024-06-08,2024-06-10,2024-06-10,Delivered,3864.6,18,7,0,1,Northeast
O01240,C006,2024-02-14,,2024-02-18,,Cancelled,290.92,2,0,0,1,Northeast
O01241,C040,2024-03-29,,2024-04-04,,Cancelled,1049.4,10,0,0,1,Midwest
O01242,C033,2024-11-10,2024-11-13,2024-11-16,2024-11-15,Delivered,2838.24,18,18,0,1,West
O01243,C032,2024-08-03,2024-08-06,2024-08-10,2024-08-08,Delivered,2154.4,16,2,0,1,Northeast
O01244,C032,2024-02-03,,2024-02-08,,Placed,276.1,10,0,0,1,Northeast
O01245,C007,2024-04-30,2024-05-03,2024-05-06,2024-05-04,Delivered,2008.3,10,10,0,0,Midwest
O01246,C036,2024-09-09,2024-09-10,2024-09-16,2024-09-12,Delivered,358.2,3,3,0,0,West
O01247,C029,2024-12-02,2024-12-05,2024-12-06,2024-12-06,Delivered,606.45,5,5,0,1,Northeast
O01248,C007,2024-08-24,2024-08-26,2024-08-28,,Shipped,574.74,6,6,0,1,Midwest
O01249,C028,2024-11-18,,2024-11-21,,Placed,107.1,5,0,0,1,Midwest
O01250,C007,2024-09-25,2024-09-28,2024-09-30,2024-09-30,Delivered,569.62,19,19,0,1,Midwest
O01251,C029,2024-03-08,2024-03-11,2024-03-14,2024-03-14,Delivered,659.88,13,13,0,1,Northeast
O01252,C025,2024-05-27,2024-05-29,2024-05-31,2024-05-31,Delivered,1385.01,9,9,0,1,Northeast
O01253,C035,2024-05-24,2024-05-25,2024-05-29,2024-05-28,Delivered,1137.18,11,11,0,1,West
O01254,C025,2024-01-23,2024-01-25,2024-01-26,2024-01-26,Delivered,1747.94,17,17,5,1,Northeast
O01255,C036,2024-03-18,2024-03-21,2024-03-24,2024-03-24,Delivered,1240.89,7,7,0,1,West
O01256,C038,2024-12-06,2024-12-07,2024-12-12,2024-12-08,Delivered,3320.95,17,17,0,1,South
O01257,C013,2024-06-14,2024-06-16,2024-06-21,2024-06-17,Delivered,2001.65,19,19,0,1,South
O01258,C028,2024-09-11,2024-09-13,2024-09-14,,Shipped,634.4,13,13,0,1,Midwest
O01259,C010,2024-08-09,2024-08-10,2024-08-12,2024-08-12,Delivered,2777.32,13,13,0,1,South
O01260,C036,2024-10-01,2024-10-04,2024-10-06,2024-10-05,Delivered,1617.0,20,20,0,1,West
O01261,C014,2024-06-04,2024-06-07,2024-06-08,2024-06-07,Delivered,1424.94,17,17,0,1,West
O01262,C025,2024-02-16,,2024-02-20,,Cancelled,2617.05,15,0,0,1,Northeast
O01263,C018,2024-03-18,2024-03-19,2024-03-25,2024-03-20,Delivered,275.47,13,13,0,1,West
O01264,C003,2024-09-21,2024-09-22,2024-09-26,2024-09-25,Delivered,2175.69,19,19,0,1,South
O01265,C021,2024-10-11,2024-10-12,2024-10-18,2024-10-24,Delivered,2103.92,17,17,0,1,South
O01266,C024,2024-06-27,2024-06-29,2024-06-30,2024-07-01,Delivered,348.32,2,2,0,1,West
O01267,C001,2024-09-23,2024-09-26,2024-09-29,2024-09-26,Delivered,1370.52,9,9,0,1,South
O01268,C019,2024-08-24,2024-08-27,2024-08-27,2024-08-27,Delivered,1988.83,17,17,0,1,Midwest
O01269,C008,2024-01-02,2024-01-03,2024-01-05,2024-01-10,Delivered,72.27,1,1,0,1,Northeast
O01270,C040,2024-01-27,2024-01-30,2024-02-02,2024-02-01,Delivered,364.38,3,1,0,1,Midwest
O01271,C016,2024-05-06,2024-05-08,2024-05-13,2024-05-13,Delivered,740.56,8,8,0,0,West
O01272,C040,2024-06-29,2024-07-01,2024-07-02,,Shipped,1020.8,10,10,0,1,Midwest
O01273,C007,2024-12-14,2024-12-16,2024-12-20,2024-12-23,Delivered,1878.84,17,17,0,1,Midwest
O01274,C037,2024-12-03,2024-12-06,2024-12-09,2024-12-08,Delivered,2761.08,19,19,0,1,Midwest
O01275,C033,2024-03-18,2024-03-20,2024-03-21,2024-03-22,Delivered,540.16,4,4,0,1,West
O01276,C020,2024-03-12,2024-03-14,2024-03-17,2024-03-23,Delivered,1090.72,16,16,0,1,Northeast
O01277,C030,2024-01-25,2024-01-28,2024-01-28,2024-01-28,Delivered,182.34,1,1,0,1,South
O01278,C032,2024-03-04,,2024-03-07,,Cancelled,1351.0,7,0,0,1,Northeast
O01279,C003,2024-02-05,2024-02-07,2024-02-12,2024-02-10,Delivered,137.9,5,5,0,1,South
O01280,C026,2024-11-22,2024-11-23,2024-11-28,2024-11-27,Delivered,614.56,8,8,0,0,West
O01281,C005,2024-04-02,,2024-04-08,,Cancelled,291.12,8,0,0,1,Midwest
O01282,C008,2024-03-04,2024-03-06,2024-03-09,2024-03-08,Delivered,1332.45,9,9,0,1,Northeast
O01283,C019,2024-01-15,2024-01-16,2024-01-18,2024-01-16,Delivered,578.06,7,7,0,1,Midwest
O01284,C011,2024-09-27,2024-09-28,2024-10-02,2024-09-29,Delivered,2341.17,13,13,0,1,Midwest
O01285,C018,2024-06-25,2024-06-26,2024-06-29,2024-06-28,Delivered,1393.6,10,10,0,1,West
O01286,C033,2024-08-23,2024-08-26,2024-08-26,2024-08-26,Delivered,1712.9,10,10,4,1,West
O01287,C004,2024-01-18,,2024-01-22,,Cancelled,1514.94,14,0,0,1,South
O01288,C036,2024-02-21,2024-02-22,2024-02-27,2024-02-25,Delivered,3724.7,17,17,0,1,West
O01289,C038,2024-02-06,2024-02-08,2024-02-10,2024-02-10,Delivered,3448.44,18,18,0,1,South
O01290,C031,2024-01-22,2024-01-23,2024-01-28,2024-01-25,Delivered,1160.16,6,6,0,1,Midwest
O01291,C018,2024-01-08,2024-01-11,2024-01-15,2024-01-13,Delivered,237.15,3,3,0,1,West
O01292,C025,2024-01-09,,2024-01-15,,Placed,2730.71,17,0,0,1,Northeast
O01293,C017,2024-07-26,2024-07-27,2024-07-30,2024-07-30,Delivered,2884.0,14,14,4,1,South
O01294,C022,2024-10-23,2024-10-25,2024-10-29,2024-11-01,Delivered,756.1,10,10,0,1,South
O01295,C036,2024-02-18,2024-02-21,2024-02-22,2024-02-22,Delivered,1541.67,13,13,0,1,West
O01296,C025,2024-02-27,2024-03-01,2024-03-05,2024-03-10,Delivered,673.5,6,6,0,1,Northeast
O01297,C039,2024-06-20,2024-06-22,2024-06-25,2024-07-02,Delivered,207.35,1,1,0,1,Midwest
O01298,C039,2024-08-02,2024-08-05,2024-08-07,2024-08-07,Delivered,477.84,8,8,0,1,Midwest
O01299,C022,2024-06-29,,2024-07-04,,Cancelled,1665.15,17,0,0,1,South
O01300,C025,2024-01-08,2024-01-11,2024-01-13,,Shipped,1552.32,16,16,0,1,Northeast
O01301,C029,2024-06-06,2024-06-07,2024-06-13,2024-06-09,Delivered,667.7,5,5,0,1,Northeast
O01302,C036,2024-03-18,,2024-03-22,,Cancelled,204.84,3,0,0,1,West
O01303,C016,2024-11-08,2024-11-10,2024-11-13,2024-11-10,Delivered,1689.87,13,13,0,1,West
O01304,C001,2024-07-08,2024-07-11,2024-07-11,2024-07-11,Delivered,444.6,19,19,0,1,South
O01305,C036,2024-07-23,2024-07-26,2024-07-29,2024-07-28,Delivered,130.94,1,1,0,1,West
O01306,C040,2024-08-25,2024-08-26,2024-08-30,2024-09-05,Delivered,778.35,5,5,0,1,Midwest
O01307,C031,2024-08-16,2024-08-19,2024-08-22,2024-08-21,Delivered,2323.8,20,20,0,1,Midwest
O01308,C040,2024-02-15,,2024-02-22,,Placed,867.36,8,0,0,1,Midwest
O01309,C021,2024-02-27,2024-03-01,2024-03-03,,Shipped,823.1,10,10,0,1,South
O01310,C037,2024-08-01,2024-08-02,2024-08-06,,Shipped,1818.83,17,17,0,1,Midwest
O01311,C015,2024-01-22,2024-01-24,2024-01-26,,Shipped,640.4,8,8,0,1,Northeast
O01312,C004,2024-03-30,2024-03-31,2024-04-05,2024-04-03,Delivered,1900.0,19,19,0,1,South
O01313,C014,2024-11-09,2024-11-12,2024-11-16,2024-11-16,Delivered,848.25,9,9,0,1,West
O01314,C017,2024-04-20,2024-04-23,2024-04-27,2024-04-26,Delivered,123.42,2,2,0,1,South
O01315,C005,2024-04-18,2024-04-20,2024-04-25,2024-04-25,Delivered,2720.6,20,20,0,1,Midwest
O01316,C039,2024-05-10,2024-05-13,2024-05-15,2024-05-20,Delivered,25.63,1,1,1,1,Midwest
O01317,C036,2024-08-20,2024-08-21,2024-08-27,,Shipped,655.33,13,13,0,1,West
O01318,C032,2024-01-22,2024-01-24,2024-01-26,2024-01-25,Delivered,553.35,15,15,0,1,Northeast
O01319,C007,2024-01-15,2024-01-18,2024-01-20,2024-01-24,Delivered,1661.79,13,13,0,0,Midwest
O01320,C013,2024-01-02,2024-01-05,2024-01-06,2024-01-09,Delivered,1286.0,20,20,0,1,South
O01321,C032,2024-08-30,,2024-09-06,,Placed,399.68,8,0,0,1,Northeast
O01322,C020,2024-09-26,2024-09-29,2024-09-30,2024-09-30,Delivered,162.08,8,8,0,1,Northeast
O01323,C002,2024-06-27,2024-06-28,2024-07-03,2024-07-03,Delivered,435.47,7,7,0,1,Northeast
O01324,C037,2024-07-03,2024-07-04,2024-07-06,2024-07-06,Delivered,2600.0,16,16,10,1,Midwest
O01325,C002,2024-11-04,2024-11-06,2024-11-07,2024-11-07,Delivered,445.8,15,15,0,1,Northeast
O01326,C032,2024-05-28,,2024-06-04,,Placed,2069.25,15,0,0,1,Northeast
O01327,C008,2024-03-20,2024-03-22,2024-03-27,2024-03-22,Delivered,192.24,1,1,0,1,Northeast
O01328,C023,2024-05-03,2024-05-04,2024-05-06,2024-05-05,Delivered,1354.14,9,9,0,1,West
O01329,C020,2024-02-27,2024-03-01,2024-03-02,2024-03-02,Delivered,79.26,2,2,0,1,Northeast
O01330,C040,2024-08-13,2024-08-16,2024-08-19,2024-08-19,Delivered,2402.44,17,17,7,0,Midwest
O01331,C036,2024-11-29,2024-12-02,2024-12-03,2024-12-02,Delivered,1549.72,17,17,0,0,West
O01332,C004,2024-02-06,2024-02-09,2024-02-10,2024-02-10,Delivered,840.75,5,2,0,0,South
O01333,C008,2024-07-25,2024-07-27,2024-08-01,2024-07-27,Delivered,1500.03,9,9,0,0,Northeast
O01334,C037,2024-10-13,2024-10-15,2024-10-16,2024-10-15,Delivered,1155.9,10,10,0,1,Midwest
O01335,C032,2024-03-10,2024-03-13,2024-03-16,2024-03-14,Delivered,620.1,10,10,0,1,Northeast
O01336,C019,2024-07-08,2024-07-11,2024-07-11,2024-07-11,Delivered,258.12,6,6,0,0,Midwest
O01337,C023,2024-09-29,,2024-10-03,,Cancelled,27.82,1,0,0,1,West
O01338,C009,2024-11-09,2024-11-10,2024-11-13,2024-11-11,Delivered,1083.83,11,11,6,1,West
O01339,C028,2024-10-28,,2024-11-03,,Cancelled,1235.82,6,0,0,1,Midwest
O01340,C037,2024-05-31,2024-06-03,2024-06-03,,Shipped,445.3,5,5,0,1,Midwest
O01341,C007,2024-06-30,2024-07-03,2024-07-07,2024-07-11,Delivered,2318.54,14,14,0,1,Midwest
O01342,C039,2024-02-29,2024-03-01,2024-03-06,2024-03-02,Delivered,1944.7,10,2,0,1,Midwest
O01343,C018,2024-03-02,2024-03-03,2024-03-09,2024-03-03,Delivered,259.47,3,3,0,1,West
O01344,C036,2024-06-27,2024-06-28,2024-07-02,2024-07-09,Delivered,1527.3,18,12,0,1,West
O01345,C025,2024-08-09,2024-08-10,2024-08-14,2024-08-14,Delivered,89.08,4,4,0,1,Northeast
O01346,C009,2024-04-05,2024-04-06,2024-04-08,2024-04-07,Delivered,946.92,6,6,0,1,West
O01347,C018,2024-02-01,2024-02-02,2024-02-04,2024-02-03,Delivered,766.02,17,17,0,1,West
O01348,C037,2024-10-01,2024-10-03,2024-10-04,,Shipped,3918.8,20,20,0,1,Midwest
O01349,C028,2024-11-18,2024-11-20,2024-11-23,2024-11-23,Delivered,577.84,4,4,0,1,Midwest
O01350,C034,2024-01-22,,2024-01-29,,Placed,153.32,2,0,0,1,Midwest
O01351,C006,2024-07-27,2024-07-29,2024-07-30,2024-07-29,Delivered,326.76,6,6,0,1,Northeast
O01352,C028,2024-09-03,2024-09-05,2024-09-09,2024-09-13,Delivered,336.28,4,4,0,1,Midwest
O01353,C037,2024-10-19,2024-10-22,2024-10-23,2024-10-23,Delivered,3232.2,15,15,0,1,Midwest
O01354,C038,2024-05-25,2024-05-26,2024-05-30,2024-05-26,Delivered,1681.82,14,14,0,0,South
O01355,C004,2024-11-26,2024-11-29,2024-11-30,2024-11-30,Delivered,1790.4,15,15,0,1,South
O01356,C038,2024-02-12,2024-02-15,2024-02-19,2024-02-15,Delivered,372.26,2,1,1,1,South
O01357,C020,2024-09-08,2024-09-10,2024-09-11,2024-09-10,Delivered,2136.56,17,17,0,1,Northeast
O01358,C003,2024-04-05,2024-04-07,2024-04-10,2024-04-07,Delivered,435.72,6,6,0,1,South
O01359,C014,2024-10-19,2024-10-21,2024-10-25,2024-10-21,Delivered,662.2,20,15,14,1,West
O01360,C005,2024-06-20,2024-06-23,2024-06-26,2024-06-26,Delivered,669.6,9,9,0,1,Midwest
O01361,C013,2024-09-21,2024-09-22,2024-09-25,2024-09-25,Delivered,183.76,8,1,0,0,South
O01362,C035,2024-09-27,2024-09-29,2024-10-04,2024-09-29,Delivered,404.1,10,10,0,1,West
O01363,C039,2024-06-14,2024-06-15,2024-06-18,2024-06-15,Delivered,368.64,18,17,9,1,Midwest
O01364,C040,2024-04-05,2024-04-07,2024-04-10,2024-04-12,Delivered,1945.44,16,16,0,1,Midwest
O01365,C013,2024-06-20,2024-06-21,2024-06-23,,Shipped,918.06,13,13,0,1,South
O01366,C007,2024-02-12,2024-02-14,2024-02-19,2024-02-16,Delivered,1302.84,6,6,6,1,Midwest
O01367,C035,2024-08-10,,2024-08-13,,Placed,30.54,1,0,0,1,West
O01368,C032,2024-03-21,2024-03-23,2024-03-27,2024-03-23,Delivered,1467.62,11,3,0,1,Northeast
O01369,C021,2024-06-23,2024-06-26,2024-06-27,2024-06-27,Delivered,722.04,4,3,0,1,South
O01370,C015,2024-10-05,2024-10-06,2024-10-10,2024-10-10,Delivered,1190.48,8,8,0,1,Northeast
O01371,C005,2024-08-11,2024-08-14,2024-08-16,2024-08-14,Delivered,1137.71,7,7,0,1,Midwest
O01372,C018,2024-05-20,2024-05-22,2024-05-23,2024-05-22,Delivered,2479.95,15,15,0,1,West
O01373,C040,2024-03-08,2024-03-09,2024-03-15,2024-03-10,Delivered,1419.5,17,17,0,1,Midwest
O01374,C020,2024-12-09,2024-12-12,2024-12-13,2024-12-13,Delivered,4071.7,19,19,0,1,Northeast
O01375,C009,2024-03-23,,2024-03-27,,Placed,1606.88,16,0,0,1,West
O01376,C027,2024-11-10,2024-11-12,2024-11-14,2024-11-14,Delivered,1129.31,7,7,0,1,South
O01377,C011,2024-08-10,2024-08-12,2024-08-13,2024-08-12,Delivered,669.13,7,7,0,0,Midwest
O01378,C021,2024-10-18,2024-10-19,2024-10-24,,Shipped,840.9,10,10,0,1,South
O01379,C024,2024-03-24,2024-03-27,2024-03-31,2024-03-30,Delivered,1865.44,16,16,0,1,West
O01380,C007,2024-04-21,2024-04-22,2024-04-25,2024-04-22,Delivered,1685.32,14,14,0,1,Midwest
O01381,C016,2024-09-04,,2024-09-08,,Cancelled,3119.99,19,0,0,1,West
O01382,C021,2024-01-27,2024-01-28,2024-01-30,2024-01-28,Delivered,1223.91,9,9,0,1,South
O01383,C024,2024-05-27,2024-05-30,2024-06-02,2024-05-30,Delivered,1434.51,11,11,0,1,West
O01384,C016,2024-12-12,2024-12-15,2024-12-19,2024-12-16,Delivered,1228.48,16,16,0,1,West
O01385,C013,2024-06-08,2024-06-09,2024-06-13,2024-06-11,Delivered,2041.34,14,14,0,0,South
O01386,C007,2024-11-25,2024-11-28,2024-11-29,2024-11-28,Delivered,1076.68,11,11,0,1,Midwest
O01387,C039,2024-03-10,2024-03-13,2024-03-14,2024-03-13,Delivered,897.06,6,6,0,1,Midwest
O01388,C021,2024-10-22,2024-10-23,2024-10-29,2024-10-28,Delivered,2745.75,15,15,0,1,South
O01389,C002,2024-02-11,2024-02-13,2024-02-17,2024-02-15,Delivered,282.42,9,9,6,1,Northeast
O01390,C015,2024-09-12,2024-09-13,2024-09-19,,Shipped,2760.29,17,17,0,1,Northeast
O01391,C002,2024-02-03,2024-02-05,2024-02-06,2024-02-05,Delivered,858.77,11,1,0,1,Northeast
O01392,C029,2024-06-23,2024-06-26,2024-06-30,2024-06-26,Delivered,235.32,6,6,0,1,Northeast
O01393,C033,2024-03-08,2024-03-10,2024-03-14,2024-03-21,Delivered,1530.13,7,7,0,1,West
O01394,C012,2024-07-27,2024-07-30,2024-07-31,2024-07-31,Delivered,38.46,1,1,0,1,Northeast
O01395,C027,2024-04-15,2024-04-17,2024-04-19,2024-04-17,Delivered,515.15,5,5,5,0,South
O01396,C018,2024-07-24,2024-07-27,2024-07-27,2024-07-27,Delivered,970.56,16,16,0,1,West
O01397,C016,2024-07-17,2024-07-19,2024-07-20,2024-07-20,Delivered,1247.96,14,14,0,0,West
O01398,C024,2024-05-29,2024-05-31,2024-06-04,2024-06-04,Delivered,81.09,1,1,0,1,West
O01399,C026,2024-10-22,2024-10-25,2024-10-25,2024-10-25,Delivered,2306.6,20,20,0,1,West
O01400,C036,2024-05-22,2024-05-23,2024-05-29,2024-05-27,Delivered,2298.0,15,15,0,1,West
O01401,C022,2024-12-02,,2024-12-09,,Placed,2195.9,10,0,0,1,South
O01402,C001,2024-06-18,2024-06-21,2024-06-25,2024-06-21,Delivered,954.6,15,15,0,1,South
O01403,C016,2024-08-16,2024-08-19,2024-08-19,2024-08-19,Delivered,1559.04,14,14,0,1,West
O01404,C008,2024-11-02,2024-11-03,2024-11-07,2024-11-06,Delivered,1915.3,10,10,0,1,Northeast
O01405,C001,2024-04-03,2024-04-05,2024-04-10,2024-04-06,Delivered,1402.05,13,13,3,1,South
O01406,C035,2024-02-14,2024-02-15,2024-02-18,2024-02-15,Delivered,1187.7,6,6,0,1,West
O01407,C032,2024-07-04,,2024-07-09,,Cancelled,3733.4,20,0,0,1,Northeast
O01408,C036,2024-10-08,2024-10-11,2024-10-14,2024-10-14,Delivered,696.4,8,8,0,1,West
O01409,C022,2024-08-28,2024-08-31,2024-09-02,2024-09-02,Delivered,92.26,1,1,0,0,South
O01410,C033,2024-10-17,,2024-10-22,,Cancelled,953.4,12,0,0,1,West
O01411,C036,2024-05-18,2024-05-19,2024-05-24,2024-05-19,Delivered,3563.2,20,20,0,1,West
O01412,C040,2024-01-12,2024-01-15,2024-01-18,2024-01-16,Delivered,269.76,4,4,0,1,Midwest
O01413,C012,2024-04-07,2024-04-10,2024-04-14,2024-04-20,Delivered,849.96,6,6,0,1,Northeast
O01414,C014,2024-11-17,,2024-11-20,,Cancelled,1094.16,6,0,0,1,West
O01415,C023,2024-10-04,,2024-10-10,,Cancelled,1477.28,14,0,0,1,West
O01416,C027,2024-09-15,2024-09-18,2024-09-22,2024-09-18,Delivered,2366.7,14,14,0,1,South
O01417,C004,2024-10-17,2024-10-19,2024-10-22,2024-10-27,Delivered,699.04,16,16,0,1,South
O01418,C020,2024-05-05,2024-05-07,2024-05-11,2024-05-08,Delivered,1624.05,15,15,0,1,Northeast
O01419,C033,2024-05-30,2024-06-02,2024-06-04,2024-06-03,Delivered,2092.86,11,11,0,1,West
O01420,C023,2024-09-20,2024-09-21,2024-09-23,2024-09-22,Delivered,172.77,3,3,0,1,West
O01421,C017,2024-02-08,2024-02-09,2024-02-15,2024-02-18,Delivered,1818.75,15,15,0,1,South
O01422,C004,2024-02-06,2024-02-09,2024-02-13,2024-02-10,Delivered,555.45,5,5,0,1,South
O01423,C002,2024-03-09,2024-03-11,2024-03-14,2024-03-16,Delivered,148.8,4,4,0,1,Northeast
O01424,C021,2024-10-26,2024-10-28,2024-11-01,2024-10-28,Delivered,1439.68,8,8,0,1,South
O01425,C025,2024-05-03,,2024-05-10,,Cancelled,101.66,2,0,0,1,Northeast
O01426,C017,2024-03-30,,2024-04-04,,Placed,857.8,5,0,0,1,South
O01427,C004,2024-06-08,2024-06-10,2024-06-14,2024-06-15,Delivered,3964.0,20,20,0,0,South
O01428,C021,2024-07-23,2024-07-25,2024-07-30,2024-07-29,Delivered,535.8,5,2,0,1,South
O01429,C037,2024-07-15,2024-07-16,2024-07-19,2024-07-19,Delivered,1718.88,12,12,0,1,Midwest
O01430,C035,2024-04-12,2024-04-14,2024-04-17,2024-04-16,Delivered,585.2,20,20,0,1,West
O01431,C005,2024-05-31,2024-06-02,2024-06-06,2024-06-02,Delivered,2069.34,13,13,0,1,Midwest
O01432,C018,2024-09-23,2024-09-26,2024-09-28,2024-09-26,Delivered,1514.72,16,16,0,1,West
O01433,C029,2024-02-10,2024-02-11,2024-02-14,2024-02-13,Delivered,2552.64,12,12,0,1,Northeast
O01434,C007,2024-10-17,2024-10-20,2024-10-20,2024-10-20,Delivered,2062.6,20,20,0,1,Midwest
O01435,C011,2024-11-01,2024-11-02,2024-11-05,2024-11-05,Delivered,1376.62,7,7,0,1,Midwest
O01436,C005,2024-06-23,2024-06-25,2024-06-29,2024-06-27,Delivered,476.9,5,5,0,1,Midwest
O01437,C019,2024-07-31,2024-08-02,2024-08-06,2024-08-05,Delivered,301.29,3,3,0,1,Midwest
O01438,C012,2024-04-16,2024-04-19,2024-04-19,2024-04-19,Delivered,103.03,1,1,0,1,Northeast
O01439,C030,2024-04-24,2024-04-26,2024-04-30,2024-05-04,Delivered,1142.64,12,12,0,1,South
O01440,C040,2024-12-10,2024-12-11,2024-12-14,2024-12-11,Delivered,3484.98,18,18,0,1,Midwest
O01441,C033,2024-03-02,2024-03-05,2024-03-07,2024-03-07,Delivered,1659.33,9,9,0,1,West
O01442,C035,2024-11-26,2024-11-28,2024-11-30,2024-11-29,Delivered,519.96,3,3,0,1,West
O01443,C036,2024-06-05,2024-06-06,2024-06-10,2024-06-11,Delivered,2447.51,13,13,0,1,West
O01444,C001,2024-11-19,2024-11-20,2024-11-22,2024-11-20,Delivered,158.15,5,5,0,1,South
O01445,C025,2024-09-25,2024-09-27,2024-10-02,2024-10-08,Delivered,1259.28,6,6,0,1,Northeast
O01446,C014,2024-03-20,2024-03-23,2024-03-24,2024-03-23,Delivered,2021.32,14,14,0,1,West
O01447,C007,2024-04-06,2024-04-07,2024-04-09,2024-04-08,Delivered,195.3,6,6,0,1,Midwest
O01448,C006,2024-07-16,2024-07-19,2024-07-21,2024-07-19,Delivered,2028.48,12,12,0,1,Northeast
O01449,C026,2024-01-04,2024-01-05,2024-01-08,2024-01-07,Delivered,1426.4,8,1,1,1,West
O01450,C031,2024-05-29,,2024-06-03,,Cancelled,1096.97,7,0,0,1,Midwest
O01451,C016,2024-09-08,2024-09-10,2024-09-12,2024-09-10,Delivered,1794.43,11,11,0,0,West
O01452,C026,2024-07-31,,2024-08-03,,Placed,553.3,11,0,0,1,West
O01453,C028,2024-01-27,,2024-01-31,,Placed,2945.19,19,0,0,1,Midwest
O01454,C029,2024-03-26,2024-03-28,2024-04-02,2024-04-04,Delivered,3063.0,20,20,0,1,Northeast
O01455,C013,2024-07-01,2024-07-03,2024-07-06,2024-07-03,Delivered,1408.68,14,14,6,1,South
O01456,C037,2024-09-24,2024-09-25,2024-09-30,2024-09-27,Delivered,2743.68,16,16,0,1,Midwest
O01457,C009,2024-10-30,2024-10-31,2024-11-02,2024-11-02,Delivered,368.1,15,15,0,1,West
O01458,C012,2024-05-03,2024-05-06,2024-05-09,2024-05-09,Delivered,1058.33,7,7,0,1,Northeast
O01459,C039,2024-07-17,2024-07-18,2024-07-21,2024-07-19,Delivered,381.69,3,3,0,1,Midwest
O01460,C028,2024-07-11,2024-07-13,2024-07-15,2024-07-14,Delivered,686.56,4,4,0,0,Midwest
O01461,C006,2024-08-05,2024-08-07,2024-08-10,,Shipped,1976.52,13,13,0,1,Northeast
O01462,C001,2024-10-18,2024-10-21,2024-10-25,2024-10-23,Delivered,2833.6,14,14,0,1,South
O01463,C007,2024-10-21,2024-10-23,2024-10-27,2024-10-25,Delivered,2101.44,11,11,0,1,Midwest
O01464,C040,2024-03-04,2024-03-07,2024-03-07,2024-03-07,Delivered,730.32,12,12,0,1,Midwest
O01465,C023,2024-02-05,2024-02-06,2024-02-08,2024-02-08,Delivered,361.86,3,3,0,1,West
O01466,C038,2024-08-03,2024-08-05,2024-08-10,2024-08-09,Delivered,509.74,11,11,0,1,South
O01467,C035,2024-03-01,2024-03-02,2024-03-06,2024-03-09,Delivered,822.56,8,8,8,1,West
O01468,C013,2024-07-04,2024-07-05,2024-07-07,2024-07-07,Delivered,871.44,4,4,0,1,South
O01469,C011,2024-11-09,2024-11-11,2024-11-15,2024-11-17,Delivered,69.96,4,4,0,0,Midwest
O01470,C022,2024-03-29,2024-04-01,2024-04-01,2024-04-01,Delivered,2783.68,16,16,0,1,South
O01471,C013,2024-09-13,2024-09-15,2024-09-19,2024-09-15,Delivered,1456.08,12,12,0,0,South
O01472,C016,2024-07-09,2024-07-11,2024-07-13,2024-07-13,Delivered,2290.65,15,15,0,1,West
O01473,C038,2024-07-06,2024-07-08,2024-07-11,2024-07-18,Delivered,2726.0,20,20,0,1,South
O01474,C038,2024-11-22,,2024-11-29,,Placed,2622.78,18,0,0,1,South
O01475,C001,2024-07-19,2024-07-20,2024-07-22,2024-07-20,Delivered,1026.36,9,8,0,0,South
O01476,C012,2024-12-14,2024-12-15,2024-12-19,2024-12-15,Delivered,1709.01,9,9,8,1,Northeast
O01477,C001,2024-10-07,2024-10-10,2024-10-12,2024-10-12,Delivered,2346.72,16,16,0,1,South
O01478,C007,2024-06-15,2024-06-17,2024-06-21,2024-06-20,Delivered,1298.16,18,18,0,1,Midwest
O01479,C022,2024-02-25,2024-02-28,2024-02-29,2024-02-29,Delivered,295.82,7,7,0,1,South
O01480,C004,2024-08-04,2024-08-05,2024-08-10,2024-08-09,Delivered,394.08,6,6,2,1,South
O01481,C024,2024-07-27,2024-07-30,2024-07-31,2024-07-31,Delivered,1841.84,14,14,11,1,West
O01482,C033,2024-09-06,2024-09-07,2024-09-11,2024-09-11,Delivered,1779.73,17,17,0,1,West
O01483,C011,2024-11-11,2024-11-14,2024-11-18,2024-11-18,Delivered,325.17,3,3,3,1,Midwest
O01484,C007,2024-03-25,2024-03-27,2024-03-30,2024-03-29,Delivered,441.9,18,18,17,1,Midwest
O01485,C009,2024-06-17,2024-06-19,2024-06-21,2024-06-19,Delivered,1682.3,10,10,0,1,West
O01486,C009,2024-11-02,,2024-11-07,,Placed,2121.7,14,0,0,1,West
O01487,C010,2024-01-01,2024-01-02,2024-01-04,2024-01-02,Delivered,1345.14,9,9,0,1,South
O01488,C016,2024-08-24,,2024-08-28,,Cancelled,630.6,5,0,0,1,West
O01489,C012,2024-03-12,2024-03-13,2024-03-19,2024-03-15,Delivered,513.0,4,4,0,1,Northeast
O01490,C031,2024-03-16,2024-03-18,2024-03-19,2024-03-18,Delivered,1743.0,14,14,0,1,Midwest
O01491,C038,2024-11-18,2024-11-20,2024-11-21,2024-11-20,Delivered,944.86,14,14,0,1,South
O01492,C038,2024-07-04,2024-07-06,2024-07-07,2024-07-14,Delivered,3487.36,16,16,0,1,South
O01493,C026,2024-09-07,2024-09-09,2024-09-13,2024-09-10,Delivered,3236.4,15,15,0,1,West
O01494,C008,2024-04-14,2024-04-15,2024-04-20,2024-04-15,Delivered,54.44,2,2,0,1,Northeast
O01495,C026,2024-04-22,2024-04-24,2024-04-28,2024-04-28,Delivered,3027.42,18,18,0,1,West
O01496,C016,2024-11-29,,2024-12-06,,Placed,909.44,16,0,0,1,West
O01497,C007,2024-11-20,2024-11-23,2024-11-26,2024-11-26,Delivered,713.97,9,9,0,1,Midwest
O01498,C006,2024-10-15,2024-10-17,2024-10-18,2024-10-18,Delivered,338.28,3,3,0,1,Northeast
O01499,C032,2024-04-24,,2024-04-29,,Placed,1824.15,15,0,0,1,Northeast
O01500,C024,2024-09-29,2024-10-02,2024-10-03,2024-10-02,Delivered,250.89,3,3,0,1,West
O01501,C004,2024-08-29,2024-08-31,2024-09-01,2024-09-01,Delivered,1731.0,15,15,0,1,South
O01502,C012,2024-09-06,2024-09-07,2024-09-13,2024-09-09,Delivered,761.88,14,14,0,1,Northeast
O01503,C005,2024-02-09,2024-02-10,2024-02-13,2024-02-18,Delivered,658.8,4,4,0,1,Midwest
O01504,C014,2024-02-10,2024-02-12,2024-02-16,2024-02-22,Delivered,433.5,15,15,0,1,West
O01505,C011,2024-04-30,2024-05-01,2024-05-03,2024-05-02,Delivered,1045.4,20,20,0,1,Midwest
O01506,C023,2024-11-04,2024-11-05,2024-11-08,2024-11-05,Delivered,789.2,20,20,0,1,West
O01507,C006,2024-03-14,2024-03-17,2024-03-18,2024-03-17,Delivered,373.65,5,5,0,1,Northeast
O01508,C031,2024-11-17,2024-11-20,2024-11-22,2024-11-20,Delivered,1580.2,10,10,0,1,Midwest
O01509,C010,2024-11-15,2024-11-17,2024-11-19,2024-11-19,Delivered,249.44,4,4,0,1,South
O01510,C011,2024-11-01,2024-11-02,2024-11-07,2024-11-08,Delivered,905.88,12,12,0,0,Midwest
O01511,C004,2024-05-22,2024-05-24,2024-05-29,2024-05-27,Delivered,1184.4,8,8,0,1,South
O01512,C035,2024-11-15,2024-11-18,2024-11-22,2024-11-18,Delivered,256.38,3,3,0,1,West
O01513,C009,2024-10-26,2024-10-29,2024-11-02,2024-11-04,Delivered,1194.76,14,14,0,1,West
O01514,C006,2024-07-14,,2024-07-17,,Placed,125.86,2,0,0,1,Northeast
O01515,C032,2024-11-09,2024-11-11,2024-11-13,2024-11-13,Delivered,2373.28,13,13,0,1,Northeast
O01516,C019,2024-02-08,2024-02-10,2024-02-11,2024-02-10,Delivered,255.84,6,6,0,1,Midwest
O01517,C002,2024-09-25,2024-09-26,2024-09-28,2024-09-27,Delivered,778.19,7,7,0,1,Northeast
O01518,C024,2024-12-12,2024-12-15,2024-12-17,2024-12-17,Delivered,1748.3,10,10,0,1,West
O01519,C006,2024-12-03,2024-12-05,2024-12-06,2024-12-10,Delivered,1165.44,6,3,0,1,Northeast
O01520,C022,2024-02-05,2024-02-06,2024-02-11,2024-02-11,Delivered,177.6,3,3,0,1,South
O01521,C004,2024-08-19,2024-08-21,2024-08-24,2024-08-22,Delivered,57.39,1,1,0,1,South
O01522,C014,2024-03-08,2024-03-10,2024-03-14,2024-03-13,Delivered,880.38,6,6,0,1,West
O01523,C021,2024-02-17,2024-02-18,2024-02-22,2024-02-24,Delivered,201.12,8,8,0,1,South
O01524,C030,2024-06-23,2024-06-25,2024-06-27,2024-06-27,Delivered,1987.2,20,20,0,1,South
O01525,C018,2024-10-05,2024-10-06,2024-10-10,2024-10-17,Delivered,160.69,1,1,0,1,West
O01526,C010,2024-01-14,2024-01-15,2024-01-18,2024-01-17,Delivered,262.66,2,2,0,1,South
O01527,C027,2024-11-03,2024-11-05,2024-11-06,2024-11-05,Delivered,277.44,6,6,0,1,South
O01528,C017,2024-05-06,2024-05-08,2024-05-10,2024-05-09,Delivered,415.12,8,8,0,1,South
O01529,C019,2024-10-29,2024-10-31,2024-11-04,,Shipped,1540.52,19,19,0,1,Midwest
O01530,C010,2024-09-22,2024-09-23,2024-09-28,,Shipped,157.64,4,4,0,1,South
O01531,C018,2024-04-04,2024-04-05,2024-04-07,2024-04-09,Delivered,1041.0,12,12,0,1,West
O01532,C005,2024-11-06,2024-11-08,2024-11-10,2024-11-08,Delivered,1266.88,16,16,0,1,Midwest
O01533,C027,2024-02-23,2024-02-26,2024-02-27,2024-02-29,Delivered,3550.15,19,19,0,1,South
O01534,C008,2024-03-12,2024-03-14,2024-03-18,2024-03-15,Delivered,2757.09,19,2,0,1,Northeast
O01535,C023,2024-08-24,,2024-08-30,,Cancelled,162.62,2,0,0,1,West
O01536,C012,2024-05-02,2024-05-04,2024-05-06,2024-05-04,Delivered,2613.41,17,17,0,1,Northeast
O01537,C021,2024-06-05,2024-06-06,2024-06-09,2024-06-09,Delivered,939.65,5,5,0,1,South
O01538,C022,2024-10-11,2024-10-13,2024-10-15,2024-10-13,Delivered,1707.12,8,8,0,1,South
O01539,C032,2024-11-04,2024-11-06,2024-11-09,2024-11-07,Delivered,1013.4,18,12,0,0,Northeast
O01540,C024,2024-10-21,2024-10-24,2024-10-28,2024-10-26,Delivered,152.32,1,1,1,1,West
O01541,C011,2024-09-18,2024-09-19,2024-09-25,2024-09-24,Delivered,2041.13,13,11,0,1,Midwest
O01542,C019,2024-06-07,2024-06-10,2024-06-11,2024-06-11,Delivered,371.2,4,4,0,1,Midwest
O01543,C022,2024-01-11,2024-01-13,2024-01-17,2024-01-14,Delivered,715.47,7,7,0,1,South
O01544,C031,2024-10-14,2024-10-17,2024-10-19,2024-10-18,Delivered,1231.92,18,18,0,1,Midwest
O01545,C018,2024-05-18,,2024-05-22,,Placed,2093.7,15,0,0,1,West
O01546,C018,2024-07-28,2024-07-29,2024-07-31,2024-07-30,Delivered,1264.34,14,14,0,1,West
O01547,C001,2024-09-07,2024-09-08,2024-09-10,2024-09-09,Delivered,2208.64,14,14,0,1,South
O01548,C040,2024-06-25,2024-06-28,2024-06-30,2024-06-30,Delivered,3817.8,18,18,18,1,Midwest
O01549,C003,2024-02-22,2024-02-24,2024-02-26,2024-02-24,Delivered,1590.86,17,17,0,0,South
O01550,C003,2024-07-11,,2024-07-15,,Cancelled,953.61,7,0,0,1,South
O01551,C022,2024-12-01,2024-12-04,2024-12-08,2024-12-08,Delivered,1401.28,8,6,0,1,South
O01552,C006,2024-11-25,2024-11-28,2024-11-29,2024-12-06,Delivered,1737.0,15,15,0,1,Northeast
O01553,C018,2024-11-27,2024-11-29,2024-12-01,2024-12-04,Delivered,328.8,2,2,0,1,West
O01554,C034,2024-06-06,2024-06-09,2024-06-12,2024-06-11,Delivered,664.86,7,7,0,0,Midwest
O01555,C032,2024-12-07,2024-12-09,2024-12-10,2024-12-14,Delivered,3081.23,19,19,0,1,Northeast
O01556,C014,2024-08-20,2024-08-21,2024-08-23,2024-08-21,Delivered,180.39,7,4,0,1,West
O01557,C016,2024-07-06,2024-07-07,2024-07-13,2024-07-09,Delivered,1635.66,13,13,0,1,West
O01558,C035,2024-08-10,2024-08-12,2024-08-13,2024-08-13,Delivered,1788.84,12,12,0,1,West
O01559,C002,2024-02-08,2024-02-09,2024-02-12,2024-02-12,Delivered,921.45,5,3,2,1,Northeast
O01560,C018,2024-12-02,2024-12-03,2024-12-05,2024-12-05,Delivered,263.6,4,4,0,1,West
O01561,C017,2024-10-11,2024-10-14,2024-10-16,2024-10-14,Delivered,1771.29,9,1,0,1,South
O01562,C007,2024-02-01,2024-02-02,2024-02-07,2024-02-03,Delivered,1217.92,11,11,0,1,Midwest
O01563,C034,2024-07-06,2024-07-08,2024-07-09,2024-07-08,Delivered,174.94,2,2,0,1,Midwest
O01564,C038,2024-08-24,2024-08-25,2024-08-27,2024-08-27,Delivered,52.91,1,1,0,0,South
O01565,C012,2024-09-11,2024-09-13,2024-09-14,2024-09-13,Delivered,1645.42,14,14,0,1,Northeast
O01566,C017,2024-02-21,2024-02-22,2024-02-24,2024-02-25,Delivered,1494.3,15,15,0,1,South
O01567,C022,2024-01-22,2024-01-24,2024-01-28,2024-02-02,Delivered,1423.8,15,15,0,1,South
O01568,C024,2024-07-31,2024-08-03,2024-08-05,2024-08-05,Delivered,2687.04,18,18,0,1,West
O01569,C026,2024-01-15,2024-01-17,2024-01-18,2024-01-18,Delivered,2048.8,16,16,0,1,West
O01570,C009,2024-05-11,2024-05-12,2024-05-17,2024-05-16,Delivered,335.2,8,8,0,1,West
O01571,C012,2024-02-26,2024-02-29,2024-03-04,2024-02-29,Delivered,478.28,11,11,0,0,Northeast
O01572,C010,2024-01-25,2024-01-28,2024-01-28,2024-01-28,Delivered,245.7,10,10,0,1,South
O01573,C022,2024-04-28,2024-05-01,2024-05-04,2024-05-02,Delivered,579.0,4,4,0,1,South
O01574,C027,2024-11-07,2024-11-09,2024-11-13,2024-11-11,Delivered,1046.65,5,5,0,1,South
O01575,C001,2024-01-02,2024-01-04,2024-01-07,2024-01-06,Delivered,4289.8,20,20,0,1,South
O01576,C024,2024-09-24,2024-09-25,2024-09-29,2024-09-25,Delivered,603.13,11,11,0,1,West
O01577,C018,2024-08-17,,2024-08-24,,Placed,2983.4,14,0,0,1,West
O01578,C004,2024-11-06,2024-11-09,2024-11-09,2024-11-09,Delivered,2709.33,13,13,0,1,South
O01579,C007,2024-06-15,2024-06-16,2024-06-18,2024-06-17,Delivered,757.8,10,10,0,1,Midwest
O01580,C002,2024-10-31,2024-11-03,2024-11-03,2024-11-03,Delivered,1952.73,13,13,11,1,Northeast
O01581,C021,2024-08-27,2024-08-29,2024-08-31,2024-08-31,Delivered,723.24,9,9,0,1,South
O01582,C035,2024-03-14,2024-03-15,2024-03-17,2024-03-15,Delivered,165.96,6,4,0,1,West
O01583,C009,2024-08-02,2024-08-05,2024-08-09,2024-08-08,Delivered,2959.65,15,15,0,1,West
O01584,C012,2024-01-30,2024-02-02,2024-02-04,2024-02-02,Delivered,447.39,9,9,0,1,Northeast
O01585,C036,2024-05-20,2024-05-22,2024-05-24,2024-05-22,Delivered,1015.49,7,7,0,0,West
O01586,C027,2024-11-12,2024-11-14,2024-11-19,2024-11-19,Delivered,887.9,5,5,2,1,South
O01587,C027,2024-04-02,2024-04-05,2024-04-07,2024-04-11,Delivered,2332.2,20,20,0,1,South
O01588,C031,2024-02-04,,2024-02-07,,Placed,95.2,1,0,0,1,Midwest
O01589,C006,2024-02-05,2024-02-06,2024-02-11,2024-02-06,Delivered,110.58,1,1,0,1,Northeast
O01590,C020,2024-04-22,2024-04-23,2024-04-28,2024-04-26,Delivered,1438.4,8,8,0,1,Northeast
O01591,C010,2024-02-03,2024-02-04,2024-02-10,2024-02-12,Delivered,2375.19,19,19,0,1,South
O01592,C022,2024-02-14,,2024-02-18,,Cancelled,154.47,3,0,0,1,South
O01593,C020,2024-05-16,,2024-05-23,,Cancelled,1468.46,17,0,0,1,Northeast
O01594,C018,2024-06-23,2024-06-25,2024-06-29,,Shipped,331.28,4,4,0,1,West
O01595,C028,2024-02-11,2024-02-12,2024-02-14,2024-02-20,Delivered,1546.4,16,16,0,1,Midwest
O01596,C008,2024-11-04,2024-11-05,2024-11-09,2024-11-06,Delivered,289.0,2,2,0,1,Northeast
O01597,C003,2024-10-04,2024-10-05,2024-10-11,2024-10-08,Delivered,314.52,12,12,11,1,South
O01598,C009,2024-02-12,2024-02-13,2024-02-18,2024-02-14,Delivered,2671.74,18,18,0,0,West
O01599,C018,2024-01-19,2024-01-22,2024-01-24,2024-01-24,Delivered,2306.26,11,11,0,1,West
O01600,C006,2024-07-30,2024-07-31,2024-08-06,2024-08-03,Delivered,2320.66,19,19,0,1,Northeast
O01601,C033,2024-03-29,2024-03-30,2024-04-04,2024-04-02,Delivered,614.1,6,6,0,1,West
O01602,C013,2024-11-18,2024-11-20,2024-11-22,2024-11-21,Delivered,169.96,4,4,0,1,South
O01603,C015,2024-05-04,2024-05-05,2024-05-10,2024-05-10,Delivered,2650.62,14,14,0,1,Northeast
O01604,C023,2024-10-27,2024-10-28,2024-11-03,2024-10-28,Delivered,755.04,11,11,0,1,West
O01605,C025,2024-02-05,2024-02-06,2024-02-11,2024-02-06,Delivered,1611.68,8,8,0,1,Northeast
O01606,C037,2024-11-05,2024-11-08,2024-11-12,2024-11-08,Delivered,878.22,18,18,0,1,Midwest
O01607,C040,2024-02-09,2024-02-10,2024-02-13,2024-02-13,Delivered,3352.17,19,6,0,1,Midwest
O01608,C007,2024-12-12,2024-12-14,2024-12-18,2024-12-14,Delivered,352.8,18,18,0,1,Midwest
O01609,C015,2024-05-27,2024-05-28,2024-05-30,2024-05-29,Delivered,580.68,3,1,0,1,Northeast
O01610,C022,2024-10-16,,2024-10-21,,Cancelled,1450.2,20,0,0,1,South
O01611,C035,2024-03-01,2024-03-03,2024-03-05,2024-03-03,Delivered,2921.2,20,20,0,1,West
O01612,C032,2024-03-11,2024-03-13,2024-03-16,2024-03-16,Delivered,1760.76,12,12,0,1,Northeast
O01613,C013,2024-06-02,2024-06-04,2024-06-06,2024-06-06,Delivered,516.6,20,20,14,1,South
O01614,C027,2024-12-04,2024-12-05,2024-12-11,2024-12-15,Delivered,1628.72,8,8,0,1,South
O01615,C033,2024-01-29,2024-01-30,2024-02-03,2024-02-08,Delivered,3203.6,20,20,6,1,West
O01616,C025,2024-11-02,2024-11-05,2024-11-08,2024-11-15,Delivered,217.36,2,2,0,1,Northeast
O01617,C004,2024-06-19,2024-06-20,2024-06-23,2024-06-20,Delivered,761.04,4,4,0,1,South
O01618,C017,2024-01-21,2024-01-23,2024-01-25,2024-01-24,Delivered,3248.81,19,19,0,1,South
O01619,C011,2024-01-30,2024-01-31,2024-02-03,2024-02-03,Delivered,2526.72,12,12,0,1,Midwest
O01620,C025,2024-12-03,2024-12-06,2024-12-10,2024-12-06,Delivered,1547.2,20,20,0,1,Northeast
O01621,C029,2024-04-26,2024-04-27,2024-05-03,2024-04-28,Delivered,511.4,4,4,3,1,Northeast
O01622,C005,2024-03-02,2024-03-03,2024-03-06,2024-03-04,Delivered,489.15,3,3,0,1,Midwest
O01623,C006,2024-04-20,2024-04-22,2024-04-27,2024-04-23,Delivered,37.69,1,1,0,1,Northeast
O01624,C022,2024-03-25,2024-03-27,2024-03-28,,Shipped,155.28,2,2,0,1,South
O01625,C004,2024-01-06,2024-01-08,2024-01-12,2024-01-09,Delivered,2501.76,12,12,0,1,South
O01626,C040,2024-03-06,2024-03-08,2024-03-12,2024-03-08,Delivered,200.4,3,3,0,1,Midwest
O01627,C010,2024-08-20,2024-08-23,2024-08-26,,Shipped,545.85,5,5,0,0,South
O01628,C004,2024-11-11,2024-11-13,2024-11-17,2024-11-16,Delivered,1352.39,13,13,0,1,South
O01629,C015,2024-11-25,2024-11-27,2024-11-28,2024-12-03,Delivered,1789.58,13,13,0,1,Northeast
O01630,C028,2024-06-03,2024-06-05,2024-06-09,2024-06-07,Delivered,569.0,4,4,0,1,Midwest
O01631,C035,2024-11-23,2024-11-25,2024-11-27,2024-11-26,Delivered,910.53,9,9,0,1,West
O01632,C015,2024-08-05,2024-08-08,2024-08-08,2024-08-08,Delivered,1175.58,14,14,0,1,Northeast
O01633,C015,2024-09-14,2024-09-16,2024-09-21,2024-09-17,Delivered,938.85,5,5,0,1,Northeast
O01634,C040,2024-06-30,2024-07-03,2024-07-03,,Shipped,1430.0,11,11,0,1,Midwest
O01635,C012,2024-08-07,2024-08-08,2024-08-14,,Shipped,619.11,9,9,0,1,Northeast
O01636,C026,2024-03-29,2024-03-30,2024-04-01,2024-03-30,Delivered,1809.86,13,13,0,1,West
O01637,C023,2024-05-21,2024-05-22,2024-05-24,2024-05-24,Delivered,1398.6,10,10,0,1,West
O01638,C028,2024-10-05,,2024-10-10,,Cancelled,2989.6,16,0,0,1,Midwest
O01639,C021,2024-10-31,2024-11-03,2024-11-04,2024-11-04,Delivered,1007.85,5,5,0,1,South
O01640,C028,2024-08-20,2024-08-21,2024-08-26,2024-08-23,Delivered,124.82,2,1,0,1,Midwest
O01641,C030,2024-11-30,2024-12-02,2024-12-07,2024-12-02,Delivered,357.69,3,3,0,1,South
O01642,C025,2024-05-11,2024-05-12,2024-05-14,2024-05-13,Delivered,3895.0,20,20,0,1,Northeast
O01643,C011,2024-07-01,2024-07-04,2024-07-04,2024-07-04,Delivered,239.7,3,3,0,1,Midwest
O01644,C006,2024-06-04,2024-06-06,2024-06-11,2024-06-16,Delivered,365.58,9,9,0,1,Northeast
O01645,C016,2024-05-28,,2024-06-02,,Placed,2206.8,18,0,0,1,West
O01646,C005,2024-04-06,2024-04-07,2024-04-11,2024-04-08,Delivered,700.12,4,4,0,1,Midwest
O01647,C021,2024-06-24,,2024-06-27,,Cancelled,2393.76,12,0,0,1,South
O01648,C014,2024-08-30,,2024-09-06,,Placed,791.92,4,0,0,1,West
O01649,C017,2024-11-05,2024-11-07,2024-11-11,2024-11-08,Delivered,1696.5,10,10,0,1,South
O01650,C003,2024-08-28,2024-08-29,2024-09-02,2024-09-02,Delivered,338.78,13,13,0,1,South
O01651,C016,2024-08-23,2024-08-26,2024-08-27,,Shipped,36.0,1,1,0,0,West
O01652,C040,2024-04-13,2024-04-16,2024-04-18,2024-04-24,Delivered,169.87,1,1,0,1,Midwest
O01653,C027,2024-11-29,2024-12-02,2024-12-03,2024-12-03,Delivered,542.08,4,4,0,1,South
O01654,C020,2024-06-02,2024-06-03,2024-06-07,,Shipped,1569.9,10,10,0,1,Northeast
O01655,C018,2024-04-29,2024-05-01,2024-05-04,2024-05-10,Delivered,403.8,15,15,0,0,West
O01656,C009,2024-11-11,,2024-11-14,,Placed,2973.44,16,0,0,1,West
O01657,C034,2024-12-05,2024-12-07,2024-12-09,2024-12-09,Delivered,1233.18,13,13,0,1,Midwest
O01658,C015,2024-06-17,,2024-06-23,,Cancelled,1726.18,17,0,0,1,Northeast
O01659,C020,2024-08-31,2024-09-01,2024-09-03,2024-09-03,Delivered,915.4,5,2,0,1,Northeast
O01660,C033,2024-06-08,,2024-06-15,,Cancelled,965.44,7,0,0,1,West
O01661,C037,2024-02-23,2024-02-26,2024-02-27,2024-03-04,Delivered,1507.24,7,7,0,0,Midwest
O01662,C034,2024-02-06,2024-02-08,2024-02-12,2024-02-11,Delivered,89.38,1,1,0,1,Midwest
O01663,C019,2024-05-02,2024-05-05,2024-05-07,2024-05-06,Delivered,3076.2,20,20,0,0,Midwest
O01664,C035,2024-11-18,2024-11-21,2024-11-25,2024-11-23,Delivered,427.36,4,4,0,1,West
O01665,C017,2024-08-04,2024-08-07,2024-08-08,2024-08-07,Delivered,952.86,6,6,0,1,South
O01666,C023,2024-04-07,2024-04-10,2024-04-12,2024-04-12,Delivered,1863.4,11,11,0,1,West
O01667,C020,2024-08-04,,2024-08-10,,Placed,3012.48,16,0,0,1,Northeast
O01668,C013,2024-05-10,2024-05-13,2024-05-14,2024-05-13,Delivered,1795.75,11,11,0,1,South
O01669,C040,2024-10-01,2024-10-02,2024-10-06,2024-10-02,Delivered,2982.56,16,16,0,1,Midwest
O01670,C003,2024-05-03,2024-05-04,2024-05-07,2024-05-06,Delivered,881.03,19,19,0,1,South
O01671,C018,2024-05-07,2024-05-09,2024-05-14,2024-05-09,Delivered,837.45,5,5,0,1,West
O01672,C023,2024-02-02,2024-02-04,2024-02-06,2024-02-06,Delivered,1131.35,11,11,0,1,West
O01673,C014,2024-10-25,2024-10-26,2024-10-31,2024-10-27,Delivered,484.35,15,15,0,1,West
O01674,C023,2024-12-12,2024-12-14,2024-12-18,2024-12-18,Delivered,2309.58,13,13,0,1,West
O01675,C004,2024-06-15,,2024-06-22,,Cancelled,888.14,11,0,0,1,South
O01676,C035,2024-04-05,2024-04-07,2024-04-11,2024-04-09,Delivered,631.68,4,4,0,1,West
O01677,C009,2024-02-02,2024-02-03,2024-02-05,,Shipped,1706.32,11,11,0,1,West
O01678,C006,2024-04-08,2024-04-10,2024-04-12,2024-04-19,Delivered,1317.42,9,9,0,1,Northeast
O01679,C014,2024-10-28,2024-10-29,2024-10-31,,Shipped,2636.4,20,20,0,1,West
O01680,C029,2024-06-13,2024-06-16,2024-06-20,2024-06-18,Delivered,2138.04,18,18,0,1,Northeast
O01681,C023,2024-02-17,,2024-02-21,,Placed,2874.4,16,0,0,1,West
O01682,C026,2024-07-14,2024-07-17,2024-07-18,2024-07-18,Delivered,152.58,6,6,0,1,West
O01683,C035,2024-12-07,2024-12-09,2024-12-14,2024-12-14,Delivered,2076.58,11,11,0,1,West
O01684,C023,2024-03-25,2024-03-28,2024-03-30,2024-03-28,Delivered,346.75,5,5,0,1,West
O01685,C020,2024-09-10,2024-09-11,2024-09-17,2024-09-12,Delivered,1149.0,10,10,0,1,Northeast
O01686,C037,2024-03-28,2024-03-31,2024-04-01,2024-04-07,Delivered,3167.61,17,3,0,1,Midwest
O01687,C011,2024-09-28,2024-09-29,2024-10-03,2024-10-08,Delivered,827.8,4,4,0,1,Midwest
O01688,C008,2024-11-03,2024-11-04,2024-11-06,2024-11-04,Delivered,638.88,3,3,3,1,Northeast
O01689,C011,2024-08-05,2024-08-08,2024-08-09,2024-08-09,Delivered,1808.64,12,12,0,0,Midwest
O01690,C013,2024-03-22,2024-03-25,2024-03-29,2024-03-29,Delivered,233.22,13,13,0,1,South
O01691,C037,2024-05-15,2024-05-16,2024-05-21,2024-05-21,Delivered,638.28,6,6,1,1,Midwest
O01692,C009,2024-01-24,2024-01-25,2024-01-29,2024-01-28,Delivered,1400.97,17,17,0,1,West
O01693,C005,2024-09-14,2024-09-15,2024-09-17,2024-09-17,Delivered,90.55,5,5,0,0,Midwest
O01694,C029,2024-10-20,2024-10-23,2024-10-27,2024-10-23,Delivered,621.61,11,11,0,1,Northeast
O01695,C014,2024-08-08,,2024-08-12,,Placed,1971.86,11,0,0,1,West
O01696,C023,2024-11-03,2024-11-06,2024-11-06,2024-11-06,Delivered,3239.4,20,20,0,1,West
O01697,C028,2024-03-07,2024-03-10,2024-03-10,2024-03-10,Delivered,620.6,5,5,0,1,Midwest
O01698,C009,2024-05-09,2024-05-10,2024-05-14,2024-05-14,Delivered,2478.42,18,18,0,1,West
O01699,C032,2024-02-03,,2024-02-06,,Cancelled,1796.16,12,0,0,1,Northeast
O01700,C014,2024-08-06,,2024-08-11,,Placed,669.96,6,0,0,1,West
O01701,C032,2024-04-03,2024-04-06,2024-04-07,2024-04-06,Delivered,1823.2,20,20,0,1,Northeast
O01702,C018,2024-01-30,2024-02-01,2024-02-03,2024-02-07,Delivered,1850.42,13,13,0,1,West
O01703,C039,2024-06-09,2024-06-12,2024-06-15,2024-06-15,Delivered,671.45,13,13,9,1,Midwest
O01704,C002,2024-10-21,2024-10-23,2024-10-24,2024-10-24,Delivered,1665.0,9,9,0,1,Northeast
O01705,C013,2024-02-20,2024-02-22,2024-02-24,2024-02-26,Delivered,328.32,19,19,0,1,South
O01706,C001,2024-07-25,2024-07-28,2024-07-30,2024-07-29,Delivered,348.24,2,2,0,1,South
O01707,C019,2024-11-21,,2024-11-24,,Cancelled,545.04,8,0,0,1,Midwest
O01708,C023,2024-06-25,2024-06-28,2024-07-01,,Shipped,825.04,4,4,0,1,West
O01709,C036,2024-04-29,2024-05-01,2024-05-06,2024-05-10,Delivered,942.4,19,19,0,1,West
O01710,C038,2024-07-12,2024-07-15,2024-07-19,2024-07-15,Delivered,320.76,9,9,0,1,South
O01711,C035,2024-01-19,2024-01-21,2024-01-25,2024-01-25,Delivered,1487.92,14,14,0,1,West
O01712,C031,2024-03-08,2024-03-11,2024-03-13,2024-03-20,Delivered,1086.6,15,15,0,1,Midwest
O01713,C033,2024-08-08,2024-08-09,2024-08-14,2024-08-09,Delivered,691.44,8,8,0,1,West
O01714,C032,2024-10-26,2024-10-27,2024-10-30,2024-11-06,Delivered,866.4,15,15,0,1,Northeast
O01715,C033,2024-06-03,2024-06-04,2024-06-09,2024-06-08,Delivered,290.13,3,3,0,1,West
O01716,C017,2024-01-16,2024-01-19,2024-01-23,2024-01-20,Delivered,2530.24,16,16,0,1,South
O01717,C034,2024-02-29,2024-03-02,2024-03-04,2024-03-04,Delivered,2070.51,13,13,0,1,Midwest
O01718,C018,2024-01-29,2024-01-31,2024-02-03,2024-02-01,Delivered,713.64,12,12,0,1,West
O01719,C031,2024-07-31,2024-08-03,2024-08-07,2024-08-06,Delivered,2412.34,14,14,0,1,Midwest
O01720,C010,2024-04-23,2024-04-24,2024-04-30,2024-04-26,Delivered,21.6,1,1,1,1,South
O01721,C028,2024-06-12,2024-06-15,2024-06-18,2024-06-16,Delivered,3037.28,16,16,0,1,Midwest
O01722,C034,2024-04-18,2024-04-20,2024-04-24,2024-04-24,Delivered,319.06,2,2,0,1,Midwest
O01723,C008,2024-03-26,,2024-03-31,,Placed,361.3,10,0,0,1,Northeast
O01724,C021,2024-11-19,,2024-11-22,,Placed,1423.8,10,0,0,1,South
O01725,C034,2024-08-22,2024-08-25,2024-08-28,2024-08-28,Delivered,2299.04,16,16,0,1,Midwest
O01726,C040,2024-07-11,2024-07-13,2024-07-14,2024-07-13,Delivered,307.97,13,13,0,1,Midwest
O01727,C022,2024-10-06,2024-10-08,2024-10-09,2024-10-09,Delivered,4176.2,20,20,15,1,South
O01728,C024,2024-03-10,,2024-03-14,,Placed,266.16,3,0,0,1,West
O01729,C025,2024-07-28,,2024-08-04,,Cancelled,3014.1,17,0,0,1,Northeast
O01730,C032,2024-03-30,2024-04-02,2024-04-06,2024-04-03,Delivered,424.35,15,15,2,1,Northeast
O01731,C033,2024-04-12,2024-04-14,2024-04-18,2024-04-17,Delivered,363.22,2,2,0,0,West
O01732,C027,2024-04-15,,2024-04-20,,Placed,2415.82,11,0,0,1,South
O01733,C001,2024-09-30,2024-10-01,2024-10-05,2024-10-07,Delivered,2271.75,15,15,0,1,South
O01734,C038,2024-03-25,2024-03-27,2024-03-28,2024-03-28,Delivered,304.35,5,3,0,1,South
O01735,C032,2024-04-20,2024-04-23,2024-04-25,2024-04-23,Delivered,779.6,10,10,0,1,Northeast
O01736,C019,2024-06-01,2024-06-04,2024-06-08,2024-06-07,Delivered,214.9,5,5,0,1,Midwest
O01737,C021,2024-11-19,2024-11-21,2024-11-25,,Shipped,1639.2,8,8,0,1,South
O01738,C032,2024-03-21,2024-03-24,2024-03-25,2024-03-24,Delivered,2366.1,11,11,0,1,Northeast
O01739,C015,2024-01-16,2024-01-18,2024-01-20,2024-01-22,Delivered,787.04,8,8,0,1,Northeast
O01740,C036,2024-12-10,2024-12-11,2024-12-13,2024-12-13,Delivered,512.36,4,4,0,1,West
O01741,C028,2024-10-11,2024-10-13,2024-10-18,2024-10-16,Delivered,664.96,4,4,0,1,Midwest
O01742,C019,2024-08-15,2024-08-16,2024-08-20,2024-08-17,Delivered,3061.95,15,15,0,1,Midwest
O01743,C027,2024-02-08,2024-02-09,2024-02-15,2024-02-09,Delivered,286.02,9,9,0,1,South
O01744,C022,2024-08-13,2024-08-14,2024-08-17,2024-08-14,Delivered,1200.6,10,10,0,0,South
O01745,C001,2024-03-16,2024-03-17,2024-03-19,2024-03-18,Delivered,1255.4,10,10,0,1,South
O01746,C040,2024-02-14,2024-02-16,2024-02-21,,Shipped,2293.85,13,13,0,1,Midwest
O01747,C038,2024-05-11,2024-05-13,2024-05-18,2024-05-17,Delivered,3095.28,18,18,0,1,South
O01748,C030,2024-10-28,2024-10-29,2024-11-03,2024-11-04,Delivered,928.65,5,5,0,1,South
O01749,C027,2024-02-02,2024-02-03,2024-02-05,2024-02-05,Delivered,1083.29,13,13,0,1,South
O01750,C008,2024-04-18,2024-04-20,2024-04-25,2024-04-24,Delivered,97.4,4,4,0,1,Northeast
O01751,C014,2024-10-30,2024-11-01,2024-11-03,2024-11-03,Delivered,874.08,18,18,0,1,West
O01752,C038,2024-05-03,2024-05-04,2024-05-09,2024-05-08,Delivered,3339.4,20,20,0,1,South
O01753,C021,2024-07-16,2024-07-18,2024-07-22,2024-07-21,Delivered,520.47,3,3,0,1,South
O01754,C015,2024-05-28,,2024-06-04,,Placed,925.99,13,0,0,1,Northeast
O01755,C008,2024-08-15,2024-08-18,2024-08-19,,Shipped,1256.36,7,7,0,1,Northeast
O01756,C023,2024-01-12,2024-01-13,2024-01-15,2024-01-14,Delivered,1122.48,9,9,9,1,West
O01757,C020,2024-09-12,2024-09-13,2024-09-15,2024-09-15,Delivered,2403.75,15,15,0,1,Northeast
O01758,C004,2024-05-06,,2024-05-10,,Placed,2324.16,18,0,0,1,South
O01759,C001,2024-10-21,2024-10-24,2024-10-27,2024-10-28,Delivered,569.85,15,15,0,1,South
O01760,C020,2024-01-15,2024-01-18,2024-01-21,2024-01-19,Delivered,2255.88,12,12,0,1,Northeast
O01761,C005,2024-12-11,2024-12-14,2024-12-17,2024-12-17,Delivered,73.04,1,1,1,1,Midwest
O01762,C021,2024-10-04,2024-10-07,2024-10-09,2024-10-08,Delivered,1186.6,17,17,0,0,South
O01763,C019,2024-02-09,2024-02-11,2024-02-16,2024-02-18,Delivered,120.65,5,5,0,1,Midwest
O01764,C020,2024-10-08,2024-10-10,2024-10-15,2024-10-16,Delivered,1585.68,8,8,0,1,Northeast
O01765,C010,2024-07-25,2024-07-26,2024-07-29,2024-07-26,Delivered,738.36,6,2,0,1,South
O01766,C026,2024-01-14,2024-01-17,2024-01-17,2024-01-17,Delivered,421.2,4,4,0,1,West
O01767,C010,2024-10-09,2024-10-11,2024-10-13,,Shipped,1833.13,13,13,0,1,South
O01768,C027,2024-06-14,2024-06-17,2024-06-20,2024-06-17,Delivered,391.25,5,5,3,1,South
O01769,C022,2024-03-24,2024-03-27,2024-03-28,2024-03-27,Delivered,2317.8,12,12,0,1,South
O01770,C037,2024-03-06,2024-03-07,2024-03-09,2024-03-08,Delivered,1030.5,6,6,0,1,Midwest
O01771,C028,2024-04-04,2024-04-06,2024-04-11,,Shipped,2630.88,12,12,0,1,Midwest
O01772,C016,2024-10-22,2024-10-23,2024-10-29,,Shipped,247.86,9,1,0,1,West
O01773,C025,2024-10-17,2024-10-20,2024-10-24,2024-10-21,Delivered,824.04,9,9,0,1,Northeast
O01774,C036,2024-08-12,2024-08-14,2024-08-18,2024-08-14,Delivered,844.86,6,3,0,1,West
O01775,C010,2024-08-09,2024-08-12,2024-08-14,2024-08-13,Delivered,1684.44,18,18,0,1,South
O01776,C019,2024-07-05,2024-07-06,2024-07-10,2024-07-14,Delivered,502.92,9,9,0,1,Midwest
O01777,C002,2024-10-27,2024-10-28,2024-10-30,2024-10-28,Delivered,262.02,2,2,0,1,Northeast
O01778,C032,2024-03-28,2024-03-31,2024-03-31,2024-03-31,Delivered,721.98,7,7,0,1,Northeast
O01779,C038,2024-09-10,2024-09-12,2024-09-13,2024-09-13,Delivered,646.24,8,8,5,1,South
O01780,C040,2024-04-26,2024-04-29,2024-05-01,2024-04-30,Delivered,1744.4,20,20,0,1,Midwest
O01781,C029,2024-10-11,2024-10-14,2024-10-18,2024-10-15,Delivered,802.89,9,9,0,1,Northeast
O01782,C002,2024-04-24,2024-04-27,2024-05-01,2024-04-27,Delivered,3131.23,17,17,0,1,Northeast
O01783,C034,2024-01-06,2024-01-08,2024-01-09,2024-01-09,Delivered,1902.01,11,11,0,1,Midwest
O01784,C013,2024-03-21,2024-03-22,2024-03-25,2024-03-23,Delivered,541.11,3,3,0,1,South
O01785,C039,2024-04-25,2024-04-26,2024-04-30,2024-05-06,Delivered,728.04,4,4,0,1,Midwest
O01786,C016,2024-06-03,2024-06-06,2024-06-06,2024-06-06,Delivered,3795.63,19,19,0,1,West
O01787,C016,2024-03-29,2024-03-31,2024-04-04,2024-04-04,Delivered,1355.0,10,10,0,1,West
O01788,C008,2024-01-04,2024-01-07,2024-01-10,2024-01-10,Delivered,1715.22,18,18,0,1,Northeast
O01789,C004,2024-07-22,2024-07-23,2024-07-25,2024-07-24,Delivered,1519.38,18,18,0,1,South
O01790,C021,2024-07-15,2024-07-17,2024-07-18,,Shipped,3230.46,18,18,0,1,South
O01791,C033,2024-04-24,,2024-04-28,,Cancelled,716.52,14,0,0,1,West
O01792,C022,2024-08-18,2024-08-21,2024-08-23,2024-08-27,Delivered,3085.5,17,16,0,0,South
O01793,C034,2024-08-06,2024-08-09,2024-08-09,2024-08-09,Delivered,1566.0,12,12,0,1,Midwest
O01794,C029,2024-12-06,2024-12-07,2024-12-10,2024-12-07,Delivered,2403.44,13,13,0,1,Northeast
O01795,C022,2024-02-17,2024-02-20,2024-02-23,2024-02-22,Delivered,1856.12,14,14,0,1,South
O01796,C034,2024-03-11,2024-03-14,2024-03-17,2024-03-17,Delivered,200.2,10,10,0,1,Midwest
O01797,C010,2024-11-21,2024-11-23,2024-11-28,2024-11-23,Delivered,3488.32,16,16,0,0,South
O01798,C003,2024-08-31,2024-09-01,2024-09-05,2024-09-03,Delivered,921.27,7,7,0,1,South
O01799,C023,2024-09-11,2024-09-13,2024-09-14,2024-09-14,Delivered,352.32,2,1,0,1,West
O01800,C023,2024-08-23,2024-08-26,2024-08-26,2024-08-26,Delivered,99.51,1,1,0,1,West
O01801,C019,2024-05-06,,2024-05-09,,Cancelled,636.3,3,0,0,1,Midwest
O01802,C014,2024-04-18,2024-04-19,2024-04-23,2024-04-23,Delivered,4105.52,19,19,0,1,West
O01803,C038,2024-05-03,2024-05-06,2024-05-07,2024-05-06,Delivered,509.99,13,13,0,1,South
O01804,C010,2024-03-08,2024-03-09,2024-03-11,2024-03-10,Delivered,2126.74,14,14,12,1,South
O01805,C036,2024-11-24,2024-11-26,2024-11-28,2024-11-28,Delivered,182.97,3,3,0,1,West
O01806,C025,2024-07-16,2024-07-19,2024-07-21,2024-07-21,Delivered,1207.4,20,20,0,0,Northeast
O01807,C014,2024-07-02,2024-07-05,2024-07-07,2024-07-07,Delivered,617.04,18,18,0,1,West
O01808,C015,2024-08-19,2024-08-22,2024-08-25,2024-08-23,Delivered,2948.0,20,20,0,1,Northeast
O01809,C031,2024-10-15,2024-10-16,2024-10-21,2024-10-19,Delivered,753.34,7,7,0,1,Midwest
O01810,C021,2024-06-15,2024-06-17,2024-06-21,2024-06-21,Delivered,2522.4,20,20,0,1,South
O01811,C006,2024-05-29,2024-05-30,2024-06-04,,Shipped,593.85,5,1,0,1,Northeast
O01812,C037,2024-03-28,2024-03-29,2024-04-03,2024-04-07,Delivered,277.58,2,2,0,1,Midwest
O01813,C036,2024-01-22,2024-01-24,2024-01-29,2024-02-05,Delivered,277.41,7,7,0,1,West
O01814,C010,2024-03-09,2024-03-10,2024-03-12,2024-03-14,Delivered,222.08,4,4,0,1,South
O01815,C020,2024-06-13,2024-06-15,2024-06-16,2024-06-15,Delivered,338.04,9,2,1,1,Northeast
O01816,C028,2024-12-07,2024-12-08,2024-12-13,,Shipped,1066.92,6,6,0,1,Midwest
O01817,C036,2024-10-09,,2024-10-16,,Cancelled,546.21,3,0,0,1,West
O01818,C015,2024-03-15,,2024-03-21,,Placed,187.68,4,0,0,1,Northeast
O01819,C038,2024-09-28,2024-09-30,2024-10-03,2024-10-02,Delivered,304.47,9,9,0,1,South
O01820,C033,2024-03-09,,2024-03-15,,Cancelled,80.38,2,0,0,1,West
O01821,C028,2024-03-11,2024-03-13,2024-03-16,2024-03-15,Delivered,1029.69,17,17,0,1,Midwest
O01822,C013,2024-07-27,2024-07-28,2024-08-02,2024-07-30,Delivered,2987.64,18,18,0,1,South
O01823,C014,2024-02-03,2024-02-04,2024-02-10,2024-02-04,Delivered,1230.3,15,15,0,1,West
O01824,C013,2024-07-20,2024-07-22,2024-07-27,,Shipped,929.82,6,6,0,1,South
O01825,C001,2024-11-28,2024-11-29,2024-12-01,2024-12-07,Delivered,2393.16,12,12,0,1,South
O01826,C022,2024-12-10,,2024-12-15,,Cancelled,204.4,2,0,0,1,South
O01827,C017,2024-04-03,2024-04-04,2024-04-08,2024-04-07,Delivered,267.36,2,2,1,1,South
O01828,C021,2024-04-17,2024-04-20,2024-04-24,2024-04-22,Delivered,2622.34,14,14,0,1,South
O01829,C030,2024-10-09,2024-10-10,2024-10-15,2024-10-15,Delivered,913.44,12,10,0,1,South
O01830,C030,2024-12-10,2024-12-12,2024-12-17,2024-12-18,Delivered,964.15,5,5,0,1,South
O01831,C034,2024-08-27,2024-08-28,2024-09-01,2024-08-28,Delivered,988.12,7,7,0,1,Midwest
O01832,C035,2024-05-01,,2024-05-05,,Placed,138.76,2,0,0,1,West
O01833,C033,2024-10-09,2024-10-10,2024-10-16,2024-10-15,Delivered,1129.44,12,12,0,1,West
O01834,C036,2024-09-05,2024-09-06,2024-09-08,2024-09-07,Delivered,1462.72,7,7,0,1,West
O01835,C010,2024-10-16,2024-10-17,2024-10-21,,Shipped,67.84,4,4,0,1,South
O01836,C024,2024-07-08,2024-07-09,2024-07-12,2024-07-12,Delivered,95.69,1,1,0,0,West
O01837,C038,2024-08-19,2024-08-20,2024-08-26,2024-08-29,Delivered,1137.53,19,19,0,1,South
O01838,C035,2024-04-19,2024-04-21,2024-04-26,2024-04-26,Delivered,1321.45,19,19,0,1,West
O01839,C015,2024-04-02,2024-04-03,2024-04-06,2024-04-03,Delivered,1377.32,7,7,0,1,Northeast
O01840,C025,2024-05-04,2024-05-07,2024-05-11,2024-05-09,Delivered,1300.1,10,7,7,1,Northeast
O01841,C006,2024-02-14,2024-02-16,2024-02-18,2024-02-17,Delivered,389.44,4,4,0,1,Northeast
O01842,C038,2024-10-06,2024-10-07,2024-10-11,2024-10-08,Delivered,104.64,3,3,0,1,South
O01843,C013,2024-02-11,2024-02-13,2024-02-14,2024-02-13,Delivered,2583.88,13,9,0,1,South
O01844,C012,2024-01-27,2024-01-29,2024-02-02,2024-01-29,Delivered,470.5,10,10,0,1,Northeast
O01845,C040,2024-11-26,,2024-12-02,,Placed,448.92,12,0,0,1,Midwest
O01846,C028,2024-07-03,2024-07-05,2024-07-07,2024-07-05,Delivered,3513.92,16,16,0,1,Midwest
O01847,C023,2024-05-19,2024-05-20,2024-05-23,2024-05-22,Delivered,1855.36,13,13,0,1,West
O01848,C027,2024-01-17,2024-01-18,2024-01-23,2024-01-30,Delivered,1894.41,9,9,0,1,South
O01849,C032,2024-07-25,2024-07-27,2024-07-30,2024-07-28,Delivered,412.6,2,2,0,1,Northeast
O01850,C022,2024-09-20,2024-09-22,2024-09-24,2024-09-23,Delivered,3366.2,20,20,0,1,South
O01851,C024,2024-12-10,2024-12-13,2024-12-16,2024-12-23,Delivered,858.0,13,9,0,0,West
O01852,C018,2024-11-16,2024-11-19,2024-11-21,,Shipped,1954.32,12,12,0,0,West
O01853,C022,2024-08-21,,2024-08-25,,Cancelled,3044.34,18,0,0,1,South
O01854,C012,2024-06-25,2024-06-28,2024-06-30,2024-06-28,Delivered,295.56,12,12,0,1,Northeast
O01855,C009,2024-03-04,2024-03-06,2024-03-07,2024-03-06,Delivered,35.68,1,1,1,1,West
O01856,C022,2024-09-09,2024-09-11,2024-09-14,2024-09-12,Delivered,309.96,14,9,0,1,South
O01857,C025,2024-03-16,2024-03-19,2024-03-23,2024-03-21,Delivered,1807.96,14,14,0,1,Northeast
O01858,C023,2024-02-21,2024-02-24,2024-02-27,2024-02-26,Delivered,193.5,9,9,0,1,West
O01859,C036,2024-04-16,2024-04-18,2024-04-20,2024-04-20,Delivered,1383.66,18,13,0,1,West
O01860,C025,2024-06-22,2024-06-24,2024-06-26,2024-06-28,Delivered,509.52,12,12,0,1,Northeast
O01861,C029,2024-01-11,2024-01-12,2024-01-16,2024-01-12,Delivered,297.48,3,3,0,0,Northeast
O01862,C006,2024-03-30,2024-03-31,2024-04-05,2024-04-05,Delivered,1700.76,12,12,0,1,Northeast
O01863,C002,2024-07-05,2024-07-08,2024-07-09,2024-07-11,Delivered,3123.0,18,18,0,1,Northeast
O01864,C026,2024-05-25,2024-05-28,2024-05-31,2024-05-31,Delivered,778.8,12,12,0,1,West
O01865,C026,2024-03-24,2024-03-27,2024-03-27,2024-03-27,Delivered,218.04,12,12,0,1,West
O01866,C022,2024-01-10,2024-01-13,2024-01-13,2024-01-20,Delivered,1233.52,17,17,16,1,South
O01867,C007,2024-08-25,2024-08-28,2024-08-30,2024-08-28,Delivered,2378.74,14,14,0,0,Midwest
O01868,C005,2024-04-22,2024-04-25,2024-04-29,2024-05-04,Delivered,721.05,5,5,2,1,Midwest
O01869,C024,2024-12-06,2024-12-09,2024-12-09,2024-12-09,Delivered,1449.81,9,9,0,1,West
O01870,C025,2024-08-02,2024-08-03,2024-08-08,,Shipped,1720.53,9,9,0,1,Northeast
O01871,C012,2024-03-22,2024-03-23,2024-03-28,2024-03-28,Delivered,1433.53,7,7,0,1,Northeast
O01872,C039,2024-10-19,2024-10-21,2024-10-26,2024-10-21,Delivered,3399.52,16,16,0,1,Midwest
O01873,C036,2024-07-31,2024-08-01,2024-08-05,2024-08-04,Delivered,248.22,2,2,0,1,West
O01874,C005,2024-06-22,2024-06-24,2024-06-25,2024-06-24,Delivered,763.4,11,3,0,1,Midwest
O01875,C012,2024-08-15,2024-08-17,2024-08-19,2024-08-19,Delivered,893.88,12,6,0,1,Northeast
O01876,C021,2024-01-01,2024-01-02,2024-01-08,2024-01-03,Delivered,1524.32,14,12,5,1,South
O01877,C010,2024-07-23,2024-07-26,2024-07-26,2024-07-26,Delivered,1155.4,10,10,0,1,South
O01878,C001,2024-01-11,2024-01-14,2024-01-17,,Shipped,806.7,15,15,0,1,South
O01879,C020,2024-01-16,2024-01-18,2024-01-19,2024-01-25,Delivered,3035.85,15,15,0,1,Northeast
O01880,C033,2024-10-08,2024-10-10,2024-10-14,2024-10-10,Delivered,445.57,17,17,0,1,West
O01881,C040,2024-02-02,2024-02-05,2024-02-07,2024-02-05,Delivered,1613.76,16,16,0,1,Midwest
O01882,C009,2024-07-30,2024-08-02,2024-08-05,2024-08-05,Delivered,832.0,8,8,0,1,West
O01883,C032,2024-11-22,2024-11-23,2024-11-29,2024-11-23,Delivered,2152.02,13,13,0,1,Northeast
O01884,C031,2024-07-29,2024-07-30,2024-08-01,2024-08-04,Delivered,1848.69,9,9,0,1,Midwest
O01885,C028,2024-05-01,2024-05-03,2024-05-08,2024-05-08,Delivered,609.84,6,6,0,1,Midwest
O01886,C016,2024-12-10,2024-12-13,2024-12-13,,Shipped,789.36,8,8,0,1,West
O01887,C039,2024-05-23,2024-05-25,2024-05-28,2024-05-27,Delivered,2837.1,14,14,0,1,Midwest
O01888,C027,2024-09-17,,2024-09-23,,Placed,2785.02,19,0,0,1,South
O01889,C040,2024-11-29,2024-12-01,2024-12-05,2024-12-03,Delivered,1481.8,20,20,19,1,Midwest
O01890,C030,2024-11-28,2024-12-01,2024-12-05,2024-12-02,Delivered,432.63,3,3,0,1,South
O01891,C020,2024-03-04,2024-03-06,2024-03-07,2024-03-06,Delivered,86.38,2,2,2,1,Northeast
O01892,C023,2024-01-13,2024-01-15,2024-01-16,2024-01-15,Delivered,1874.7,9,9,9,1,West
O01893,C013,2024-10-11,2024-10-12,2024-10-15,2024-10-12,Delivered,996.35,5,5,0,1,South
O01894,C014,2024-10-28,2024-10-30,2024-10-31,2024-10-30,Delivered,1581.17,17,17,0,1,West
O01895,C010,2024-04-19,,2024-04-25,,Placed,133.3,1,0,0,1,South
O01896,C036,2024-09-12,2024-09-13,2024-09-16,2024-09-14,Delivered,588.96,4,4,4,1,West
O01897,C012,2024-06-19,2024-06-21,2024-06-23,2024-06-21,Delivered,205.8,4,4,0,1,Northeast
O01898,C036,2024-02-24,2024-02-25,2024-03-01,2024-03-06,Delivered,1524.15,9,9,0,1,West
O01899,C014,2024-05-27,2024-05-28,2024-06-01,2024-06-01,Delivered,706.4,5,5,0,1,West
O01900,C019,2024-02-03,2024-02-06,2024-02-09,2024-02-06,Delivered,30.57,1,1,1,0,Midwest
O01901,C029,2024-08-26,2024-08-29,2024-08-30,2024-09-03,Delivered,2539.92,19,15,0,1,Northeast
O01902,C016,2024-07-27,2024-07-30,2024-08-02,2024-07-31,Delivered,2110.8,10,10,0,1,West
O01903,C031,2024-03-20,2024-03-23,2024-03-27,2024-03-26,Delivered,423.36,2,2,0,1,Midwest
O01904,C018,2024-06-02,2024-06-05,2024-06-08,2024-06-06,Delivered,1843.5,15,3,0,1,West
O01905,C040,2024-11-17,,2024-11-23,,Cancelled,1062.2,5,0,0,1,Midwest
O01906,C026,2024-07-17,2024-07-20,2024-07-24,2024-07-24,Delivered,716.45,5,5,0,1,West
O01907,C005,2024-02-07,2024-02-08,2024-02-11,,Shipped,1082.62,14,14,0,0,Midwest
O01908,C004,2024-12-01,2024-12-02,2024-12-06,2024-12-05,Delivered,705.2,10,10,0,1,South
O01909,C025,2024-09-26,2024-09-28,2024-09-30,2024-10-05,Delivered,3242.1,15,15,0,1,Northeast
O01910,C021,2024-09-24,2024-09-27,2024-10-01,2024-10-06,Delivered,488.43,9,9,0,1,South
O01911,C010,2024-10-16,2024-10-19,2024-10-20,2024-10-19,Delivered,139.74,6,6,0,1,South
O01912,C004,2024-01-26,2024-01-29,2024-02-02,2024-02-04,Delivered,195.3,7,7,0,1,South
O01913,C038,2024-07-05,2024-07-06,2024-07-09,2024-07-07,Delivered,1033.62,7,7,4,1,South
O01914,C038,2024-07-24,2024-07-25,2024-07-28,2024-07-25,Delivered,1076.13,11,11,0,1,South
O01915,C013,2024-06-14,2024-06-15,2024-06-20,2024-06-16,Delivered,2365.95,15,15,0,1,South
O01916,C022,2024-05-20,2024-05-22,2024-05-27,2024-05-25,Delivered,909.6,16,16,0,1,South
O01917,C012,2024-06-09,2024-06-11,2024-06-12,2024-06-12,Delivered,710.28,4,4,2,1,Northeast
O01918,C025,2024-10-28,2024-10-31,2024-11-04,2024-11-03,Delivered,692.23,7,7,0,1,Northeast
O01919,C037,2024-07-11,2024-07-14,2024-07-15,2024-07-15,Delivered,1752.24,8,8,0,1,Midwest
O01920,C026,2024-02-08,2024-02-10,2024-02-14,2024-02-12,Delivered,462.15,5,5,0,1,West
O01921,C014,2024-11-12,2024-11-14,2024-11-18,2024-11-17,Delivered,1307.6,20,20,0,1,West
O01922,C030,2024-10-07,,2024-10-12,,Placed,1064.1,6,0,0,1,South
O01923,C032,2024-01-28,2024-01-31,2024-02-02,2024-02-02,Delivered,1823.49,9,9,0,1,Northeast
O01924,C023,2024-11-18,2024-11-21,2024-11-21,2024-11-21,Delivered,369.9,15,15,0,1,West
O01925,C002,2024-06-05,2024-06-06,2024-06-08,2024-06-06,Delivered,2830.75,13,13,0,1,Northeast
O01926,C023,2024-12-05,2024-12-06,2024-12-08,2024-12-06,Delivered,1292.9,10,10,0,1,West
O01927,C022,2024-05-11,2024-05-12,2024-05-15,2024-05-14,Delivered,1494.63,9,9,0,1,South
O01928,C029,2024-10-08,2024-10-10,2024-10-14,2024-10-10,Delivered,1717.56,13,13,0,1,Northeast
O01929,C033,2024-11-02,,2024-11-07,,Cancelled,517.36,8,0,0,1,West
O01930,C036,2024-05-11,2024-05-14,2024-05-18,2024-05-15,Delivered,1051.6,20,20,0,1,West
O01931,C034,2024-02-19,,2024-02-22,,Cancelled,391.06,2,0,0,1,Midwest
O01932,C022,2024-07-14,2024-07-15,2024-07-21,2024-07-15,Delivered,840.7,10,10,0,0,South
O01933,C033,2024-09-22,2024-09-23,2024-09-28,2024-09-26,Delivered,359.52,7,7,0,1,West
O01934,C033,2024-04-09,2024-04-12,2024-04-12,,Shipped,430.38,18,18,0,1,West
O01935,C016,2024-08-20,2024-08-22,2024-08-27,2024-08-27,Delivered,750.36,4,4,0,0,West
O01936,C016,2024-02-13,,2024-02-16,,Placed,465.45,3,0,0,1,West
O01937,C006,2024-01-18,2024-01-21,2024-01-22,2024-01-21,Delivered,1567.6,20,20,0,1,Northeast
O01938,C013,2024-01-16,2024-01-18,2024-01-20,2024-01-18,Delivered,807.84,11,11,0,1,South
O01939,C033,2024-12-01,2024-12-03,2024-12-05,2024-12-10,Delivered,269.95,5,5,0,1,West
O01940,C007,2024-06-30,,2024-07-05,,Cancelled,2110.7,10,0,0,1,Midwest
O01941,C034,2024-09-02,,2024-09-06,,Placed,3402.88,16,0,0,1,Midwest
O01942,C017,2024-01-29,2024-01-30,2024-02-03,2024-02-01,Delivered,2730.2,20,20,0,1,South
O01943,C039,2024-07-31,2024-08-02,2024-08-03,2024-08-03,Delivered,403.83,3,3,0,1,Midwest
O01944,C011,2024-11-21,2024-11-24,2024-11-27,2024-11-24,Delivered,1323.2,16,16,0,1,Midwest
O01945,C026,2024-08-23,2024-08-25,2024-08-26,2024-08-27,Delivered,997.01,7,7,0,1,West
O01946,C004,2024-01-08,2024-01-10,2024-01-15,2024-01-14,Delivered,1980.2,10,10,0,1,South
O01947,C039,2024-11-18,2024-11-19,2024-11-23,2024-11-21,Delivered,982.75,5,5,0,0,Midwest
O01948,C018,2024-05-21,2024-05-24,2024-05-24,2024-05-24,Delivered,880.2,6,6,0,1,West
O01949,C036,2024-05-28,2024-05-30,2024-06-01,2024-05-30,Delivered,219.76,1,1,0,1,West
O01950,C019,2024-01-05,2024-01-07,2024-01-09,2024-01-09,Delivered,346.53,3,3,3,1,Midwest
O01951,C010,2024-04-06,2024-04-07,2024-04-10,2024-04-09,Delivered,1142.28,9,9,0,1,South
O01952,C007,2024-06-20,2024-06-22,2024-06-23,2024-06-23,Delivered,567.84,6,6,0,1,Midwest
O01953,C016,2024-11-27,2024-11-28,2024-12-02,2024-12-07,Delivered,1245.86,11,11,0,1,West
O01954,C035,2024-07-31,2024-08-03,2024-08-06,2024-08-04,Delivered,409.9,10,10,0,1,West
O01955,C035,2024-03-20,,2024-03-25,,Placed,842.52,17,0,0,1,West
O01956,C006,2024-09-04,,2024-09-07,,Placed,1143.1,10,0,0,1,Northeast
O01957,C024,2024-05-12,,2024-05-18,,Placed,368.22,6,0,0,1,West
O01958,C016,2024-10-15,2024-10-16,2024-10-21,2024-10-16,Delivered,429.88,4,4,0,1,West
O01959,C022,2024-03-12,2024-03-13,2024-03-19,2024-03-18,Delivered,1617.7,10,10,0,1,South
O01960,C020,2024-11-08,2024-11-11,2024-11-15,2024-11-14,Delivered,238.26,3,3,0,1,Northeast
O01961,C033,2024-05-11,2024-05-14,2024-05-18,2024-05-16,Delivered,3348.64,16,16,0,1,West
O01962,C014,2024-05-07,2024-05-10,2024-05-13,,Shipped,2228.19,17,17,0,1,West
O01963,C009,2024-05-04,,2024-05-10,,Cancelled,1103.64,12,0,0,1,West
O01964,C021,2024-06-02,2024-06-04,2024-06-07,2024-06-05,Delivered,1667.38,11,11,0,1,South
O01965,C032,2024-06-14,2024-06-15,2024-06-18,,Shipped,627.45,15,15,0,1,Northeast
O01966,C038,2024-10-04,2024-10-06,2024-10-11,2024-10-06,Delivered,765.0,6,6,0,1,South
O01967,C023,2024-02-12,2024-02-13,2024-02-16,2024-02-14,Delivered,1629.16,13,13,0,1,West
O01968,C039,2024-01-22,2024-01-25,2024-01-28,2024-01-27,Delivered,555.1,10,1,0,0,Midwest
O01969,C007,2024-06-19,2024-06-20,2024-06-26,2024-06-25,Delivered,98.97,1,1,0,1,Midwest
O01970,C040,2024-10-23,,2024-10-27,,Placed,934.72,8,0,0,1,Midwest
O01971,C038,2024-06-19,2024-06-20,2024-06-23,2024-06-21,Delivered,2034.72,18,18,0,1,South
O01972,C039,2024-06-20,2024-06-22,2024-06-23,2024-06-23,Delivered,203.43,3,1,0,1,Midwest
O01973,C014,2024-12-07,2024-12-10,2024-12-12,2024-12-11,Delivered,1686.02,14,12,0,1,West
O01974,C029,2024-01-28,2024-01-29,2024-02-04,2024-01-30,Delivered,192.36,6,6,6,0,Northeast
O01975,C005,2024-10-09,2024-10-10,2024-10-14,2024-10-21,Delivered,3272.4,20,20,0,1,Midwest
O01976,C016,2024-04-12,2024-04-14,2024-04-19,2024-04-15,Delivered,457.3,5,5,0,1,West
O01977,C030,2024-03-23,2024-03-24,2024-03-29,2024-03-24,Delivered,429.66,3,3,0,1,South
O01978,C024,2024-05-08,2024-05-11,2024-05-11,2024-05-14,Delivered,1052.73,7,7,0,1,West
O01979,C006,2024-09-28,2024-09-30,2024-10-01,2024-10-01,Delivered,2186.52,14,9,0,1,Northeast
O01980,C022,2024-04-23,2024-04-24,2024-04-26,2024-04-24,Delivered,19.08,1,1,0,1,South
O01981,C040,2024-05-10,2024-05-12,2024-05-13,2024-05-12,Delivered,1427.68,16,16,0,1,Midwest
O01982,C015,2024-11-20,2024-11-23,2024-11-24,,Shipped,1508.4,20,20,0,1,Northeast
O01983,C029,2024-06-20,2024-06-22,2024-06-27,2024-06-23,Delivered,197.06,2,2,0,1,Northeast
O01984,C012,2024-03-26,2024-03-28,2024-04-01,2024-03-31,Delivered,424.49,11,11,0,1,Northeast
O01985,C003,2024-11-13,2024-11-14,2024-11-19,2024-11-26,Delivered,362.82,3,3,0,1,South
O01986,C008,2024-04-04,2024-04-05,2024-04-07,2024-04-06,Delivered,1853.67,13,13,0,1,Northeast
O01987,C032,2024-09-09,2024-09-10,2024-09-15,2024-09-10,Delivered,538.04,4,4,0,1,Northeast
O01988,C032,2024-10-01,2024-10-04,2024-10-04,2024-10-04,Delivered,592.04,19,19,0,1,Northeast
O01989,C005,2024-11-28,2024-11-30,2024-12-03,2024-12-03,Delivered,584.04,12,12,0,1,Midwest
O01990,C005,2024-10-29,2024-10-31,2024-11-03,2024-11-01,Delivered,365.64,4,4,0,1,Midwest
O01991,C007,2024-07-10,,2024-07-15,,Placed,3893.0,20,0,0,1,Midwest
O01992,C008,2024-08-08,2024-08-10,2024-08-15,2024-08-22,Delivered,1937.0,13,13,0,1,Northeast
O01993,C029,2024-12-14,2024-12-17,2024-12-21,2024-12-21,Delivered,2359.2,16,16,0,1,Northeast
O01994,C024,2024-03-22,2024-03-24,2024-03-29,2024-03-26,Delivered,499.95,9,9,0,1,West
O01995,C025,2024-07-15,2024-07-17,2024-07-19,2024-07-18,Delivered,3600.69,19,19,0,1,Northeast
O01996,C002,2024-02-06,2024-02-09,2024-02-13,2024-02-16,Delivered,1634.56,16,16,0,1,Northeast
O01997,C040,2024-05-06,,2024-05-11,,Placed,520.45,5,0,0,1,Midwest
O01998,C028,2024-07-31,2024-08-02,2024-08-05,2024-08-02,Delivered,1529.92,8,1,0,1,Midwest
O01999,C001,2024-01-10,2024-01-12,2024-01-16,2024-01-14,Delivered,2207.1,15,15,0,1,South
O02000,C023,2024-07-13,2024-07-16,2024-07-17,2024-07-16,Delivered,1040.85,9,9,0,1,West
O02001,C036,2024-11-13,2024-11-14,2024-11-17,2024-11-15,Delivered,1951.17,13,13,0,1,West
O02002,C015,2024-11-16,2024-11-19,2024-11-22,,Shipped,621.53,13,13,0,1,Northeast
O02003,C037,2024-09-18,2024-09-21,2024-09-25,2024-09-21,Delivered,129.2,8,8,0,1,Midwest
O02004,C031,2024-06-02,2024-06-03,2024-06-06,2024-06-03,Delivered,2023.23,11,11,0,1,Midwest
O02005,C017,2024-05-23,2024-05-25,2024-05-30,2024-05-29,Delivered,229.44,3,3,0,1,South
O02006,C011,2024-09-27,2024-09-30,2024-09-30,2024-09-30,Delivered,126.03,1,1,0,1,Midwest
O02007,C001,2024-03-26,2024-03-27,2024-04-01,2024-03-31,Delivered,2915.2,16,16,0,1,South
O02008,C039,2024-06-14,2024-06-16,2024-06-18,2024-06-17,Delivered,216.08,8,8,0,1,Midwest
O02009,C019,2024-08-28,2024-08-31,2024-09-02,2024-08-31,Delivered,54.48,2,2,0,1,Midwest
O02010,C013,2024-04-09,2024-04-10,2024-04-14,2024-04-14,Delivered,1712.92,11,11,0,1,South
O02011,C012,2024-05-04,2024-05-06,2024-05-10,2024-05-09,Delivered,862.7,5,5,0,1,Northeast
O02012,C021,2024-01-04,2024-01-05,2024-01-07,,Shipped,769.12,11,11,0,1,South
O02013,C008,2024-11-14,2024-11-16,2024-11-19,2024-11-19,Delivered,457.3,5,5,0,1,Northeast
O02014,C018,2024-10-25,2024-10-26,2024-10-28,2024-10-27,Delivered,341.25,7,7,0,1,West
O02015,C029,2024-07-23,2024-07-24,2024-07-30,2024-07-24,Delivered,882.17,19,19,0,1,Northeast
O02016,C022,2024-07-19,2024-07-21,2024-07-24,2024-07-23,Delivered,1136.76,6,6,0,1,South
O02017,C009,2024-07-26,2024-07-29,2024-08-02,,Shipped,1213.42,13,13,0,1,West
O02018,C013,2024-10-31,,2024-11-04,,Cancelled,3211.13,17,0,0,1,South
O02019,C017,2024-08-08,2024-08-09,2024-08-15,2024-08-14,Delivered,336.33,3,3,0,1,South
O02020,C018,2024-11-05,2024-11-08,2024-11-11,2024-11-09,Delivered,1128.24,12,5,0,1,West
O02021,C039,2024-05-20,,2024-05-23,,Cancelled,304.59,13,0,0,1,Midwest
O02022,C006,2024-04-26,,2024-05-02,,Placed,2577.68,14,0,0,1,Northeast
O02023,C038,2024-03-20,2024-03-21,2024-03-24,2024-03-23,Delivered,1880.2,14,14,0,1,South
O02024,C023,2024-05-11,2024-05-13,2024-05-16,2024-05-22,Delivered,2173.78,14,14,0,0,West
O02025,C031,2024-06-19,2024-06-20,2024-06-24,2024-06-24,Delivered,108.58,2,2,0,1,Midwest
O02026,C032,2024-01-10,2024-01-11,2024-01-16,2024-01-14,Delivered,341.67,7,7,0,1,Northeast
O02027,C001,2024-11-18,2024-11-20,2024-11-23,2024-11-20,Delivered,1565.08,11,5,1,1,South
O02028,C037,2024-01-12,2024-01-15,2024-01-16,2024-01-16,Delivered,1847.01,11,10,0,1,Midwest
O02029,C007,2024-12-02,2024-12-04,2024-12-05,2024-12-04,Delivered,496.86,3,3,0,1,Midwest
O02030,C017,2024-12-13,2024-12-16,2024-12-20,,Shipped,187.96,2,2,0,1,South
O02031,C001,2024-09-26,2024-09-28,2024-10-02,2024-10-01,Delivered,729.56,13,13,0,1,South
O02032,C018,2024-10-01,2024-10-03,2024-10-04,2024-10-04,Delivered,3324.35,17,17,0,1,West
O02033,C001,2024-08-14,2024-08-15,2024-08-21,2024-08-21,Delivered,793.1,11,11,0,1,South
O02034,C032,2024-01-18,2024-01-20,2024-01-22,2024-01-22,Delivered,813.92,8,8,0,1,Northeast
O02035,C020,2024-10-22,2024-10-23,2024-10-27,2024-10-28,Delivered,814.28,4,4,0,1,Northeast
O02036,C030,2024-04-11,2024-04-14,2024-04-16,,Shipped,871.44,12,12,0,1,South
O02037,C031,2024-12-10,2024-12-12,2024-12-17,2024-12-12,Delivered,388.2,2,2,0,1,Midwest
O02038,C026,2024-01-23,2024-01-25,2024-01-28,2024-01-27,Delivered,2943.52,16,7,0,1,West
O02039,C014,2024-03-18,,2024-03-23,,Cancelled,1047.0,5,0,0,1,West
O02040,C012,2024-09-29,2024-10-01,2024-10-03,2024-10-09,Delivered,324.4,10,10,0,1,Northeast
O02041,C005,2024-01-04,2024-01-05,2024-01-11,2024-01-05,Delivered,272.76,2,2,2,1,Midwest
O02042,C033,2024-08-30,2024-08-31,2024-09-06,,Shipped,1732.8,19,19,0,1,West
O02043,C010,2024-08-20,2024-08-22,2024-08-23,2024-08-27,Delivered,1753.04,8,8,0,1,South
O02044,C039,2024-08-25,2024-08-27,2024-08-31,2024-08-30,Delivered,80.25,3,3,0,1,Midwest
O02045,C010,2024-07-24,2024-07-27,2024-07-27,2024-07-27,Delivered,874.4,10,10,0,1,South
O02046,C020,2024-09-16,2024-09-18,2024-09-23,2024-09-19,Delivered,2950.92,18,18,0,0,Northeast
O02047,C033,2024-04-23,2024-04-25,2024-04-29,2024-04-28,Delivered,859.2,20,20,0,1,West
O02048,C011,2024-10-29,2024-10-30,2024-11-03,2024-11-03,Delivered,1147.8,12,12,0,0,Midwest
O02049,C013,2024-03-14,,2024-03-20,,Placed,575.1,18,0,0,1,South
O02050,C013,2024-10-31,2024-11-02,2024-11-07,2024-11-05,Delivered,2659.8,15,15,0,1,South
O02051,C002,2024-10-14,2024-10-16,2024-10-21,2024-10-17,Delivered,347.12,2,2,0,1,Northeast
O02052,C017,2024-05-20,,2024-05-23,,Cancelled,1956.24,11,0,0,1,South
O02053,C016,2024-03-05,2024-03-08,2024-03-09,,Shipped,3019.86,18,9,0,1,West
O02054,C005,2024-06-29,2024-06-30,2024-07-04,2024-07-03,Delivered,436.59,7,7,0,1,Midwest
O02055,C029,2024-01-29,2024-02-01,2024-02-01,2024-02-01,Delivered,545.25,3,3,0,1,Northeast
O02056,C026,2024-10-09,2024-10-10,2024-10-14,2024-10-11,Delivered,852.2,10,10,0,1,West
O02057,C005,2024-05-21,2024-05-22,2024-05-27,2024-05-22,Delivered,218.61,3,3,0,1,Midwest
O02058,C019,2024-11-30,2024-12-02,2024-12-06,2024-12-02,Delivered,2091.2,10,10,0,1,Midwest
O02059,C003,2024-01-25,2024-01-28,2024-02-01,2024-01-28,Delivered,50.66,1,1,0,1,South
O02060,C022,2024-08-29,,2024-09-01,,Cancelled,34.24,2,0,0,1,South
O02061,C009,2024-03-13,2024-03-15,2024-03-20,2024-03-16,Delivered,500.57,7,1,0,1,West
O02062,C004,2024-11-02,2024-11-04,2024-11-09,2024-11-09,Delivered,4022.49,19,19,0,1,South
O02063,C037,2024-11-13,,2024-11-16,,Placed,1789.81,11,0,0,1,Midwest
O02064,C005,2024-03-15,,2024-03-22,,Cancelled,152.08,8,0,0,1,Midwest
O02065,C010,2024-09-06,2024-09-09,2024-09-13,2024-09-11,Delivered,1415.2,20,20,0,1,South
O02066,C012,2024-05-11,2024-05-13,2024-05-16,2024-05-13,Delivered,1310.61,7,7,0,1,Northeast
O02067,C032,2024-02-22,2024-02-23,2024-02-26,2024-02-24,Delivered,743.52,12,7,0,1,Northeast
O02068,C019,2024-10-26,2024-10-28,2024-10-29,2024-11-05,Delivered,1619.54,13,13,0,1,Midwest
O02069,C024,2024-03-24,2024-03-27,2024-03-30,,Shipped,257.51,11,11,0,1,West
O02070,C022,2024-09-26,,2024-09-29,,Placed,19.21,1,0,0,1,South
O02071,C038,2024-07-29,2024-08-01,2024-08-04,2024-08-03,Delivered,633.54,6,6,0,1,South
O02072,C005,2024-10-04,2024-10-05,2024-10-10,2024-10-07,Delivered,2993.1,15,15,3,1,Midwest
O02073,C030,2024-05-15,2024-05-18,2024-05-21,2024-05-18,Delivered,1902.15,15,15,0,1,South
O02074,C024,2024-08-23,2024-08-26,2024-08-26,,Shipped,661.5,18,18,0,1,West
O02075,C002,2024-06-20,2024-06-21,2024-06-27,2024-06-22,Delivered,702.6,5,5,0,1,Northeast
O02076,C003,2024-11-29,2024-11-30,2024-12-04,2024-12-02,Delivered,149.88,1,1,0,1,South
O02077,C006,2024-07-15,2024-07-17,2024-07-19,2024-07-19,Delivered,257.92,13,13,0,1,Northeast
O02078,C029,2024-04-20,2024-04-22,2024-04-25,2024-04-23,Delivered,207.0,4,4,0,1,Northeast
O02079,C019,2024-02-20,2024-02-22,2024-02-24,2024-02-23,Delivered,1153.8,18,18,0,1,Midwest
O02080,C015,2024-04-10,2024-04-11,2024-04-14,2024-04-11,Delivered,987.12,12,12,0,0,Northeast
O02081,C033,2024-09-13,2024-09-16,2024-09-18,2024-09-18,Delivered,418.8,12,12,0,1,West
O02082,C037,2024-07-09,2024-07-11,2024-07-14,2024-07-11,Delivered,525.51,3,3,0,1,Midwest
O02083,C031,2024-06-13,2024-06-16,2024-06-19,2024-06-18,Delivered,1986.6,14,14,0,1,Midwest
O02084,C009,2024-07-30,2024-08-01,2024-08-05,2024-08-02,Delivered,2404.07,19,19,0,1,West
O02085,C012,2024-09-28,2024-09-29,2024-10-02,2024-10-02,Delivered,137.32,2,2,0,1,Northeast
O02086,C028,2024-12-02,2024-12-05,2024-12-05,2024-12-05,Delivered,254.88,3,3,2,1,Midwest
O02087,C037,2024-10-12,2024-10-13,2024-10-17,2024-10-16,Delivered,431.0,5,5,0,1,Midwest
O02088,C034,2024-10-15,2024-10-17,2024-10-22,2024-10-26,Delivered,1424.2,10,10,0,1,Midwest
O02089,C011,2024-05-26,2024-05-27,2024-05-30,2024-05-27,Delivered,1358.72,8,8,0,1,Midwest
O02090,C028,2024-03-06,2024-03-07,2024-03-11,2024-03-07,Delivered,2300.54,11,11,0,1,Midwest
O02091,C022,2024-03-08,2024-03-10,2024-03-11,2024-03-10,Delivered,766.08,16,16,0,1,South
O02092,C028,2024-01-21,2024-01-22,2024-01-27,,Shipped,279.54,18,18,0,1,Midwest
O02093,C026,2024-02-02,2024-02-04,2024-02-09,2024-02-09,Delivered,182.3,2,2,0,1,West
O02094,C027,2024-02-12,2024-02-15,2024-02-15,2024-02-15,Delivered,2035.5,15,15,0,1,South
O02095,C010,2024-05-22,,2024-05-25,,Cancelled,391.12,4,0,0,1,South
O02096,C001,2024-04-27,,2024-05-02,,Cancelled,761.96,4,0,0,1,South
O02097,C034,2024-01-25,2024-01-26,2024-01-30,2024-02-03,Delivered,1940.88,12,12,0,1,Midwest
O02098,C035,2024-01-18,2024-01-21,2024-01-25,2024-01-23,Delivered,2135.41,19,19,10,1,West
O02099,C021,2024-01-20,2024-01-23,2024-01-27,2024-01-25,Delivered,298.77,3,1,0,1,South
O02100,C012,2024-08-20,2024-08-21,2024-08-23,2024-08-22,Delivered,3945.73,19,4,0,1,Northeast
O02101,C028,2024-01-29,2024-02-01,2024-02-04,2024-02-03,Delivered,3594.14,17,17,0,1,Midwest
O02102,C008,2024-03-11,2024-03-12,2024-03-18,2024-03-13,Delivered,579.93,13,13,0,1,Northeast
O02103,C038,2024-01-13,2024-01-14,2024-01-20,2024-01-14,Delivered,1680.42,14,14,0,1,South
O02104,C003,2024-07-13,2024-07-14,2024-07-16,,Shipped,496.98,3,3,0,1,South
O02105,C002,2024-04-03,2024-04-05,2024-04-07,2024-04-05,Delivered,112.22,2,2,0,1,Northeast
O02106,C039,2024-06-10,2024-06-12,2024-06-14,2024-06-13,Delivered,1492.15,11,11,0,1,Midwest
O02107,C020,2024-10-23,2024-10-24,2024-10-26,2024-11-02,Delivered,1431.6,12,12,0,1,Northeast
O02108,C004,2024-06-05,2024-06-08,2024-06-10,2024-06-16,Delivered,1075.74,6,2,0,0,South
O02109,C023,2024-07-28,2024-07-31,2024-08-04,2024-08-07,Delivered,488.91,3,3,1,1,West
O02110,C003,2024-10-13,2024-10-14,2024-10-20,2024-10-19,Delivered,545.4,9,9,0,1,South
O02111,C033,2024-06-27,2024-06-28,2024-07-01,2024-06-30,Delivered,1500.2,13,13,13,1,West
O02112,C029,2024-08-08,2024-08-11,2024-08-12,2024-08-11,Delivered,649.66,11,11,5,1,Northeast
O02113,C002,2024-09-28,,2024-10-03,,Placed,872.28,4,0,0,1,Northeast
O02114,C007,2024-02-12,2024-02-13,2024-02-17,2024-02-19,Delivered,1763.02,14,14,0,1,Midwest
O02115,C003,2024-08-09,2024-08-10,2024-08-14,2024-08-17,Delivered,2391.53,19,19,0,1,South
O02116,C020,2024-05-22,2024-05-25,2024-05-26,2024-05-25,Delivered,3148.16,16,4,0,1,Northeast
O02117,C038,2024-07-23,2024-07-25,2024-07-26,2024-07-31,Delivered,538.16,4,4,0,1,South
O02118,C017,2024-10-08,2024-10-09,2024-10-12,2024-10-11,Delivered,267.72,2,2,0,0,South
O02119,C009,2024-10-07,,2024-10-11,,Cancelled,844.48,14,0,0,1,West
O02120,C020,2024-05-29,2024-06-01,2024-06-02,2024-06-02,Delivered,395.9,10,10,0,0,Northeast
O02121,C006,2024-08-13,,2024-08-18,,Placed,140.1,6,0,0,1,Northeast
O02122,C015,2024-02-13,2024-02-16,2024-02-19,2024-02-20,Delivered,1228.32,12,12,0,1,Northeast
O02123,C007,2024-02-10,2024-02-13,2024-02-14,2024-02-14,Delivered,2920.65,15,15,0,1,Midwest
O02124,C024,2024-03-28,2024-03-30,2024-04-01,2024-03-30,Delivered,2422.24,16,16,0,1,West
O02125,C022,2024-03-16,2024-03-18,2024-03-20,2024-03-20,Delivered,97.12,1,1,0,1,South
O02126,C006,2024-12-07,2024-12-09,2024-12-14,2024-12-12,Delivered,1392.0,12,12,0,0,Northeast
O02127,C032,2024-12-06,2024-12-09,2024-12-12,2024-12-09,Delivered,123.44,4,4,0,1,Northeast
O02128,C026,2024-09-07,2024-09-08,2024-09-11,2024-09-09,Delivered,492.27,3,3,0,1,West
O02129,C036,2024-03-03,2024-03-06,2024-03-06,2024-03-06,Delivered,2203.84,16,16,0,1,West
O02130,C006,2024-11-14,2024-11-15,2024-11-20,2024-11-21,Delivered,2637.01,19,19,0,0,Northeast
O02131,C021,2024-06-17,2024-06-18,2024-06-22,2024-06-18,Delivered,1127.07,9,9,0,1,South
O02132,C026,2024-10-23,2024-10-26,2024-10-26,2024-11-02,Delivered,777.76,8,8,0,1,West
O02133,C006,2024-02-22,2024-02-25,2024-02-25,2024-02-25,Delivered,1854.4,16,16,8,1,Northeast
O02134,C005,2024-08-07,2024-08-09,2024-08-13,2024-08-19,Delivered,2867.48,14,14,0,1,Midwest
O02135,C001,2024-05-25,2024-05-26,2024-06-01,2024-06-04,Delivered,1503.7,11,11,0,1,South
O02136,C007,2024-12-01,2024-12-02,2024-12-08,2024-12-06,Delivered,1826.73,9,9,1,1,Midwest
O02137,C039,2024-05-25,2024-05-26,2024-05-29,2024-05-26,Delivered,1181.04,8,8,2,1,Midwest
O02138,C023,2024-03-15,2024-03-16,2024-03-19,,Shipped,1274.55,15,15,0,1,West
O02139,C022,2024-07-09,2024-07-10,2024-07-16,2024-07-16,Delivered,2092.2,20,20,0,1,South
O02140,C038,2024-05-25,2024-05-28,2024-05-31,2024-05-31,Delivered,575.52,6,6,0,1,South
O02141,C037,2024-04-09,2024-04-12,2024-04-13,2024-04-18,Delivered,712.55,5,5,0,1,Midwest
O02142,C036,2024-08-20,2024-08-21,2024-08-27,,Shipped,2377.43,11,11,0,1,West
O02143,C017,2024-09-22,2024-09-25,2024-09-28,2024-09-26,Delivered,267.02,13,13,0,1,South
O02144,C026,2024-08-22,2024-08-23,2024-08-25,2024-08-24,Delivered,190.8,6,6,0,1,West
O02145,C015,2024-10-05,2024-10-07,2024-10-11,2024-10-10,Delivered,3848.0,20,20,0,1,Northeast
O02146,C010,2024-09-23,2024-09-26,2024-09-27,2024-09-26,Delivered,489.78,18,18,0,1,South
O02147,C034,2024-07-08,2024-07-11,2024-07-12,,Shipped,1005.66,18,18,0,1,Midwest
O02148,C028,2024-07-20,2024-07-22,2024-07-25,2024-07-25,Delivered,2272.35,15,15,0,1,Midwest
O02149,C037,2024-10-18,2024-10-20,2024-10-21,2024-10-26,Delivered,2705.08,14,14,0,1,Midwest
O02150,C023,2024-07-09,2024-07-10,2024-07-16,2024-07-22,Delivered,1246.8,10,10,0,1,West
O02151,C011,2024-08-13,2024-08-14,2024-08-16,2024-08-14,Delivered,31.31,1,1,1,1,Midwest
O02152,C030,2024-10-29,2024-11-01,2024-11-05,2024-11-09,Delivered,656.08,4,4,0,1,South
O02153,C011,2024-08-20,2024-08-22,2024-08-27,2024-08-27,Delivered,107.78,1,1,0,1,Midwest
O02154,C009,2024-09-18,2024-09-21,2024-09-25,2024-09-22,Delivered,2493.28,16,16,0,1,West
O02155,C036,2024-09-28,2024-09-30,2024-10-02,2024-10-02,Delivered,513.18,6,6,0,1,West
O02156,C010,2024-02-26,2024-02-28,2024-03-03,2024-03-03,Delivered,296.72,2,2,0,1,South
O02157,C027,2024-07-26,2024-07-29,2024-07-31,2024-07-29,Delivered,2125.89,13,13,4,1,South
O02158,C022,2024-04-06,2024-04-09,2024-04-09,2024-04-09,Delivered,477.09,3,3,0,1,South
O02159,C028,2024-08-29,2024-08-30,2024-09-03,2024-08-31,Delivered,1079.05,5,5,0,1,Midwest
O02160,C008,2024-08-26,2024-08-27,2024-09-02,2024-09-02,Delivered,1743.84,8,8,0,1,Northeast
O02161,C020,2024-04-19,2024-04-20,2024-04-22,2024-04-29,Delivered,1082.22,6,6,0,1,Northeast
O02162,C029,2024-08-16,2024-08-18,2024-08-19,2024-08-22,Delivered,1540.8,20,20,0,1,Northeast
O02163,C017,2024-02-13,,2024-02-19,,Cancelled,950.69,13,0,0,1,South
O02164,C031,2024-09-30,,2024-10-03,,Cancelled,3631.6,20,0,0,1,Midwest
O02165,C029,2024-01-06,2024-01-09,2024-01-12,2024-01-09,Delivered,1438.78,7,7,0,1,Northeast
O02166,C002,2024-09-19,2024-09-21,2024-09-26,,Shipped,384.15,5,5,0,1,Northeast
O02167,C002,2024-08-10,2024-08-11,2024-08-15,2024-08-13,Delivered,386.58,3,3,0,1,Northeast
O02168,C004,2024-05-16,2024-05-18,2024-05-21,2024-05-18,Delivered,140.1,6,6,0,1,South
O02169,C034,2024-04-17,2024-04-18,2024-04-24,2024-04-23,Delivered,263.49,3,3,0,0,Midwest
O02170,C023,2024-09-24,2024-09-25,2024-09-29,2024-09-29,Delivered,986.15,5,5,0,1,West
O02171,C040,2024-08-22,2024-08-23,2024-08-29,2024-08-26,Delivered,3185.28,16,16,4,0,Midwest
O02172,C029,2024-09-28,2024-10-01,2024-10-01,2024-10-01,Delivered,168.54,1,1,0,1,Northeast
O02173,C035,2024-05-02,2024-05-03,2024-05-09,2024-05-06,Delivered,24.32,1,1,0,1,West
O02174,C006,2024-07-14,2024-07-17,2024-07-20,2024-07-22,Delivered,1305.68,19,19,0,1,Northeast
O02175,C023,2024-06-20,2024-06-22,2024-06-24,2024-06-24,Delivered,1830.18,11,11,0,1,West
O02176,C025,2024-09-07,2024-09-08,2024-09-13,2024-09-10,Delivered,388.4,8,5,0,1,Northeast
O02177,C016,2024-05-25,2024-05-28,2024-05-29,2024-05-28,Delivered,307.38,6,6,0,1,West
O02178,C038,2024-10-08,2024-10-10,2024-10-14,2024-10-14,Delivered,1655.19,9,7,0,1,South
O02179,C005,2024-04-28,,2024-05-03,,Placed,1398.4,20,0,0,1,Midwest
O02180,C023,2024-04-28,2024-04-30,2024-05-01,2024-04-30,Delivered,2805.85,17,17,0,1,West
O02181,C005,2024-07-31,2024-08-03,2024-08-04,2024-08-03,Delivered,392.82,6,6,3,1,Midwest
O02182,C028,2024-06-04,,2024-06-07,,Cancelled,261.6,16,0,0,1,Midwest
O02183,C015,2024-01-17,2024-01-20,2024-01-24,2024-01-21,Delivered,729.26,7,7,0,1,Northeast
O02184,C023,2024-01-26,2024-01-29,2024-01-30,2024-01-29,Delivered,1730.2,20,20,0,1,West
O02185,C013,2024-12-04,2024-12-06,2024-12-11,2024-12-10,Delivered,335.34,2,2,0,1,South
O02186,C011,2024-04-19,2024-04-20,2024-04-25,2024-04-25,Delivered,393.16,4,4,2,1,Midwest
O02187,C017,2024-01-08,2024-01-10,2024-01-15,2024-01-13,Delivered,197.6,5,5,0,0,South
O02188,C009,2024-05-11,2024-05-13,2024-05-17,2024-05-20,Delivered,440.2,20,20,0,1,West
O02189,C033,2024-01-08,2024-01-11,2024-01-12,2024-01-12,Delivered,1193.28,11,11,0,1,West
O02190,C003,2024-07-31,2024-08-01,2024-08-05,2024-08-02,Delivered,2729.74,13,13,0,1,South
O02191,C001,2024-03-16,2024-03-17,2024-03-20,2024-03-18,Delivered,3543.12,19,19,0,1,South
O02192,C014,2024-05-28,2024-05-30,2024-05-31,2024-05-31,Delivered,173.07,3,3,0,1,West
O02193,C029,2024-10-07,,2024-10-11,,Cancelled,238.55,13,0,0,1,Northeast
O02194,C023,2024-01-06,2024-01-08,2024-01-09,2024-01-09,Delivered,1713.03,11,11,0,1,West
O02195,C015,2024-05-14,2024-05-16,2024-05-17,2024-05-17,Delivered,2899.4,14,14,0,1,Northeast
O02196,C016,2024-07-08,2024-07-09,2024-07-13,,Shipped,1683.24,12,12,0,1,West
O02197,C008,2024-08-25,,2024-08-28,,Cancelled,71.04,2,0,0,1,Northeast
O02198,C009,2024-10-06,2024-10-07,2024-10-11,,Shipped,115.47,1,1,0,1,West
O02199,C008,2024-04-30,,2024-05-04,,Placed,435.45,3,0,0,1,Northeast
O02200,C027,2024-10-21,,2024-10-28,,Placed,3198.84,19,0,0,1,South
O02201,C020,2024-04-17,2024-04-19,2024-04-22,2024-04-20,Delivered,1201.73,17,17,0,1,Northeast
O02202,C035,2024-04-03,2024-04-06,2024-04-07,,Shipped,201.12,2,2,0,1,West
O02203,C018,2024-04-03,2024-04-04,2024-04-08,2024-04-06,Delivered,1860.21,9,9,0,1,West
O02204,C026,2024-07-04,2024-07-07,2024-07-09,2024-07-07,Delivered,1732.4,20,20,0,1,West
O02205,C007,2024-07-02,2024-07-05,2024-07-09,2024-07-07,Delivered,164.64,2,2,0,1,Midwest
O02206,C037,2024-04-16,2024-04-19,2024-04-20,2024-04-19,Delivered,586.95,15,15,0,1,Midwest
O02207,C013,2024-09-14,2024-09-16,2024-09-21,2024-09-18,Delivered,2173.0,10,10,0,1,South
O02208,C029,2024-06-27,2024-06-29,2024-07-03,2024-06-29,Delivered,467.46,14,14,0,1,Northeast
O02209,C017,2024-04-14,2024-04-15,2024-04-18,2024-04-19,Delivered,1278.18,6,6,2,1,South
O02210,C007,2024-04-16,2024-04-19,2024-04-23,2024-04-22,Delivered,1086.3,17,17,0,1,Midwest
O02211,C001,2024-08-11,2024-08-12,2024-08-17,2024-08-16,Delivered,244.11,3,3,0,1,South
O02212,C001,2024-10-23,2024-10-24,2024-10-29,2024-10-25,Delivered,1047.54,17,17,0,1,South
O02213,C010,2024-01-03,2024-01-06,2024-01-06,2024-01-06,Delivered,1867.45,13,13,0,1,South
O02214,C011,2024-05-18,2024-05-20,2024-05-23,2024-05-26,Delivered,119.7,1,1,0,1,Midwest
O02215,C014,2024-05-16,2024-05-19,2024-05-22,2024-05-21,Delivered,2024.0,20,20,2,0,West
O02216,C016,2024-04-24,2024-04-26,2024-04-28,2024-04-28,Delivered,439.25,7,1,0,1,West
O02217,C006,2024-05-20,2024-05-21,2024-05-27,2024-05-24,Delivered,756.4,5,5,0,0,Northeast
O02218,C029,2024-08-11,2024-08-14,2024-08-18,2024-08-15,Delivered,593.7,6,6,0,1,Northeast
O02219,C001,2024-12-05,2024-12-06,2024-12-10,2024-12-08,Delivered,728.64,4,3,0,1,South
O02220,C036,2024-03-19,2024-03-21,2024-03-23,2024-03-29,Delivered,246.76,4,4,0,0,West
O02221,C028,2024-10-04,2024-10-06,2024-10-09,2024-10-06,Delivered,3716.88,17,3,0,1,Midwest
O02222,C025,2024-03-06,,2024-03-10,,Placed,376.18,7,0,0,1,Northeast
O02223,C006,2024-01-04,2024-01-07,2024-01-10,2024-01-07,Delivered,436.73,7,7,0,1,Northeast
O02224,C003,2024-03-23,2024-03-24,2024-03-28,2024-03-28,Delivered,1881.3,15,15,0,1,South
O02225,C012,2024-04-07,2024-04-10,2024-04-12,2024-04-18,Delivered,2723.58,18,18,0,1,Northeast
O02226,C001,2024-11-01,2024-11-03,2024-11-04,2024-11-04,Delivered,3727.44,18,18,0,0,South
O02227,C037,2024-11-13,2024-11-15,2024-11-16,2024-11-16,Delivered,495.2,20,20,0,1,Midwest
O02228,C019,2024-07-25,2024-07-28,2024-08-01,2024-08-01,Delivered,451.75,5,5,0,1,Midwest
O02229,C038,2024-06-16,2024-06-18,2024-06-19,2024-06-18,Delivered,185.22,3,3,2,1,South
O02230,C034,2024-07-06,,2024-07-11,,Placed,1412.76,12,0,0,1,Midwest
O02231,C022,2024-02-24,2024-02-26,2024-02-27,2024-02-27,Delivered,829.6,4,4,0,1,South
O02232,C027,2024-09-02,2024-09-03,2024-09-09,2024-09-16,Delivered,754.0,5,5,0,1,South
O02233,C019,2024-01-02,2024-01-04,2024-01-07,2024-01-04,Delivered,404.8,5,5,0,0,Midwest
O02234,C035,2024-06-02,2024-06-03,2024-06-07,2024-06-03,Delivered,1635.33,19,19,0,1,West
O02235,C005,2024-01-08,2024-01-10,2024-01-15,2024-01-11,Delivered,228.74,2,2,1,1,Midwest
O02236,C030,2024-01-01,2024-01-03,2024-01-05,2024-01-09,Delivered,58.33,1,1,0,1,South
O02237,C020,2024-03-23,2024-03-25,2024-03-27,2024-03-26,Delivered,1212.96,12,12,0,1,Northeast
O02238,C013,2024-08-09,2024-08-10,2024-08-16,2024-08-10,Delivered,1136.1,15,15,0,1,South
O02239,C040,2024-01-26,,2024-01-31,,Placed,3280.8,15,0,0,1,Midwest
O02240,C026,2024-04-24,,2024-04-28,,Cancelled,1574.1,18,0,0,1,West
O02241,C008,2024-03-18,2024-03-19,2024-03-25,2024-03-19,Delivered,27.19,1,1,0,1,Northeast
O02242,C022,2024-03-28,2024-03-30,2024-03-31,,Shipped,3231.52,19,19,0,1,South
O02243,C002,2024-02-02,,2024-02-08,,Placed,1949.28,12,0,0,1,Northeast
O02244,C007,2024-02-03,2024-02-05,2024-02-06,2024-02-06,Delivered,927.55,13,13,0,1,Midwest
O02245,C033,2024-07-24,2024-07-27,2024-07-31,2024-07-31,Delivered,934.47,9,9,0,1,West
O02246,C024,2024-09-09,2024-09-12,2024-09-12,2024-09-12,Delivered,51.72,2,2,0,1,West
O02247,C022,2024-01-24,2024-01-27,2024-01-28,2024-01-28,Delivered,1990.9,10,10,0,1,South
O02248,C019,2024-06-26,2024-06-28,2024-07-02,2024-06-29,Delivered,516.4,4,4,0,1,Midwest
O02249,C029,2024-03-24,2024-03-27,2024-03-31,,Shipped,245.94,6,6,0,1,Northeast
O02250,C002,2024-02-07,2024-02-10,2024-02-12,2024-02-12,Delivered,48.3,3,3,1,0,Northeast
O02251,C003,2024-01-05,2024-01-07,2024-01-10,2024-01-10,Delivered,284.92,2,2,0,1,South
O02252,C029,2024-08-05,2024-08-08,2024-08-08,2024-08-08,Delivered,256.5,9,9,0,1,Northeast
O02253,C016,2024-05-24,,2024-05-28,,Placed,3268.2,15,0,0,1,West
O02254,C014,2024-07-22,2024-07-25,2024-07-26,2024-07-26,Delivered,1116.9,15,15,0,1,West
O02255,C015,2024-02-29,2024-03-02,2024-03-03,2024-03-03,Delivered,940.39,11,11,0,1,Northeast
O02256,C030,2024-08-25,2024-08-28,2024-08-31,2024-08-28,Delivered,205.36,1,1,0,1,South
O02257,C028,2024-11-21,2024-11-22,2024-11-24,2024-11-24,Delivered,1171.43,13,13,0,1,Midwest
O02258,C012,2024-08-25,2024-08-27,2024-09-01,,Shipped,205.44,3,3,0,1,Northeast
O02259,C040,2024-04-24,2024-04-26,2024-04-28,2024-04-27,Delivered,924.4,5,5,0,1,Midwest
O02260,C032,2024-02-29,,2024-03-04,,Placed,2305.8,15,0,0,1,Northeast
O02261,C002,2024-01-24,2024-01-25,2024-01-30,2024-01-25,Delivered,623.36,4,4,0,1,Northeast
O02262,C031,2024-07-17,,2024-07-22,,Cancelled,2416.23,19,0,0,1,Midwest
O02263,C031,2024-10-07,2024-10-09,2024-10-12,2024-10-09,Delivered,804.6,18,18,0,1,Midwest
O02264,C008,2024-07-12,2024-07-15,2024-07-19,2024-07-16,Delivered,301.47,3,3,0,0,Northeast
O02265,C033,2024-01-10,2024-01-12,2024-01-13,2024-01-13,Delivered,770.04,18,18,0,1,West
O02266,C033,2024-09-25,2024-09-27,2024-10-02,2024-10-07,Delivered,2241.3,15,15,0,0,West
O02267,C038,2024-02-05,2024-02-08,2024-02-10,2024-02-10,Delivered,1486.21,11,8,0,1,South
O02268,C018,2024-08-11,2024-08-14,2024-08-17,2024-08-20,Delivered,566.72,4,4,0,1,West
O02269,C015,2024-08-18,2024-08-21,2024-08-23,,Shipped,1311.64,11,11,0,0,Northeast
O02270,C004,2024-07-18,2024-07-21,2024-07-25,2024-07-24,Delivered,1292.64,8,8,0,1,South
O02271,C011,2024-04-28,2024-04-30,2024-05-03,2024-04-30,Delivered,1390.14,18,18,0,1,Midwest
O02272,C034,2024-01-14,2024-01-16,2024-01-18,2024-01-17,Delivered,1728.9,17,17,0,1,Midwest
O02273,C001,2024-07-30,2024-08-01,2024-08-04,2024-08-04,Delivered,1201.8,15,15,0,1,South
O02274,C040,2024-07-16,2024-07-19,2024-07-22,2024-07-23,Delivered,3350.87,17,17,0,1,Midwest
O02275,C038,2024-09-26,2024-09-28,2024-09-29,2024-09-28,Delivered,2149.29,13,12,0,1,South
O02276,C013,2024-03-21,2024-03-23,2024-03-24,2024-03-24,Delivered,2341.24,17,17,0,1,South
O02277,C034,2024-01-20,2024-01-22,2024-01-25,2024-01-23,Delivered,1719.6,15,15,1,0,Midwest
O02278,C017,2024-06-22,2024-06-23,2024-06-28,2024-06-24,Delivered,590.55,15,15,0,1,South
O02279,C009,2024-01-08,2024-01-10,2024-01-12,2024-01-12,Delivered,387.31,11,4,0,1,West
O02280,C034,2024-04-19,,2024-04-25,,Cancelled,91.45,5,0,0,1,Midwest
O02281,C031,2024-02-14,2024-02-16,2024-02-17,2024-02-16,Delivered,1233.18,17,17,0,1,Midwest
O02282,C016,2024-07-04,2024-07-06,2024-07-11,2024-07-09,Delivered,962.65,5,4,0,1,West
O02283,C038,2024-01-21,2024-01-24,2024-01-27,2024-01-26,Delivered,1257.04,8,8,0,1,South
O02284,C015,2024-08-14,2024-08-17,2024-08-17,2024-08-17,Delivered,3969.6,20,20,0,1,Northeast
O02285,C012,2024-07-04,2024-07-07,2024-07-08,2024-07-08,Delivered,589.28,16,16,0,1,Northeast
O02286,C023,2024-06-26,2024-06-29,2024-06-30,2024-06-29,Delivered,1112.8,16,16,0,1,West
O02287,C033,2024-09-20,2024-09-21,2024-09-25,2024-09-22,Delivered,653.35,5,5,0,1,West
O02288,C037,2024-09-30,2024-10-03,2024-10-06,2024-10-10,Delivered,2693.21,13,13,0,1,Midwest
O02289,C027,2024-02-17,2024-02-19,2024-02-24,2024-02-23,Delivered,1190.8,13,13,0,1,South
O02290,C006,2024-10-01,2024-10-03,2024-10-04,2024-10-11,Delivered,77.85,1,1,0,1,Northeast
O02291,C023,2024-07-01,,2024-07-04,,Placed,2999.34,19,0,0,1,West
O02292,C029,2024-12-07,2024-12-10,2024-12-11,2024-12-10,Delivered,147.0,7,7,4,1,Northeast
O02293,C015,2024-07-22,2024-07-25,2024-07-28,2024-07-30,Delivered,3429.6,20,20,0,1,Northeast
O02294,C002,2024-07-17,2024-07-19,2024-07-21,2024-07-19,Delivered,2415.3,15,15,0,1,Northeast
O02295,C024,2024-07-19,2024-07-22,2024-07-22,2024-07-22,Delivered,671.76,18,18,0,1,West
O02296,C023,2024-03-11,2024-03-13,2024-03-18,2024-03-18,Delivered,120.81,1,1,0,1,West
O02297,C023,2024-04-24,,2024-04-28,,Placed,420.62,2,0,0,1,West
O02298,C035,2024-06-01,2024-06-03,2024-06-05,2024-06-03,Delivered,296.16,12,12,10,1,West
O02299,C001,2024-07-31,2024-08-02,2024-08-05,2024-08-02,Delivered,326.61,3,3,0,1,South
O02300,C010,2024-06-08,2024-06-09,2024-06-14,2024-06-14,Delivered,731.0,17,14,0,1,South
O02301,C034,2024-04-07,2024-04-08,2024-04-13,2024-04-20,Delivered,581.34,6,6,0,1,Midwest
O02302,C028,2024-12-08,2024-12-09,2024-12-14,2024-12-12,Delivered,342.02,7,7,0,1,Midwest
O02303,C021,2024-08-07,2024-08-10,2024-08-10,2024-08-10,Delivered,1067.85,9,9,0,1,South
O02304,C007,2024-06-16,2024-06-19,2024-06-21,2024-06-19,Delivered,81.05,5,5,0,0,Midwest
O02305,C040,2024-10-19,2024-10-21,2024-10-25,2024-10-26,Delivered,1230.32,7,7,0,1,Midwest
O02306,C035,2024-05-14,2024-05-16,2024-05-20,2024-05-16,Delivered,962.3,5,5,0,1,West
O02307,C003,2024-09-13,2024-09-14,2024-09-20,2024-09-16,Delivered,2258.34,14,14,4,1,South
O02308,C032,2024-09-30,2024-10-01,2024-10-04,,Shipped,2548.08,12,12,0,1,Northeast
O02309,C025,2024-12-10,2024-12-13,2024-12-17,2024-12-21,Delivered,1950.5,10,10,0,1,Northeast
O02310,C031,2024-06-07,2024-06-09,2024-06-12,2024-06-12,Delivered,418.0,2,2,0,1,Midwest
O02311,C035,2024-09-16,2024-09-19,2024-09-22,2024-09-20,Delivered,3005.4,20,20,0,1,West
O02312,C013,2024-05-22,2024-05-24,2024-05-27,2024-05-30,Delivered,2227.82,14,14,0,1,South
O02313,C018,2024-01-23,2024-01-25,2024-01-30,2024-01-25,Delivered,2154.41,17,17,0,1,West
O02314,C026,2024-08-10,2024-08-12,2024-08-17,2024-08-17,Delivered,121.24,1,1,0,1,West
O02315,C012,2024-04-04,2024-04-07,2024-04-11,,Shipped,2832.76,14,14,0,1,Northeast
O02316,C016,2024-02-03,2024-02-06,2024-02-10,2024-02-10,Delivered,1581.17,17,17,14,1,West
O02317,C035,2024-04-29,2024-05-01,2024-05-05,2024-05-05,Delivered,239.44,4,4,0,0,West
O02318,C014,2024-06-19,2024-06-20,2024-06-22,2024-06-21,Delivered,1341.2,20,20,0,1,West
O02319,C003,2024-10-19,2024-10-22,2024-10-22,2024-10-22,Delivered,836.46,9,9,8,1,South
O02320,C033,2024-02-05,2024-02-06,2024-02-10,2024-02-06,Delivered,1705.84,8,8,0,1,West
O02321,C013,2024-03-03,2024-03-04,2024-03-09,2024-03-04,Delivered,558.99,9,9,0,1,South
O02322,C010,2024-08-09,2024-08-12,2024-08-15,2024-08-15,Delivered,2295.0,12,12,0,1,South
O02323,C027,2024-06-06,2024-06-09,2024-06-13,2024-06-10,Delivered,534.8,7,7,0,1,South
O02324,C003,2024-08-18,2024-08-21,2024-08-22,,Shipped,388.96,13,13,0,1,South
O02325,C005,2024-11-20,2024-11-23,2024-11-23,2024-11-23,Delivered,1527.57,11,11,0,1,Midwest
O02326,C009,2024-04-29,2024-04-30,2024-05-06,2024-05-05,Delivered,264.0,16,16,0,1,West
O02327,C008,2024-05-04,2024-05-07,2024-05-07,2024-05-07,Delivered,2948.31,17,17,0,1,Northeast
O02328,C018,2024-04-02,2024-04-03,2024-04-06,2024-04-06,Delivered,2781.88,17,17,7,1,West
O02329,C023,2024-10-27,2024-10-30,2024-10-30,2024-10-30,Delivered,652.0,5,5,0,1,West
O02330,C029,2024-07-17,2024-07-18,2024-07-20,2024-07-19,Delivered,54.92,2,2,2,1,Northeast
O02331,C036,2024-04-28,2024-04-29,2024-05-05,2024-05-02,Delivered,1052.94,6,2,0,1,West
O02332,C019,2024-03-01,2024-03-04,2024-03-04,,Shipped,4342.0,20,20,0,1,Midwest
O02333,C031,2024-12-10,2024-12-13,2024-12-17,2024-12-14,Delivered,719.45,5,4,0,1,Midwest
O02334,C025,2024-04-05,2024-04-06,2024-04-10,2024-04-07,Delivered,255.9,6,6,0,1,Northeast
O02335,C038,2024-04-14,2024-04-15,2024-04-19,2024-04-17,Delivered,1140.48,6,6,0,1,South
O02336,C029,2024-12-09,2024-12-12,2024-12-13,2024-12-13,Delivered,578.8,20,20,0,1,Northeast
O02337,C036,2024-02-23,2024-02-26,2024-02-28,2024-02-26,Delivered,1433.1,17,17,0,1,West
O02338,C039,2024-09-04,2024-09-05,2024-09-11,2024-09-09,Delivered,2385.5,13,2,0,0,Midwest
O02339,C038,2024-06-20,2024-06-23,2024-06-26,2024-06-25,Delivered,1226.61,11,11,0,1,South
O02340,C029,2024-03-12,2024-03-13,2024-03-16,2024-03-15,Delivered,639.12,6,6,0,1,Northeast
O02341,C027,2024-07-26,2024-07-27,2024-07-30,2024-08-01,Delivered,1992.8,20,20,0,1,South
O02342,C021,2024-10-25,2024-10-27,2024-10-31,2024-10-31,Delivered,267.33,7,7,0,1,South
O02343,C019,2024-08-07,,2024-08-11,,Placed,1814.23,11,0,0,1,Midwest
O02344,C013,2024-07-30,2024-07-31,2024-08-02,2024-08-02,Delivered,3995.8,20,20,0,1,South
O02345,C025,2024-03-14,2024-03-15,2024-03-20,2024-03-20,Delivered,1967.3,10,10,0,1,Northeast
O02346,C003,2024-09-29,2024-10-01,2024-10-04,2024-10-02,Delivered,2629.8,18,18,0,1,South
O02347,C031,2024-06-19,2024-06-20,2024-06-25,2024-06-23,Delivered,1715.64,12,12,0,1,Midwest
O02348,C003,2024-02-06,2024-02-09,2024-02-12,2024-02-09,Delivered,413.7,5,5,0,1,South
O02349,C025,2024-04-13,2024-04-16,2024-04-16,2024-04-16,Delivered,2833.18,14,14,0,1,Northeast
O02350,C018,2024-04-20,2024-04-23,2024-04-25,2024-04-24,Delivered,1058.72,8,8,0,0,West
O02351,C001,2024-03-17,,2024-03-22,,Cancelled,1009.33,7,0,0,1,South
O02352,C008,2024-07-26,,2024-08-02,,Cancelled,1100.71,13,0,0,1,Northeast
O02353,C012,2024-04-08,2024-04-11,2024-04-14,2024-04-11,Delivered,318.4,8,8,0,1,Northeast
O02354,C001,2024-04-06,2024-04-07,2024-04-13,2024-04-08,Delivered,2663.04,16,16,0,1,South
O02355,C011,2024-03-29,2024-04-01,2024-04-01,2024-04-01,Delivered,2594.25,15,15,0,1,Midwest
O02356,C023,2024-05-28,2024-05-31,2024-06-01,2024-05-31,Delivered,156.33,9,9,6,0,West
O02357,C020,2024-02-26,2024-02-29,2024-03-04,2024-02-29,Delivered,244.37,7,7,0,1,Northeast
O02358,C017,2024-01-28,2024-01-31,2024-02-02,2024-02-02,Delivered,1402.52,7,7,0,1,South
O02359,C040,2024-01-28,2024-01-29,2024-01-31,2024-01-29,Delivered,2698.92,17,17,0,1,Midwest
O02360,C010,2024-08-03,2024-08-05,2024-08-10,2024-08-05,Delivered,2228.66,14,14,0,1,South
O02361,C028,2024-12-03,2024-12-06,2024-12-10,2024-12-06,Delivered,2062.84,13,13,0,1,Midwest
O02362,C005,2024-11-18,2024-11-21,2024-11-23,2024-11-21,Delivered,739.4,4,4,0,1,Midwest
O02363,C030,2024-10-29,,2024-11-04,,Placed,1878.5,13,0,0,1,South
O02364,C032,2024-04-15,2024-04-16,2024-04-20,2024-04-18,Delivered,3508.63,17,17,0,1,Northeast
O02365,C005,2024-12-07,,2024-12-10,,Cancelled,968.11,11,0,0,1,Midwest
O02366,C028,2024-10-23,2024-10-25,2024-10-27,2024-10-26,Delivered,2108.99,13,13,0,1,Midwest
O02367,C012,2024-03-10,2024-03-13,2024-03-15,2024-03-20,Delivered,2999.55,15,4,0,1,Northeast
O02368,C039,2024-10-09,2024-10-10,2024-10-14,,Shipped,1426.88,7,7,0,1,Midwest
O02369,C017,2024-07-21,2024-07-22,2024-07-24,2024-07-24,Delivered,574.24,16,16,0,1,South
O02370,C031,2024-02-10,2024-02-11,2024-02-16,2024-02-12,Delivered,804.58,7,7,0,1,Midwest
O02371,C007,2024-02-19,2024-02-21,2024-02-23,2024-02-22,Delivered,2036.98,11,11,0,1,Midwest
O02372,C025,2024-01-21,2024-01-24,2024-01-27,2024-02-03,Delivered,575.88,6,6,0,1,Northeast
O02373,C040,2024-03-13,2024-03-16,2024-03-20,2024-03-18,Delivered,496.2,20,20,0,1,Midwest
O02374,C004,2024-01-13,2024-01-16,2024-01-17,2024-01-16,Delivered,3940.6,19,19,5,1,South
O02375,C025,2024-05-20,2024-05-22,2024-05-26,2024-05-22,Delivered,4269.2,20,20,0,1,Northeast
O02376,C006,2024-12-10,2024-12-11,2024-12-17,2024-12-17,Delivered,786.33,9,9,0,1,Northeast
O02377,C005,2024-02-11,2024-02-14,2024-02-14,2024-02-14,Delivered,321.48,12,12,0,1,Midwest
O02378,C005,2024-06-18,2024-06-20,2024-06-21,2024-06-22,Delivered,4205.8,20,20,0,0,Midwest
O02379,C002,2024-03-03,,2024-03-06,,Cancelled,1220.8,20,0,0,1,Northeast
O02380,C021,2024-08-13,2024-08-16,2024-08-19,2024-08-21,Delivered,2186.8,14,14,0,1,South
O02381,C020,2024-02-27,2024-03-01,2024-03-04,2024-03-03,Delivered,650.24,8,8,0,1,Northeast
O02382,C021,2024-06-29,2024-07-02,2024-07-04,2024-07-03,Delivered,2269.28,13,13,13,1,South
O02383,C027,2024-02-09,2024-02-12,2024-02-13,,Shipped,1232.3,10,10,0,1,South
O02384,C002,2024-02-19,,2024-02-26,,Cancelled,351.0,15,0,0,1,Northeast
O02385,C002,2024-03-26,2024-03-27,2024-04-01,2024-03-30,Delivered,1748.4,12,12,0,0,Northeast
O02386,C028,2024-05-06,2024-05-09,2024-05-12,2024-05-10,Delivered,670.56,11,11,0,1,Midwest
O02387,C015,2024-10-25,2024-10-28,2024-10-29,2024-10-28,Delivered,950.85,5,5,0,1,Northeast
O02388,C035,2024-03-02,2024-03-05,2024-03-09,2024-03-08,Delivered,772.97,11,11,0,1,West
O02389,C007,2024-04-26,2024-04-29,2024-04-29,2024-04-29,Delivered,3806.1,18,18,0,1,Midwest
O02390,C005,2024-09-09,2024-09-10,2024-09-12,2024-09-11,Delivered,588.48,4,4,0,0,Midwest
O02391,C002,2024-07-13,2024-07-16,2024-07-20,2024-07-16,Delivered,2385.63,13,9,0,0,Northeast
O02392,C018,2024-06-17,2024-06-20,2024-06-22,2024-06-20,Delivered,332.22,14,14,0,1,West
O02393,C039,2024-12-10,2024-12-13,2024-12-14,2024-12-13,Delivered,118.1,5,5,0,1,Midwest
O02394,C005,2024-12-09,,2024-12-13,,Cancelled,583.8,12,0,0,1,Midwest
O02395,C016,2024-05-21,2024-05-23,2024-05-27,2024-05-23,Delivered,1177.75,7,3,0,1,West
O02396,C034,2024-11-26,2024-11-27,2024-11-29,2024-11-27,Delivered,1294.02,6,6,0,1,Midwest
O02397,C023,2024-08-11,2024-08-12,2024-08-17,2024-08-13,Delivered,3619.8,18,18,0,1,West
O02398,C028,2024-03-12,2024-03-14,2024-03-16,2024-03-18,Delivered,821.52,18,18,0,1,Midwest
O02399,C028,2024-10-30,2024-11-01,2024-11-06,2024-11-04,Delivered,70.05,3,3,0,1,Midwest
O02400,C034,2024-09-19,2024-09-20,2024-09-25,2024-09-23,Delivered,130.75,5,5,0,1,Midwest
O02401,C001,2024-03-02,2024-03-05,2024-03-09,2024-03-11,Delivered,2466.36,17,17,0,0,South
O02402,C020,2024-04-06,2024-04-09,2024-04-13,,Shipped,2960.32,16,16,0,1,Northeast
O02403,C016,2024-04-24,2024-04-25,2024-04-28,2024-04-26,Delivered,470.34,18,18,9,1,West
O02404,C008,2024-07-26,2024-07-29,2024-07-31,2024-07-31,Delivered,2547.84,12,12,0,1,Northeast
O02405,C037,2024-08-23,2024-08-26,2024-08-30,2024-09-01,Delivered,305.06,7,7,0,1,Midwest
O02406,C005,2024-11-18,2024-11-21,2024-11-21,2024-11-21,Delivered,1942.59,17,17,0,1,Midwest
O02407,C020,2024-07-03,2024-07-05,2024-07-07,2024-07-06,Delivered,436.5,15,15,0,1,Northeast
O02408,C001,2024-10-28,2024-10-29,2024-11-02,2024-11-06,Delivered,2776.93,13,13,0,1,South
O02409,C033,2024-01-10,2024-01-13,2024-01-16,2024-01-23,Delivered,1850.22,19,19,10,1,West
O02410,C031,2024-10-01,2024-10-04,2024-10-05,,Shipped,3142.79,17,17,0,1,Midwest
O02411,C006,2024-04-13,2024-04-16,2024-04-17,2024-04-17,Delivered,1667.43,9,9,0,1,Northeast
O02412,C015,2024-12-13,2024-12-16,2024-12-19,2024-12-16,Delivered,3253.14,18,18,2,1,Northeast
O02413,C009,2024-01-25,2024-01-27,2024-01-30,2024-01-29,Delivered,1479.79,13,13,0,1,West
O02414,C001,2024-08-02,2024-08-03,2024-08-08,2024-08-04,Delivered,1856.43,9,9,0,1,South
O02415,C034,2024-02-21,2024-02-24,2024-02-28,2024-02-24,Delivered,245.28,8,8,0,1,Midwest
O02416,C001,2024-04-23,2024-04-24,2024-04-29,2024-04-24,Delivered,263.5,5,5,0,1,South
O02417,C022,2024-08-28,2024-08-30,2024-08-31,2024-08-30,Delivered,2602.32,14,14,0,1,South
O02418,C033,2024-06-24,2024-06-25,2024-06-28,2024-06-29,Delivered,998.1,15,15,0,1,West
O02419,C006,2024-06-24,2024-06-27,2024-06-30,2024-06-29,Delivered,3064.89,19,19,0,1,Northeast
O02420,C037,2024-10-27,2024-10-29,2024-10-30,2024-11-04,Delivered,1212.9,13,13,0,1,Midwest
O02421,C024,2024-03-15,2024-03-18,2024-03-18,2024-03-18,Delivered,2273.57,13,13,0,1,West
O02422,C022,2024-07-30,2024-08-01,2024-08-04,2024-08-01,Delivered,539.52,16,16,0,1,South
O02423,C038,2024-06-26,2024-06-28,2024-07-03,2024-06-30,Delivered,110.84,4,4,0,1,South
O02424,C025,2024-11-07,,2024-11-13,,Cancelled,851.11,13,0,0,1,Northeast
O02425,C006,2024-01-25,2024-01-28,2024-01-29,2024-01-29,Delivered,1462.34,17,1,0,1,Northeast
O02426,C039,2024-09-10,2024-09-11,2024-09-17,2024-09-13,Delivered,3212.32,16,16,2,1,Midwest
O02427,C015,2024-12-03,2024-12-04,2024-12-07,2024-12-04,Delivered,369.54,9,9,0,1,Northeast
O02428,C002,2024-09-29,2024-10-01,2024-10-02,2024-10-02,Delivered,1704.12,12,12,0,1,Northeast
O02429,C011,2024-11-29,2024-12-01,2024-12-05,2024-12-03,Delivered,122.88,1,1,0,1,Midwest
O02430,C025,2024-12-13,,2024-12-19,,Cancelled,40.05,1,0,0,1,Northeast
O02431,C003,2024-07-06,2024-07-07,2024-07-11,2024-07-08,Delivered,112.95,5,5,0,1,South
O02432,C038,2024-08-23,2024-08-25,2024-08-27,2024-08-26,Delivered,295.52,8,8,0,1,South
O02433,C003,2024-11-12,,2024-11-16,,Placed,837.84,6,0,0,1,South
O02434,C035,2024-06-26,2024-06-27,2024-06-30,2024-06-29,Delivered,2905.28,16,16,12,1,West
O02435,C012,2024-10-24,2024-10-27,2024-10-31,2024-10-27,Delivered,187.66,2,2,1,1,Northeast
O02436,C006,2024-11-03,2024-11-06,2024-11-09,2024-11-06,Delivered,2031.68,16,16,0,1,Northeast
O02437,C011,2024-05-06,2024-05-09,2024-05-10,2024-05-13,Delivered,501.67,17,17,0,1,Midwest
O02438,C005,2024-09-28,2024-09-30,2024-10-03,2024-10-02,Delivered,2368.08,18,18,0,0,Midwest
O02439,C011,2024-03-19,2024-03-20,2024-03-26,2024-03-26,Delivered,3317.4,20,20,0,1,Midwest
O02440,C038,2024-11-28,2024-12-01,2024-12-01,2024-12-01,Delivered,2149.14,14,14,0,1,South
O02441,C017,2024-01-11,,2024-01-18,,Cancelled,1585.68,12,0,0,1,South
O02442,C009,2024-11-17,2024-11-19,2024-11-22,2024-11-22,Delivered,625.59,7,7,0,1,West
O02443,C036,2024-09-11,2024-09-14,2024-09-15,2024-09-15,Delivered,488.64,16,16,0,1,West
O02444,C030,2024-02-22,2024-02-23,2024-02-27,,Shipped,381.64,7,6,0,1,South
O02445,C025,2024-11-10,2024-11-11,2024-11-17,2024-11-24,Delivered,847.56,4,4,0,1,Northeast
O02446,C007,2024-11-02,2024-11-05,2024-11-06,2024-11-05,Delivered,3575.99,19,10,0,1,Midwest
O02447,C009,2024-05-15,2024-05-17,2024-05-21,2024-05-19,Delivered,742.84,7,7,1,1,West
O02448,C015,2024-04-11,2024-04-12,2024-04-18,2024-04-15,Delivered,1280.84,11,11,11,1,Northeast
O02449,C004,2024-06-28,2024-06-30,2024-07-05,2024-07-03,Delivered,541.53,11,7,0,1,South
O02450,C014,2024-03-12,2024-03-15,2024-03-19,2024-03-18,Delivered,185.17,1,1,0,1,West
O02451,C027,2024-03-23,2024-03-25,2024-03-28,2024-03-26,Delivered,1588.5,9,9,7,0,South
O02452,C031,2024-05-11,2024-05-14,2024-05-16,2024-05-14,Delivered,132.03,3,3,0,1,Midwest
O02453,C040,2024-01-16,2024-01-17,2024-01-22,2024-01-20,Delivered,89.84,1,1,0,1,Midwest
O02454,C024,2024-06-17,2024-06-19,2024-06-22,2024-06-20,Delivered,2330.08,16,14,0,1,West
O02455,C025,2024-12-09,2024-12-12,2024-12-13,2024-12-13,Delivered,2429.13,17,17,0,1,Northeast
O02456,C014,2024-05-03,,2024-05-08,,Placed,2097.0,18,0,0,1,West
O02457,C036,2024-10-04,2024-10-06,2024-10-08,2024-10-08,Delivered,155.17,1,1,0,0,West
O02458,C039,2024-01-11,2024-01-13,2024-01-18,2024-01-13,Delivered,1134.0,14,14,0,1,Midwest
O02459,C008,2024-10-14,2024-10-17,2024-10-17,2024-10-17,Delivered,659.55,3,3,1,1,Northeast
O02460,C033,2024-06-28,2024-06-29,2024-07-04,2024-07-04,Delivered,112.9,2,2,0,1,West
O02461,C021,2024-12-07,2024-12-08,2024-12-13,2024-12-13,Delivered,2922.01,19,19,0,1,South
O02462,C010,2024-11-13,,2024-11-20,,Cancelled,1509.74,19,0,0,1,South
O02463,C039,2024-06-08,2024-06-09,2024-06-12,2024-06-16,Delivered,1093.75,5,3,0,1,Midwest
O02464,C019,2024-07-27,2024-07-28,2024-08-03,2024-07-31,Delivered,1180.83,7,7,0,0,Midwest
O02465,C008,2024-04-22,2024-04-25,2024-04-25,2024-04-25,Delivered,2691.13,13,13,0,1,Northeast
O02466,C007,2024-09-29,2024-10-02,2024-10-03,2024-10-03,Delivered,2441.12,16,16,0,1,Midwest
O02467,C025,2024-03-05,2024-03-06,2024-03-12,2024-03-06,Delivered,3539.4,17,17,0,1,Northeast
O02468,C019,2024-09-29,2024-10-01,2024-10-05,2024-10-05,Delivered,1036.92,6,6,0,0,Midwest
O02469,C019,2024-04-29,2024-05-01,2024-05-02,2024-05-02,Delivered,1805.22,18,18,0,1,Midwest
O02470,C032,2024-06-11,2024-06-12,2024-06-18,,Shipped,2092.3,14,14,0,1,Northeast
O02471,C015,2024-09-27,2024-09-29,2024-10-02,2024-10-04,Delivered,1525.86,7,7,0,1,Northeast
O02472,C025,2024-03-07,2024-03-09,2024-03-10,2024-03-09,Delivered,1722.7,14,13,0,1,Northeast
O02473,C013,2024-04-07,2024-04-08,2024-04-12,2024-04-19,Delivered,332.64,9,9,0,1,South
O02474,C005,2024-06-25,2024-06-26,2024-07-02,2024-07-04,Delivered,898.5,5,1,0,1,Midwest
O02475,C004,2024-11-06,2024-11-09,2024-11-13,2024-11-19,Delivered,1026.72,12,12,0,1,South
O02476,C021,2024-08-04,2024-08-05,2024-08-07,2024-08-07,Delivered,909.92,11,11,0,1,South
O02477,C032,2024-09-21,2024-09-23,2024-09-24,2024-09-23,Delivered,321.88,2,2,0,1,Northeast
O02478,C039,2024-11-20,2024-11-23,2024-11-26,2024-11-25,Delivered,3264.75,15,15,0,0,Midwest
O02479,C039,2024-11-12,2024-11-14,2024-11-15,2024-11-15,Delivered,542.32,4,4,0,1,Midwest
O02480,C017,2024-06-25,2024-06-27,2024-06-30,2024-06-28,Delivered,414.9,3,3,0,1,South
O02481,C032,2024-11-19,2024-11-22,2024-11-23,2024-11-22,Delivered,393.12,8,4,0,1,Northeast
O02482,C022,2024-08-28,2024-08-29,2024-09-04,2024-09-02,Delivered,936.15,15,15,0,1,South
O02483,C027,2024-01-27,2024-01-29,2024-01-30,2024-01-29,Delivered,1656.09,9,9,5,1,South
O02484,C015,2024-03-11,2024-03-13,2024-03-17,2024-03-16,Delivered,241.47,3,3,0,1,Northeast
O02485,C038,2024-03-11,2024-03-13,2024-03-17,2024-03-14,Delivered,219.24,1,1,0,1,South
O02486,C010,2024-05-19,,2024-05-25,,Placed,2901.24,18,0,0,1,South
O02487,C040,2024-03-16,2024-03-19,2024-03-22,2024-03-19,Delivered,1786.5,10,10,0,1,Midwest
O02488,C040,2024-05-07,2024-05-10,2024-05-11,2024-05-10,Delivered,910.56,14,14,0,1,Midwest
O02489,C039,2024-08-04,2024-08-06,2024-08-11,2024-08-09,Delivered,1616.16,13,13,3,1,Midwest
O02490,C033,2024-08-03,2024-08-06,2024-08-10,2024-08-10,Delivered,272.17,17,17,0,1,West
O02491,C016,2024-08-27,2024-08-28,2024-09-03,2024-08-31,Delivered,1193.88,12,12,0,0,West
O02492,C016,2024-05-06,2024-05-08,2024-05-13,2024-05-16,Delivered,109.87,1,1,0,1,West
O02493,C033,2024-07-05,2024-07-06,2024-07-10,2024-07-10,Delivered,4305.0,20,20,0,1,West
O02494,C024,2024-08-23,2024-08-25,2024-08-29,,Shipped,1210.5,10,10,0,1,West
O02495,C015,2024-01-19,,2024-01-26,,Placed,4218.2,20,0,0,1,Northeast
O02496,C007,2024-01-22,,2024-01-29,,Placed,200.04,6,0,0,1,Midwest
O02497,C032,2024-06-06,2024-06-07,2024-06-09,,Shipped,848.47,7,7,0,1,Northeast
O02498,C012,2024-01-27,2024-01-29,2024-02-02,2024-02-03,Delivered,209.52,2,2,0,0,Northeast
O02499,C017,2024-09-22,,2024-09-26,,Cancelled,415.56,12,0,0,1,South
O02500,C032,2024-02-25,2024-02-28,2024-03-02,2024-02-29,Delivered,2194.5,10,10,0,1,Northeast
O02501,C015,2024-01-06,2024-01-08,2024-01-12,2024-01-08,Delivered,191.65,5,5,0,1,Northeast
O02502,C033,2024-02-24,,2024-03-01,,Placed,1658.88,9,0,0,1,West
O02503,C032,2024-06-14,2024-06-17,2024-06-18,2024-06-17,Delivered,3486.6,20,20,0,1,Northeast
O02504,C012,2024-02-21,2024-02-23,2024-02-26,2024-03-01,Delivered,2658.76,13,13,0,1,Northeast
O02505,C013,2024-04-06,2024-04-07,2024-04-13,2024-04-10,Delivered,760.35,5,5,0,1,South
O02506,C022,2024-08-02,2024-08-05,2024-08-08,2024-08-05,Delivered,837.45,5,5,0,1,South
O02507,C032,2024-09-08,2024-09-11,2024-09-11,2024-09-11,Delivered,221.68,4,4,0,1,Northeast
O02508,C020,2024-02-28,2024-02-29,2024-03-03,2024-03-02,Delivered,1709.6,16,16,0,1,Northeast
O02509,C014,2024-10-08,2024-10-09,2024-10-12,2024-10-12,Delivered,1148.68,13,13,0,1,West
O02510,C038,2024-06-05,2024-06-08,2024-06-11,2024-06-11,Delivered,895.0,10,7,0,1,South
O02511,C026,2024-05-15,2024-05-18,2024-05-18,,Shipped,245.68,8,8,0,1,West
O02512,C021,2024-02-10,2024-02-13,2024-02-14,2024-02-14,Delivered,1587.36,16,16,0,1,South
O02513,C038,2024-07-07,,2024-07-14,,Cancelled,625.8,6,0,0,1,South
O02514,C028,2024-11-08,2024-11-09,2024-11-15,2024-11-13,Delivered,3293.0,20,20,0,1,Midwest
O02515,C036,2024-08-16,2024-08-19,2024-08-23,2024-08-25,Delivered,165.45,3,3,0,0,West
O02516,C005,2024-06-19,2024-06-20,2024-06-25,2024-06-22,Delivered,813.54,6,6,0,1,Midwest
O02517,C018,2024-04-17,2024-04-18,2024-04-24,2024-04-26,Delivered,87.2,5,5,0,1,West
O02518,C015,2024-09-19,2024-09-21,2024-09-26,2024-09-25,Delivered,247.5,11,11,0,1,Northeast
O02519,C033,2024-07-01,,2024-07-07,,Placed,114.39,3,0,0,1,West
O02520,C017,2024-12-04,,2024-12-07,,Cancelled,1822.5,9,0,0,1,South
O02521,C029,2024-05-21,2024-05-24,2024-05-27,2024-05-25,Delivered,543.32,17,17,0,0,Northeast
O02522,C010,2024-10-26,2024-10-27,2024-10-29,2024-10-27,Delivered,250.7,5,5,0,1,South
O02523,C013,2024-05-13,2024-05-14,2024-05-19,2024-05-16,Delivered,407.52,9,9,0,1,South
O02524,C028,2024-05-30,2024-06-01,2024-06-02,2024-06-01,Delivered,3347.47,17,17,10,1,Midwest
O02525,C033,2024-03-05,2024-03-08,2024-03-10,2024-03-09,Delivered,322.38,9,9,0,1,West
O02526,C035,2024-07-11,,2024-07-17,,Placed,1377.17,17,0,0,1,West
O02527,C028,2024-07-05,2024-07-07,2024-07-10,2024-07-10,Delivered,1111.97,17,17,2,1,Midwest
O02528,C014,2024-10-02,,2024-10-09,,Placed,1376.43,11,0,0,1,West
O02529,C004,2024-03-15,2024-03-18,2024-03-21,2024-03-20,Delivered,398.02,14,14,0,1,South
O02530,C019,2024-09-12,2024-09-13,2024-09-16,2024-09-14,Delivered,856.1,5,2,0,1,Midwest
O02531,C039,2024-07-08,2024-07-09,2024-07-11,2024-07-11,Delivered,129.48,6,6,0,1,Midwest
O02532,C014,2024-07-01,2024-07-03,2024-07-06,2024-07-04,Delivered,1874.56,16,16,0,1,West
O02533,C024,2024-05-22,2024-05-25,2024-05-26,2024-05-26,Delivered,3877.74,18,18,0,1,West
O02534,C009,2024-07-13,2024-07-15,2024-07-20,2024-07-20,Delivered,237.06,6,3,0,1,West
O02535,C020,2024-05-10,2024-05-12,2024-05-15,2024-05-19,Delivered,232.32,2,2,0,1,Northeast
O02536,C014,2024-04-25,2024-04-28,2024-05-01,,Shipped,1519.62,19,19,0,1,West
O02537,C016,2024-11-08,2024-11-11,2024-11-12,2024-11-12,Delivered,784.5,6,6,0,1,West
O02538,C032,2024-02-18,2024-02-19,2024-02-24,2024-02-21,Delivered,758.28,6,6,0,1,Northeast
O02539,C003,2024-05-11,2024-05-12,2024-05-17,2024-05-13,Delivered,2911.86,18,18,0,0,South
O02540,C022,2024-07-29,2024-08-01,2024-08-03,2024-08-04,Delivered,747.5,10,10,0,1,South
O02541,C036,2024-01-31,2024-02-03,2024-02-03,,Shipped,835.3,10,10,0,1,West
O02542,C008,2024-11-25,2024-11-26,2024-12-02,2024-11-27,Delivered,2356.96,16,16,0,1,Northeast
O02543,C033,2024-06-26,2024-06-28,2024-06-29,2024-07-06,Delivered,273.76,8,8,0,1,West
O02544,C022,2024-06-22,2024-06-24,2024-06-27,2024-06-24,Delivered,3216.91,17,17,0,1,South
O02545,C039,2024-07-31,2024-08-01,2024-08-05,2024-08-01,Delivered,1143.04,19,19,13,1,Midwest
O02546,C002,2024-05-22,2024-05-23,2024-05-29,2024-05-24,Delivered,242.4,8,8,0,1,Northeast
O02547,C026,2024-05-04,2024-05-05,2024-05-11,2024-05-09,Delivered,102.21,1,1,0,1,West
O02548,C033,2024-11-14,2024-11-17,2024-11-19,2024-11-19,Delivered,280.02,6,6,0,1,West
O02549,C025,2024-10-11,2024-10-12,2024-10-14,2024-10-14,Delivered,2891.84,16,16,0,1,Northeast
O02550,C013,2024-06-03,2024-06-05,2024-06-06,2024-06-05,Delivered,425.76,8,7,0,1,South
O02551,C038,2024-07-15,2024-07-17,2024-07-22,2024-07-17,Delivered,203.83,11,11,0,1,South
O02552,C040,2024-12-08,2024-12-09,2024-12-12,2024-12-12,Delivered,1895.52,16,16,0,1,Midwest
O02553,C015,2024-11-28,2024-11-29,2024-12-02,2024-12-02,Delivered,1210.4,20,20,0,1,Northeast
O02554,C015,2024-11-30,2024-12-01,2024-12-07,2024-12-01,Delivered,382.94,2,2,0,1,Northeast
O02555,C007,2024-02-17,2024-02-18,2024-02-21,2024-02-18,Delivered,138.3,6,4,0,1,Midwest
O02556,C035,2024-02-10,2024-02-12,2024-02-16,2024-02-16,Delivered,501.72,12,12,0,1,West
O02557,C038,2024-08-18,,2024-08-24,,Cancelled,135.72,4,0,0,1,South
O02558,C028,2024-09-27,2024-09-29,2024-09-30,2024-09-29,Delivered,613.44,3,3,0,1,Midwest
O02559,C034,2024-01-02,2024-01-04,2024-01-05,2024-01-05,Delivered,813.4,4,4,0,1,Midwest
O02560,C030,2024-05-30,2024-06-02,2024-06-06,2024-06-02,Delivered,3311.51,19,19,0,1,South
O02561,C026,2024-02-25,2024-02-28,2024-03-01,2024-03-02,Delivered,491.6,10,10,0,1,West
O02562,C007,2024-07-10,2024-07-13,2024-07-16,2024-07-14,Delivered,1953.44,16,16,0,1,Midwest
O02563,C032,2024-02-07,2024-02-09,2024-02-10,2024-02-09,Delivered,2561.55,15,15,0,1,Northeast
O02564,C036,2024-07-30,2024-08-02,2024-08-04,2024-08-10,Delivered,3469.8,20,20,0,1,West
O02565,C038,2024-10-10,2024-10-12,2024-10-17,2024-10-12,Delivered,1657.76,16,16,0,1,South
O02566,C040,2024-02-22,2024-02-24,2024-02-28,2024-02-25,Delivered,1689.6,20,20,0,1,Midwest
O02567,C002,2024-01-09,2024-01-10,2024-01-13,2024-01-13,Delivered,827.25,15,2,0,1,Northeast
O02568,C021,2024-02-09,,2024-02-16,,Cancelled,626.7,15,0,0,1,South
O02569,C036,2024-02-23,2024-02-26,2024-02-26,2024-02-26,Delivered,530.92,13,13,0,1,West
O02570,C027,2024-09-22,2024-09-24,2024-09-26,2024-10-02,Delivered,2346.17,17,17,0,1,South
O02571,C023,2024-02-12,2024-02-15,2024-02-18,2024-02-15,Delivered,1303.2,18,18,0,1,West
O02572,C004,2024-02-18,,2024-02-25,,Cancelled,260.88,8,0,0,1,South
O02573,C019,2024-05-22,2024-05-23,2024-05-26,2024-05-26,Delivered,2498.21,13,13,0,1,Midwest
O02574,C002,2024-06-06,2024-06-08,2024-06-11,2024-06-11,Delivered,794.08,8,8,0,1,Northeast
O02575,C016,2024-04-03,2024-04-06,2024-04-07,2024-04-06,Delivered,817.98,6,6,0,1,West
O02576,C002,2024-04-16,2024-04-18,2024-04-21,2024-04-19,Delivered,730.8,10,3,0,1,Northeast
O02577,C009,2024-02-20,,2024-02-23,,Placed,407.88,2,0,0,1,West
O02578,C029,2024-05-21,2024-05-23,2024-05-27,,Shipped,1113.84,9,9,0,1,Northeast
O02579,C005,2024-06-15,2024-06-16,2024-06-21,2024-06-24,Delivered,289.38,6,6,0,1,Midwest
O02580,C022,2024-01-03,2024-01-05,2024-01-07,2024-01-07,Delivered,593.64,18,18,0,1,South
O02581,C020,2024-07-24,2024-07-25,2024-07-30,2024-07-25,Delivered,3779.0,20,20,0,1,Northeast
O02582,C019,2024-07-30,2024-08-02,2024-08-06,2024-08-05,Delivered,137.15,1,1,0,1,Midwest
O02583,C024,2024-09-08,2024-09-10,2024-09-12,2024-09-10,Delivered,419.8,4,4,0,1,West
O02584,C035,2024-10-05,2024-10-07,2024-10-08,2024-10-12,Delivered,503.02,7,7,0,1,West
O02585,C005,2024-11-24,2024-11-27,2024-11-30,2024-11-28,Delivered,1559.74,14,14,0,1,Midwest
O02586,C035,2024-06-01,2024-06-02,2024-06-07,2024-06-05,Delivered,540.72,4,4,0,1,West
O02587,C022,2024-10-22,2024-10-25,2024-10-25,2024-10-25,Delivered,568.92,3,3,0,1,South
O02588,C013,2024-07-22,2024-07-25,2024-07-28,2024-07-25,Delivered,907.12,8,8,0,1,South
O02589,C011,2024-05-23,,2024-05-29,,Cancelled,387.6,6,0,0,1,Midwest
O02590,C008,2024-01-04,,2024-01-08,,Cancelled,2632.28,17,0,0,1,Northeast
O02591,C040,2024-05-22,2024-05-24,2024-05-29,,Shipped,2161.39,11,11,0,1,Midwest
O02592,C005,2024-10-01,2024-10-02,2024-10-04,2024-10-03,Delivered,3141.75,15,15,0,1,Midwest
O02593,C032,2024-02-15,2024-02-18,2024-02-22,2024-02-22,Delivered,2880.8,20,20,18,1,Northeast
O02594,C005,2024-08-17,,2024-08-24,,Placed,2174.36,19,0,0,1,Midwest
O02595,C015,2024-06-13,2024-06-15,2024-06-19,2024-06-18,Delivered,3521.04,17,5,0,1,Northeast
O02596,C015,2024-06-04,2024-06-07,2024-06-11,2024-06-11,Delivered,683.44,8,8,1,1,Northeast
O02597,C023,2024-06-07,2024-06-08,2024-06-10,2024-06-09,Delivered,1817.85,15,15,0,1,West
O02598,C035,2024-03-15,2024-03-18,2024-03-21,,Shipped,2080.9,10,10,0,1,West
O02599,C022,2024-07-11,2024-07-12,2024-07-18,2024-07-12,Delivered,2232.36,12,12,0,1,South
O02600,C023,2024-02-05,2024-02-06,2024-02-11,2024-02-09,Delivered,1675.5,10,10,0,1,West
O02601,C014,2024-10-18,2024-10-20,2024-10-21,2024-10-21,Delivered,475.92,4,4,0,1,West
O02602,C008,2024-02-18,2024-02-19,2024-02-21,2024-02-19,Delivered,591.78,6,6,0,1,Northeast
O02603,C001,2024-02-29,2024-03-03,2024-03-05,2024-03-04,Delivered,151.45,1,1,0,1,South
O02604,C023,2024-03-26,,2024-03-31,,Cancelled,4353.0,20,0,0,1,West
O02605,C030,2024-01-12,2024-01-15,2024-01-17,2024-01-15,Delivered,2715.52,16,10,0,1,South
O02606,C032,2024-09-09,2024-09-10,2024-09-13,2024-09-13,Delivered,194.52,3,3,0,1,Northeast
O02607,C037,2024-08-17,2024-08-19,2024-08-21,2024-08-21,Delivered,1043.82,18,18,0,1,Midwest
O02608,C014,2024-06-23,,2024-06-26,,Placed,1395.04,16,0,0,1,West
O02609,C003,2024-10-02,,2024-10-07,,Placed,622.72,4,0,0,1,South
O02610,C021,2024-02-23,2024-02-26,2024-03-01,2024-02-27,Delivered,2507.55,15,15,0,1,South
O02611,C024,2024-11-05,2024-11-06,2024-11-12,2024-11-06,Delivered,2539.55,13,13,0,1,West
O02612,C009,2024-09-28,,2024-10-01,,Placed,1033.75,5,0,0,1,West
O02613,C040,2024-10-06,2024-10-07,2024-10-10,2024-10-10,Delivered,508.74,3,3,0,1,Midwest
O02614,C010,2024-08-12,2024-08-14,2024-08-19,2024-08-16,Delivered,146.15,1,1,0,1,South
O02615,C016,2024-07-05,,2024-07-08,,Cancelled,402.06,6,0,0,1,West
O02616,C002,2024-04-04,,2024-04-11,,Placed,2123.47,17,0,0,1,Northeast
O02617,C032,2024-01-07,2024-01-08,2024-01-12,2024-01-11,Delivered,958.08,8,8,0,1,Northeast
O02618,C005,2024-03-09,2024-03-11,2024-03-12,2024-03-11,Delivered,779.79,17,17,0,1,Midwest
O02619,C029,2024-07-03,2024-07-05,2024-07-10,,Shipped,864.24,4,4,0,1,Northeast
O02620,C022,2024-09-29,2024-10-02,2024-10-02,2024-10-02,Delivered,797.85,15,15,0,1,South
O02621,C026,2024-02-27,2024-02-29,2024-03-02,2024-03-02,Delivered,3140.4,15,4,0,1,West
O02622,C026,2024-02-13,2024-02-15,2024-02-18,2024-02-15,Delivered,730.83,17,17,0,1,West
O02623,C030,2024-10-04,2024-10-05,2024-10-07,2024-10-06,Delivered,794.08,7,7,0,1,South
O02624,C004,2024-11-12,2024-11-14,2024-11-15,2024-11-14,Delivered,122.92,4,2,0,1,South
O02625,C023,2024-05-12,2024-05-14,2024-05-19,2024-05-16,Delivered,848.12,7,7,3,1,West
O02626,C027,2024-12-04,2024-12-07,2024-12-10,2024-12-09,Delivered,2127.62,19,19,0,1,South
O02627,C026,2024-12-03,2024-12-04,2024-12-07,2024-12-05,Delivered,381.06,6,6,0,1,West
O02628,C003,2024-02-05,2024-02-06,2024-02-12,2024-02-08,Delivered,1356.9,15,15,0,1,South
O02629,C032,2024-02-15,2024-02-17,2024-02-22,2024-02-20,Delivered,2074.86,18,18,0,1,Northeast
O02630,C038,2024-03-21,2024-03-22,2024-03-25,2024-03-23,Delivered,1701.63,9,4,0,1,South
O02631,C012,2024-10-12,2024-10-15,2024-10-15,2024-10-15,Delivered,459.48,7,7,0,1,Northeast
O02632,C037,2024-08-05,2024-08-06,2024-08-11,2024-08-08,Delivered,1211.47,13,13,0,1,Midwest
O02633,C036,2024-06-11,2024-06-13,2024-06-14,2024-06-14,Delivered,511.68,13,13,0,1,West
O02634,C019,2024-08-19,,2024-08-25,,Cancelled,2282.84,14,0,0,1,Midwest
O02635,C033,2024-04-20,2024-04-21,2024-04-23,,Shipped,1714.96,17,17,0,1,West
O02636,C007,2024-02-07,2024-02-08,2024-02-13,2024-02-13,Delivered,594.88,4,4,0,1,Midwest
O02637,C022,2024-04-09,,2024-04-14,,Placed,760.0,20,0,0,1,South
O02638,C013,2024-10-19,,2024-10-25,,Placed,285.9,2,0,0,1,South
O02639,C040,2024-02-28,2024-03-02,2024-03-02,2024-03-02,Delivered,462.57,17,17,14,1,Midwest
O02640,C039,2024-04-21,2024-04-23,2024-04-24,2024-04-24,Delivered,1502.62,14,14,0,1,Midwest
O02641,C002,2024-10-28,2024-10-29,2024-11-02,2024-10-29,Delivered,108.24,2,2,0,1,Northeast
O02642,C023,2024-05-27,2024-05-29,2024-05-31,2024-05-29,Delivered,494.46,9,9,0,1,West
O02643,C034,2024-07-06,,2024-07-13,,Placed,1156.5,18,0,0,1,Midwest
O02644,C012,2024-11-14,2024-11-16,2024-11-20,2024-11-18,Delivered,108.78,6,6,0,1,Northeast
O02645,C013,2024-10-24,2024-10-27,2024-10-30,2024-10-27,Delivered,107.1,7,7,0,1,South
O02646,C001,2024-02-14,2024-02-15,2024-02-18,2024-02-17,Delivered,1174.2,15,15,0,1,South
O02647,C040,2024-08-01,2024-08-03,2024-08-04,2024-08-03,Delivered,414.2,19,19,0,1,Midwest
O02648,C012,2024-11-30,2024-12-01,2024-12-03,2024-12-03,Delivered,641.88,12,11,0,1,Northeast
O02649,C010,2024-05-13,2024-05-14,2024-05-19,2024-05-19,Delivered,151.2,5,1,1,1,South
O02650,C013,2024-10-12,,2024-10-18,,Placed,810.05,17,0,0,1,South
O02651,C017,2024-07-01,2024-07-02,2024-07-07,2024-07-06,Delivered,298.68,3,2,0,1,South
O02652,C034,2024-02-15,2024-02-17,2024-02-21,2024-02-20,Delivered,699.0,4,4,0,1,Midwest
O02653,C012,2024-03-08,2024-03-09,2024-03-11,2024-03-10,Delivered,287.12,4,4,0,1,Northeast
O02654,C037,2024-03-27,2024-03-29,2024-04-01,,Shipped,395.7,3,3,0,1,Midwest
O02655,C022,2024-02-18,2024-02-19,2024-02-21,2024-02-20,Delivered,1168.86,11,11,0,1,South
O02656,C014,2024-02-03,,2024-02-10,,Placed,1100.61,7,0,0,1,West
O02657,C019,2024-07-19,2024-07-22,2024-07-23,2024-07-23,Delivered,3081.76,17,17,3,1,Midwest
O02658,C005,2024-03-11,,2024-03-16,,Cancelled,3305.43,19,0,0,1,Midwest
O02659,C031,2024-04-03,,2024-04-09,,Placed,1359.2,20,0,0,1,Midwest
O02660,C030,2024-09-15,2024-09-16,2024-09-20,2024-09-20,Delivered,1030.03,17,17,0,1,South
O02661,C037,2024-08-16,2024-08-19,2024-08-23,2024-08-22,Delivered,858.9,5,5,0,1,Midwest
O02662,C015,2024-03-27,2024-03-28,2024-04-02,2024-04-01,Delivered,777.44,4,4,0,1,Northeast
O02663,C015,2024-01-22,2024-01-25,2024-01-27,,Shipped,907.8,15,15,0,1,Northeast
O02664,C036,2024-02-01,2024-02-04,2024-02-06,2024-02-08,Delivered,530.94,3,1,0,1,West
O02665,C027,2024-06-18,2024-06-21,2024-06-25,2024-06-25,Delivered,1540.28,14,14,0,1,South
O02666,C012,2024-01-07,2024-01-10,2024-01-14,2024-01-15,Delivered,208.81,7,7,0,1,Northeast
O02667,C036,2024-05-05,2024-05-06,2024-05-10,2024-05-07,Delivered,1668.16,13,13,0,1,West
O02668,C015,2024-09-05,2024-09-06,2024-09-09,2024-09-15,Delivered,2597.66,13,11,0,1,Northeast
O02669,C011,2024-11-17,2024-11-19,2024-11-24,2024-11-28,Delivered,829.62,18,18,0,1,Midwest
O02670,C030,2024-08-22,2024-08-25,2024-08-29,2024-08-27,Delivered,985.88,7,7,0,1,South
O02671,C004,2024-04-08,2024-04-10,2024-04-12,2024-04-12,Delivered,1237.5,9,9,0,1,South
O02672,C034,2024-04-06,2024-04-08,2024-04-13,2024-04-10,Delivered,2445.95,13,13,0,1,Midwest
O02673,C019,2024-09-08,2024-09-11,2024-09-13,2024-09-12,Delivered,2480.4,20,20,0,1,Midwest
O02674,C011,2024-07-11,2024-07-13,2024-07-18,2024-07-17,Delivered,188.92,4,4,0,1,Midwest
O02675,C029,2024-07-03,2024-07-04,2024-07-09,2024-07-08,Delivered,1359.26,14,14,0,1,Northeast
O02676,C013,2024-05-31,2024-06-02,2024-06-03,2024-06-02,Delivered,3273.35,17,17,2,1,South
O02677,C005,2024-08-29,2024-08-30,2024-09-04,2024-09-04,Delivered,369.9,3,3,0,1,Midwest
O02678,C036,2024-04-16,2024-04-19,2024-04-23,2024-04-22,Delivered,1589.12,8,8,0,1,West
O02679,C014,2024-03-16,2024-03-17,2024-03-19,2024-03-19,Delivered,195.52,1,1,0,1,West
O02680,C009,2024-11-06,2024-11-09,2024-11-13,2024-11-13,Delivered,980.32,16,16,0,0,West
O02681,C006,2024-01-14,2024-01-15,2024-01-17,2024-01-15,Delivered,1529.78,7,7,0,1,Northeast
O02682,C035,2024-02-03,2024-02-04,2024-02-09,2024-02-08,Delivered,844.0,20,20,0,1,West
O02683,C017,2024-12-03,2024-12-05,2024-12-09,2024-12-13,Delivered,1907.91,17,17,0,1,South
O02684,C016,2024-03-21,2024-03-22,2024-03-28,2024-03-22,Delivered,640.0,16,16,12,1,West
O02685,C028,2024-09-27,,2024-10-02,,Cancelled,2232.62,13,0,0,1,Midwest
O02686,C001,2024-05-30,2024-06-02,2024-06-06,2024-06-04,Delivered,1178.38,14,14,0,1,South
O02687,C023,2024-09-20,2024-09-23,2024-09-24,2024-09-24,Delivered,1666.2,10,10,0,1,West
O02688,C028,2024-06-19,2024-06-21,2024-06-26,2024-06-28,Delivered,555.85,5,5,0,1,Midwest
O02689,C024,2024-03-01,2024-03-04,2024-03-07,2024-03-04,Delivered,2609.92,16,9,0,1,West
O02690,C031,2024-09-24,2024-09-26,2024-09-27,2024-10-01,Delivered,1100.4,7,7,0,1,Midwest
O02691,C011,2024-06-09,2024-06-10,2024-06-15,2024-06-20,Delivered,1979.88,12,12,0,0,Midwest
O02692,C024,2024-06-29,2024-07-02,2024-07-05,2024-07-11,Delivered,302.26,14,14,0,1,West
O02693,C016,2024-09-04,2024-09-06,2024-09-10,2024-09-10,Delivered,166.16,4,4,0,0,West
O02694,C010,2024-02-03,2024-02-05,2024-02-07,2024-02-06,Delivered,819.47,19,19,0,1,South
O02695,C018,2024-04-11,2024-04-12,2024-04-14,,Shipped,1160.46,6,6,0,1,West
O02696,C031,2024-01-07,2024-01-08,2024-01-12,,Shipped,1394.03,11,11,0,1,Midwest
O02697,C015,2024-02-29,2024-03-02,2024-03-05,2024-03-09,Delivered,570.24,6,6,0,0,Northeast
O02698,C023,2024-09-18,2024-09-20,2024-09-24,2024-09-23,Delivered,2298.56,16,16,0,1,West
O02699,C037,2024-08-10,2024-08-11,2024-08-14,2024-08-11,Delivered,415.88,4,4,0,1,Midwest
O02700,C019,2024-07-11,2024-07-13,2024-07-14,2024-07-14,Delivered,144.72,9,9,0,0,Midwest
O02701,C001,2024-02-27,2024-02-28,2024-03-03,2024-02-28,Delivered,978.64,8,8,0,1,South
O02702,C022,2024-08-10,2024-08-12,2024-08-14,2024-08-14,Delivered,548.22,3,3,0,1,South
O02703,C039,2024-06-27,2024-06-28,2024-07-04,2024-06-29,Delivered,247.84,4,4,0,1,Midwest
O02704,C028,2024-07-17,2024-07-18,2024-07-24,2024-07-20,Delivered,506.28,6,6,0,1,Midwest
O02705,C022,2024-12-11,2024-12-14,2024-12-16,2024-12-15,Delivered,1106.55,9,9,0,1,South
O02706,C014,2024-08-03,2024-08-04,2024-08-06,2024-08-05,Delivered,1306.45,17,17,0,1,West
O02707,C028,2024-10-24,2024-10-25,2024-10-29,2024-10-31,Delivered,1462.92,12,12,0,1,Midwest
O02708,C007,2024-01-04,2024-01-06,2024-01-10,2024-01-10,Delivered,78.28,4,4,0,1,Midwest
O02709,C003,2024-05-24,2024-05-26,2024-05-31,2024-06-04,Delivered,107.58,2,2,0,1,South
O02710,C023,2024-06-24,2024-06-26,2024-06-27,2024-06-26,Delivered,858.76,4,2,0,1,West
O02711,C006,2024-06-10,2024-06-12,2024-06-16,2024-06-21,Delivered,559.26,6,6,0,1,Northeast
O02712,C021,2024-03-23,2024-03-26,2024-03-28,2024-03-26,Delivered,3210.81,19,19,0,1,South
O02713,C039,2024-07-21,2024-07-23,2024-07-24,2024-07-26,Delivered,98.34,6,6,0,1,Midwest
O02714,C032,2024-11-18,2024-11-19,2024-11-24,2024-11-21,Delivered,1441.55,11,11,0,1,Northeast
O02715,C036,2024-06-04,2024-06-07,2024-06-08,2024-06-08,Delivered,442.3,5,5,0,1,West
O02716,C018,2024-10-12,2024-10-15,2024-10-15,2024-10-15,Delivered,1507.4,10,10,0,1,West
O02717,C033,2024-10-29,2024-10-30,2024-11-01,2024-10-30,Delivered,1194.3,10,10,0,1,West
O02718,C007,2024-02-23,2024-02-26,2024-02-26,2024-02-26,Delivered,102.65,5,5,0,1,Midwest
O02719,C007,2024-09-09,2024-09-12,2024-09-15,2024-09-12,Delivered,2556.97,13,13,0,1,Midwest
O02720,C019,2024-09-13,2024-09-16,2024-09-16,2024-09-16,Delivered,306.65,5,5,0,1,Midwest
O02721,C028,2024-06-22,2024-06-23,2024-06-29,,Shipped,456.12,4,4,0,1,Midwest
O02722,C030,2024-08-10,,2024-08-16,,Placed,1694.28,14,0,0,1,South
O02723,C008,2024-03-04,2024-03-05,2024-03-11,2024-03-14,Delivered,1158.9,10,10,0,1,Northeast
O02724,C012,2024-09-07,2024-09-10,2024-09-13,2024-09-10,Delivered,1335.6,12,12,0,1,Northeast
O02725,C020,2024-12-01,,2024-12-05,,Placed,275.82,6,0,0,1,Northeast
O02726,C003,2024-01-03,2024-01-04,2024-01-07,2024-01-06,Delivered,2147.64,11,11,0,1,South
O02727,C040,2024-08-21,2024-08-23,2024-08-26,2024-08-24,Delivered,1477.13,17,17,0,1,Midwest
O02728,C039,2024-02-08,2024-02-09,2024-02-14,2024-02-14,Delivered,1431.4,17,17,0,1,Midwest
O02729,C023,2024-06-08,2024-06-09,2024-06-12,2024-06-18,Delivered,2311.05,15,15,0,1,West
O02730,C002,2024-04-27,2024-04-29,2024-05-01,2024-05-08,Delivered,808.35,17,17,0,1,Northeast
O02731,C003,2024-03-23,2024-03-26,2024-03-27,2024-03-26,Delivered,111.88,2,2,0,1,South
O02732,C016,2024-06-25,2024-06-26,2024-07-01,2024-06-27,Delivered,1094.34,13,13,0,1,West
O02733,C022,2024-03-18,2024-03-20,2024-03-25,2024-03-23,Delivered,428.76,4,4,0,1,South
O02734,C003,2024-07-05,2024-07-06,2024-07-09,2024-07-09,Delivered,1618.48,8,6,0,1,South
O02735,C004,2024-10-29,2024-11-01,2024-11-05,2024-11-03,Delivered,440.46,3,3,0,1,South
O02736,C029,2024-10-20,2024-10-23,2024-10-25,2024-10-25,Delivered,2981.48,19,19,7,1,Northeast
O02737,C037,2024-08-27,2024-08-30,2024-08-31,2024-08-30,Delivered,21.35,1,1,0,1,Midwest
O02738,C013,2024-07-20,2024-07-21,2024-07-26,,Shipped,2194.92,12,12,0,1,South
O02739,C033,2024-02-12,2024-02-15,2024-02-17,2024-02-15,Delivered,948.6,17,17,0,1,West
O02740,C003,2024-06-07,2024-06-09,2024-06-10,2024-06-09,Delivered,1422.6,12,12,0,0,South
O02741,C002,2024-10-18,2024-10-21,2024-10-24,2024-10-24,Delivered,865.5,6,6,0,1,Northeast
O02742,C001,2024-08-10,2024-08-12,2024-08-16,2024-08-15,Delivered,3816.91,19,19,0,0,South
O02743,C016,2024-12-14,2024-12-17,2024-12-19,2024-12-19,Delivered,181.94,11,11,0,1,West
O02744,C034,2024-02-02,2024-02-03,2024-02-08,,Shipped,756.14,11,11,0,1,Midwest
O02745,C002,2024-11-26,2024-11-28,2024-12-02,2024-12-02,Delivered,2650.3,17,17,0,0,Northeast
O02746,C036,2024-02-25,2024-02-26,2024-03-03,2024-03-01,Delivered,1385.4,10,10,0,1,West
O02747,C034,2024-08-11,2024-08-14,2024-08-17,2024-08-23,Delivered,568.8,10,10,0,1,Midwest
O02748,C028,2024-02-14,2024-02-16,2024-02-21,2024-02-21,Delivered,143.96,4,4,0,0,Midwest
O02749,C018,2024-06-20,2024-06-21,2024-06-26,,Shipped,814.15,5,5,0,1,West
O02750,C037,2024-06-09,2024-06-11,2024-06-16,2024-06-12,Delivered,3691.38,17,17,0,1,Midwest
O02751,C024,2024-04-18,2024-04-21,2024-04-23,2024-04-21,Delivered,1330.84,14,14,0,1,West
O02752,C008,2024-01-12,2024-01-13,2024-01-17,2024-01-17,Delivered,1152.88,8,8,0,1,Northeast
O02753,C016,2024-04-25,2024-04-28,2024-05-02,,Shipped,1165.5,10,10,0,1,West
O02754,C021,2024-05-09,2024-05-12,2024-05-15,2024-05-13,Delivered,210.0,7,7,0,1,South
O02755,C022,2024-09-13,2024-09-15,2024-09-18,2024-09-15,Delivered,863.46,9,9,0,1,South
O02756,C038,2024-05-06,2024-05-08,2024-05-13,2024-05-12,Delivered,683.28,4,4,4,1,South
O02757,C004,2024-11-21,2024-11-23,2024-11-24,2024-11-28,Delivered,474.18,3,3,0,1,South
O02758,C036,2024-01-19,2024-01-22,2024-01-23,2024-01-23,Delivered,87.98,1,1,0,1,West
O02759,C010,2024-11-27,2024-11-28,2024-12-02,2024-11-30,Delivered,3048.61,17,17,0,1,South
O02760,C021,2024-02-13,2024-02-14,2024-02-19,2024-02-18,Delivered,245.28,6,6,0,1,South
O02761,C020,2024-03-26,2024-03-29,2024-03-29,2024-04-05,Delivered,449.58,3,3,0,1,Northeast
O02762,C017,2024-07-19,2024-07-20,2024-07-25,,Shipped,1918.79,17,17,0,1,South
O02763,C022,2024-04-04,2024-04-05,2024-04-09,2024-04-06,Delivered,1159.84,8,8,7,1,South
O02764,C030,2024-03-01,2024-03-04,2024-03-05,2024-03-04,Delivered,838.04,7,7,0,1,South
O02765,C014,2024-04-05,2024-04-06,2024-04-12,2024-04-08,Delivered,248.28,3,3,0,1,West
O02766,C006,2024-07-10,,2024-07-15,,Cancelled,1557.9,18,0,0,1,Northeast
O02767,C017,2024-02-13,2024-02-14,2024-02-17,2024-02-17,Delivered,540.0,18,18,0,1,South
O02768,C010,2024-09-06,2024-09-08,2024-09-12,2024-09-08,Delivered,2264.04,12,12,0,1,South
O02769,C038,2024-02-11,2024-02-13,2024-02-16,2024-02-13,Delivered,1389.24,18,18,0,1,South
O02770,C036,2024-08-20,2024-08-23,2024-08-24,2024-08-24,Delivered,951.33,19,19,0,0,West
O02771,C011,2024-11-07,2024-11-08,2024-11-14,2024-11-10,Delivered,313.58,2,2,0,1,Midwest
O02772,C002,2024-05-01,,2024-05-07,,Placed,2079.7,10,0,0,1,Northeast
O02773,C026,2024-11-04,2024-11-07,2024-11-08,2024-11-10,Delivered,630.54,9,9,0,1,West
O02774,C015,2024-05-24,,2024-05-28,,Cancelled,1561.23,11,0,0,1,Northeast
O02775,C001,2024-07-11,2024-07-13,2024-07-14,2024-07-13,Delivered,967.4,5,5,0,1,South
O02776,C028,2024-07-20,2024-07-21,2024-07-24,2024-07-31,Delivered,2058.02,17,17,0,1,Midwest
O02777,C001,2024-11-24,2024-11-26,2024-12-01,2024-11-26,Delivered,918.34,17,17,0,1,South
O02778,C010,2024-09-29,2024-10-02,2024-10-04,2024-10-03,Delivered,506.1,10,10,3,0,South
O02779,C033,2024-05-04,2024-05-06,2024-05-09,2024-05-06,Delivered,1202.46,14,14,0,1,West
O02780,C012,2024-12-04,,2024-12-09,,Cancelled,535.2,8,0,0,1,Northeast
O02781,C022,2024-02-06,2024-02-07,2024-02-11,2024-02-09,Delivered,500.84,4,4,0,1,South
O02782,C005,2024-03-13,2024-03-16,2024-03-20,,Shipped,1353.6,12,12,0,1,Midwest
O02783,C013,2024-02-18,2024-02-19,2024-02-22,2024-02-21,Delivered,461.0,20,20,0,1,South
O02784,C040,2024-03-16,2024-03-17,2024-03-19,,Shipped,2437.32,12,12,0,1,Midwest
O02785,C015,2024-04-07,2024-04-09,2024-04-11,,Shipped,214.32,8,8,0,1,Northeast
O02786,C031,2024-07-06,2024-07-09,2024-07-09,2024-07-12,Delivered,123.76,7,7,0,1,Midwest
O02787,C003,2024-01-14,2024-01-15,2024-01-20,2024-01-20,Delivered,34.58,2,2,0,0,South
O02788,C024,2024-01-03,2024-01-06,2024-01-07,2024-01-07,Delivered,2992.0,17,17,0,1,West
O02789,C039,2024-03-13,2024-03-14,2024-03-20,2024-03-16,Delivered,115.53,1,1,0,1,Midwest
O02790,C022,2024-09-09,2024-09-12,2024-09-13,2024-09-12,Delivered,2958.8,20,20,19,1,South
O02791,C024,2024-08-25,2024-08-28,2024-08-30,2024-08-29,Delivered,1307.6,7,7,0,1,West
O02792,C037,2024-07-06,2024-07-08,2024-07-12,2024-07-09,Delivered,838.62,9,9,0,1,Midwest
O02793,C029,2024-05-05,2024-05-06,2024-05-10,2024-05-09,Delivered,756.8,8,8,0,1,Northeast
O02794,C002,2024-05-16,2024-05-19,2024-05-23,2024-05-21,Delivered,389.6,16,16,16,1,Northeast
O02795,C028,2024-09-06,,2024-09-11,,Cancelled,40.27,1,0,0,1,Midwest
O02796,C010,2024-03-26,2024-03-27,2024-03-29,2024-03-29,Delivered,2436.14,14,7,0,1,South
O02797,C003,2024-02-01,2024-02-04,2024-02-05,2024-02-04,Delivered,1063.84,8,8,0,1,South
O02798,C031,2024-05-05,2024-05-08,2024-05-10,2024-05-09,Delivered,1000.02,7,7,0,1,Midwest
O02799,C015,2024-03-16,2024-03-17,2024-03-19,2024-03-21,Delivered,1132.88,7,7,0,1,Northeast
O02800,C036,2024-09-10,2024-09-11,2024-09-15,,Shipped,878.32,8,8,0,1,West
O02801,C035,2024-03-14,2024-03-17,2024-03-18,2024-03-17,Delivered,2865.8,14,14,0,1,West
O02802,C009,2024-03-18,2024-03-21,2024-03-25,2024-03-24,Delivered,642.75,3,3,0,1,West
O02803,C009,2024-11-28,2024-12-01,2024-12-03,2024-12-01,Delivered,846.45,11,11,0,1,West
O02804,C003,2024-12-07,2024-12-10,2024-12-11,2024-12-11,Delivered,1349.55,15,15,0,0,South
O02805,C038,2024-03-15,2024-03-17,2024-03-21,2024-03-19,Delivered,1881.3,10,10,0,1,South
O02806,C003,2024-08-17,2024-08-18,2024-08-20,2024-08-19,Delivered,1041.8,10,10,0,1,South
O02807,C010,2024-07-23,2024-07-26,2024-07-30,2024-07-27,Delivered,931.9,10,10,0,1,South
O02808,C036,2024-03-22,2024-03-25,2024-03-28,,Shipped,300.45,15,13,0,1,West
O02809,C036,2024-05-27,2024-05-30,2024-06-03,2024-06-02,Delivered,2510.34,14,14,0,1,West
O02810,C028,2024-11-24,2024-11-27,2024-11-28,2024-12-05,Delivered,485.1,11,11,0,1,Midwest
O02811,C027,2024-01-25,2024-01-26,2024-01-28,2024-01-31,Delivered,3658.2,20,20,1,1,South
O02812,C017,2024-06-14,2024-06-17,2024-06-20,2024-06-20,Delivered,433.96,2,2,0,1,South
O02813,C010,2024-06-13,2024-06-14,2024-06-18,2024-06-14,Delivered,235.8,2,2,1,1,South
O02814,C023,2024-09-25,2024-09-26,2024-09-28,2024-09-28,Delivered,1853.64,19,19,0,1,West
O02815,C022,2024-10-05,2024-10-07,2024-10-09,2024-10-08,Delivered,1135.44,6,6,0,1,South
O02816,C023,2024-05-30,2024-06-01,2024-06-04,2024-06-11,Delivered,293.24,4,4,0,1,West
O02817,C009,2024-11-06,2024-11-09,2024-11-13,,Shipped,1118.08,16,16,0,1,West
O02818,C002,2024-09-15,2024-09-17,2024-09-19,2024-09-18,Delivered,358.75,5,5,4,1,Northeast
O02819,C014,2024-10-20,2024-10-23,2024-10-23,2024-10-23,Delivered,1967.85,9,9,0,1,West
O02820,C019,2024-09-02,2024-09-04,2024-09-09,,Shipped,261.96,12,12,0,0,Midwest
O02821,C040,2024-02-22,2024-02-23,2024-02-27,2024-02-26,Delivered,1292.7,6,6,0,1,Midwest
O02822,C024,2024-07-25,2024-07-26,2024-07-31,2024-07-28,Delivered,1292.32,8,8,0,1,West
O02823,C040,2024-08-28,2024-08-29,2024-09-03,2024-09-01,Delivered,2132.31,17,17,0,1,Midwest
O02824,C013,2024-09-21,2024-09-24,2024-09-24,2024-09-24,Delivered,245.26,2,2,0,1,South
O02825,C009,2024-03-13,2024-03-16,2024-03-19,2024-03-22,Delivered,2392.86,19,19,0,1,West
O02826,C022,2024-11-19,2024-11-21,2024-11-26,2024-11-24,Delivered,1985.4,12,12,0,1,South
O02827,C015,2024-09-14,2024-09-16,2024-09-18,2024-09-16,Delivered,1124.06,14,14,0,1,Northeast
O02828,C029,2024-03-13,2024-03-14,2024-03-20,,Shipped,635.76,4,4,0,1,Northeast
O02829,C031,2024-03-13,2024-03-14,2024-03-20,2024-03-15,Delivered,250.15,5,5,0,1,Midwest
O02830,C022,2024-02-27,2024-03-01,2024-03-02,2024-03-02,Delivered,787.92,14,14,0,0,South
O02831,C003,2024-04-05,2024-04-07,2024-04-09,2024-04-07,Delivered,196.06,2,2,0,1,South
O02832,C003,2024-11-27,2024-11-29,2024-12-04,,Shipped,316.89,7,7,0,1,South
O02833,C026,2024-04-25,2024-04-28,2024-04-28,2024-04-28,Delivered,313.14,2,2,0,1,West
O02834,C040,2024-12-09,2024-12-10,2024-12-16,2024-12-15,Delivered,555.84,8,8,0,1,Midwest
O02835,C024,2024-10-02,2024-10-04,2024-10-06,,Shipped,213.51,3,3,0,1,West
O02836,C033,2024-03-04,2024-03-06,2024-03-08,2024-03-07,Delivered,109.56,4,1,0,1,West
O02837,C008,2024-12-07,2024-12-08,2024-12-13,2024-12-09,Delivered,1534.12,7,7,0,1,Northeast
O02838,C039,2024-02-03,2024-02-04,2024-02-06,2024-02-05,Delivered,520.48,4,1,0,1,Midwest
O02839,C016,2024-02-24,2024-02-26,2024-02-29,2024-02-28,Delivered,118.68,6,6,0,1,West
O02840,C029,2024-05-13,,2024-05-17,,Cancelled,83.46,2,0,0,1,Northeast
O02841,C009,2024-10-05,2024-10-06,2024-10-09,2024-10-06,Delivered,120.61,1,1,0,1,West
O02842,C013,2024-07-25,2024-07-27,2024-07-30,2024-07-30,Delivered,242.5,10,10,0,1,South
O02843,C038,2024-01-17,2024-01-19,2024-01-20,2024-01-19,Delivered,258.2,4,4,0,1,South
O02844,C003,2024-07-28,2024-07-31,2024-08-03,2024-08-02,Delivered,113.93,1,1,0,1,South
O02845,C038,2024-01-13,2024-01-16,2024-01-18,2024-01-17,Delivered,137.79,9,9,0,1,South
O02846,C029,2024-06-13,2024-06-15,2024-06-18,2024-06-15,Delivered,2182.1,10,10,0,1,Northeast
O02847,C028,2024-09-05,2024-09-08,2024-09-11,2024-09-16,Delivered,1071.45,15,15,0,1,Midwest
O02848,C025,2024-05-29,2024-06-01,2024-06-02,,Shipped,3285.36,18,18,0,1,Northeast
O02849,C025,2024-03-30,2024-04-01,2024-04-02,2024-04-01,Delivered,3240.18,18,18,0,1,Northeast
O02850,C029,2024-01-02,2024-01-04,2024-01-07,2024-01-10,Delivered,722.75,7,7,0,1,Northeast
O02851,C037,2024-06-18,2024-06-19,2024-06-21,2024-06-21,Delivered,786.89,13,13,0,1,Midwest
O02852,C031,2024-12-13,2024-12-16,2024-12-17,,Shipped,1280.4,6,6,0,1,Midwest
O02853,C018,2024-03-20,2024-03-23,2024-03-26,2024-03-24,Delivered,2097.4,20,20,0,1,West
O02854,C012,2024-05-26,2024-05-27,2024-06-02,2024-06-02,Delivered,1399.04,8,8,0,1,Northeast
O02855,C011,2024-08-10,2024-08-11,2024-08-17,2024-08-15,Delivered,1604.96,14,14,0,1,Midwest
O02856,C032,2024-10-19,2024-10-21,2024-10-25,2024-10-21,Delivered,130.04,1,1,0,1,Northeast
O02857,C033,2024-01-12,2024-01-15,2024-01-16,2024-01-16,Delivered,638.34,3,3,0,1,West
O02858,C034,2024-04-03,2024-04-04,2024-04-09,2024-04-08,Delivered,588.76,4,4,0,1,Midwest
O02859,C009,2024-08-09,,2024-08-14,,Placed,428.95,5,0,0,1,West
O02860,C019,2024-07-30,2024-08-01,2024-08-02,,Shipped,459.48,12,12,0,1,Midwest
O02861,C036,2024-05-08,2024-05-10,2024-05-15,2024-05-14,Delivered,770.28,7,7,0,1,West
O02862,C033,2024-02-26,2024-02-29,2024-03-03,2024-03-06,Delivered,1196.96,8,8,0,1,West
O02863,C006,2024-08-09,2024-08-11,2024-08-15,2024-08-13,Delivered,2081.28,12,12,0,1,Northeast
O02864,C013,2024-08-02,2024-08-03,2024-08-05,,Shipped,2512.44,14,14,0,1,South
O02865,C038,2024-12-04,2024-12-07,2024-12-11,2024-12-11,Delivered,872.76,4,4,0,1,South
O02866,C025,2024-03-26,2024-03-29,2024-04-01,2024-03-30,Delivered,979.66,11,11,0,1,Northeast
O02867,C001,2024-06-25,2024-06-27,2024-06-30,2024-06-29,Delivered,945.68,8,8,0,0,South
O02868,C036,2024-03-25,2024-03-27,2024-03-30,2024-04-01,Delivered,1242.08,8,8,2,0,West
O02869,C013,2024-11-22,2024-11-25,2024-11-26,2024-11-25,Delivered,871.68,8,8,1,1,South
O02870,C022,2024-06-10,2024-06-12,2024-06-14,2024-06-12,Delivered,3109.54,19,19,0,1,South
O02871,C031,2024-03-11,2024-03-14,2024-03-16,2024-03-15,Delivered,137.92,1,1,0,1,Midwest
O02872,C025,2024-08-28,2024-08-30,2024-09-03,2024-09-01,Delivered,608.2,5,5,0,1,Northeast
O02873,C018,2024-08-07,2024-08-09,2024-08-11,2024-08-09,Delivered,377.51,7,7,0,1,West
O02874,C008,2024-04-14,2024-04-17,2024-04-21,,Shipped,1840.72,19,19,0,1,Northeast
O02875,C031,2024-06-14,2024-06-16,2024-06-18,2024-06-18,Delivered,3422.0,20,20,14,1,Midwest
O02876,C001,2024-04-29,2024-04-30,2024-05-06,,Shipped,39.02,1,1,0,1,South
O02877,C004,2024-11-27,2024-11-30,2024-12-03,2024-12-05,Delivered,209.92,4,4,0,1,South
O02878,C034,2024-08-18,2024-08-19,2024-08-22,2024-08-26,Delivered,798.42,14,14,0,0,Midwest
O02879,C002,2024-11-02,2024-11-05,2024-11-07,2024-11-12,Delivered,337.85,5,5,0,1,Northeast
O02880,C034,2024-07-19,2024-07-20,2024-07-24,2024-07-20,Delivered,1651.39,13,13,0,1,Midwest
O02881,C003,2024-04-23,2024-04-24,2024-04-30,2024-04-30,Delivered,1988.64,12,12,0,1,South
O02882,C011,2024-09-21,2024-09-23,2024-09-24,2024-09-24,Delivered,46.94,1,1,0,1,Midwest
O02883,C022,2024-03-17,2024-03-18,2024-03-21,2024-03-19,Delivered,473.12,8,8,0,1,South
O02884,C040,2024-10-18,2024-10-19,2024-10-25,2024-10-19,Delivered,3294.94,17,11,0,1,Midwest
O02885,C039,2024-02-16,2024-02-17,2024-02-20,2024-02-27,Delivered,1366.24,16,16,0,1,Midwest
O02886,C035,2024-01-04,,2024-01-10,,Placed,521.2,4,0,0,1,West
O02887,C032,2024-06-16,2024-06-18,2024-06-19,2024-06-18,Delivered,420.9,2,2,0,1,Northeast
O02888,C012,2024-11-01,2024-11-03,2024-11-07,2024-11-03,Delivered,767.28,6,6,0,1,Northeast
O02889,C022,2024-01-18,2024-01-19,2024-01-24,2024-01-23,Delivered,2804.25,15,15,15,1,South
O02890,C029,2024-05-30,2024-06-01,2024-06-02,2024-06-01,Delivered,1779.24,12,12,0,1,Northeast
O02891,C037,2024-01-06,2024-01-07,2024-01-10,,Shipped,849.84,12,12,0,1,Midwest
O02892,C009,2024-08-10,2024-08-11,2024-08-13,2024-08-11,Delivered,1444.74,11,11,0,1,West
O02893,C011,2024-07-03,2024-07-05,2024-07-08,2024-07-06,Delivered,2091.32,11,3,0,1,Midwest
O02894,C026,2024-06-22,2024-06-24,2024-06-29,2024-06-30,Delivered,1225.62,9,9,0,1,West
O02895,C010,2024-08-01,2024-08-04,2024-08-06,2024-08-05,Delivered,2318.91,11,11,0,1,South
O02896,C009,2024-06-22,2024-06-23,2024-06-28,2024-07-01,Delivered,298.23,3,3,0,1,West
O02897,C006,2024-06-30,2024-07-01,2024-07-03,2024-07-02,Delivered,2540.68,19,19,0,1,Northeast
O02898,C008,2024-03-22,2024-03-24,2024-03-28,2024-03-26,Delivered,310.2,15,15,0,1,Northeast
O02899,C037,2024-05-23,2024-05-26,2024-05-28,2024-06-03,Delivered,1882.71,19,19,16,1,Midwest
O02900,C039,2024-09-05,2024-09-06,2024-09-08,2024-09-08,Delivered,763.08,6,6,0,1,Midwest
O02901,C003,2024-10-23,2024-10-24,2024-10-28,2024-10-28,Delivered,314.8,10,10,0,1,South
O02902,C003,2024-02-12,2024-02-14,2024-02-18,,Shipped,1426.56,12,11,0,1,South
O02903,C003,2024-12-07,2024-12-10,2024-12-13,2024-12-13,Delivered,569.04,4,4,0,1,South
O02904,C004,2024-07-30,,2024-08-05,,Cancelled,528.12,12,0,0,1,South
O02905,C015,2024-11-27,,2024-12-04,,Placed,470.16,12,0,0,1,Northeast
O02906,C036,2024-08-11,2024-08-13,2024-08-14,2024-08-13,Delivered,289.68,17,17,0,1,West
O02907,C015,2024-08-09,2024-08-11,2024-08-12,2024-08-11,Delivered,278.01,3,3,0,1,Northeast
O02908,C031,2024-02-14,2024-02-17,2024-02-19,2024-02-18,Delivered,283.05,9,9,0,1,Midwest
O02909,C036,2024-08-18,2024-08-20,2024-08-22,2024-08-20,Delivered,73.13,1,1,0,1,West
O02910,C023,2024-03-29,2024-04-01,2024-04-04,2024-04-04,Delivered,163.37,1,1,0,1,West
O02911,C009,2024-01-23,2024-01-24,2024-01-27,2024-01-27,Delivered,1306.97,7,7,0,1,West
O02912,C027,2024-10-03,,2024-10-08,,Cancelled,819.06,11,0,0,1,South
O02913,C006,2024-07-29,,2024-08-04,,Placed,3554.36,17,0,0,1,Northeast
O02914,C003,2024-05-17,2024-05-19,2024-05-22,2024-05-19,Delivered,2073.68,14,14,0,1,South
O02915,C039,2024-02-21,2024-02-23,2024-02-27,2024-02-27,Delivered,232.4,8,8,4,1,Midwest
O02916,C016,2024-11-30,2024-12-02,2024-12-04,2024-12-11,Delivered,650.16,4,4,0,1,West
O02917,C033,2024-04-28,2024-04-29,2024-05-05,,Shipped,355.18,7,7,0,1,West
O02918,C005,2024-10-14,2024-10-15,2024-10-21,,Shipped,2079.61,13,8,0,1,Midwest
O02919,C039,2024-01-12,2024-01-15,2024-01-15,2024-01-15,Delivered,49.46,2,2,0,1,Midwest
O02920,C037,2024-11-27,2024-11-29,2024-12-02,2024-12-01,Delivered,1256.8,10,10,0,1,Midwest
O02921,C013,2024-11-02,2024-11-03,2024-11-06,2024-11-05,Delivered,88.5,1,1,1,1,South
O02922,C039,2024-11-22,2024-11-24,2024-11-28,2024-11-26,Delivered,934.6,10,10,0,1,Midwest
O02923,C008,2024-09-03,2024-09-05,2024-09-07,2024-09-14,Delivered,3506.07,19,19,0,1,Northeast
O02924,C032,2024-03-07,2024-03-10,2024-03-14,2024-03-12,Delivered,1431.36,9,9,0,1,Northeast
O02925,C013,2024-03-09,2024-03-12,2024-03-15,2024-03-19,Delivered,363.42,9,9,0,1,South
O02926,C031,2024-06-18,2024-06-20,2024-06-22,2024-06-22,Delivered,196.55,1,1,0,1,Midwest
O02927,C038,2024-11-29,2024-12-01,2024-12-03,2024-12-01,Delivered,78.63,1,1,0,1,South
O02928,C018,2024-07-01,2024-07-02,2024-07-06,2024-07-05,Delivered,1037.54,14,14,0,1,West
O02929,C003,2024-12-11,,2024-12-14,,Cancelled,715.32,18,0,0,1,South
O02930,C034,2024-08-02,,2024-08-05,,Cancelled,2383.17,19,0,0,1,Midwest
O02931,C011,2024-04-01,2024-04-04,2024-04-05,2024-04-05,Delivered,2544.39,17,14,0,1,Midwest
O02932,C026,2024-08-06,,2024-08-09,,Cancelled,106.34,1,0,0,1,West
O02933,C039,2024-03-22,2024-03-24,2024-03-27,2024-03-25,Delivered,156.18,2,2,0,1,Midwest
O02934,C020,2024-09-09,,2024-09-13,,Cancelled,804.21,11,0,0,1,Northeast
O02935,C028,2024-01-21,2024-01-22,2024-01-26,2024-01-22,Delivered,117.07,1,1,0,1,Midwest
O02936,C032,2024-08-18,2024-08-19,2024-08-23,2024-08-20,Delivered,1460.55,15,15,0,1,Northeast
O02937,C023,2024-04-03,2024-04-05,2024-04-08,2024-04-05,Delivered,1636.32,16,16,0,1,West
O02938,C040,2024-12-08,2024-12-09,2024-12-13,2024-12-09,Delivered,1463.6,10,10,0,1,Midwest
O02939,C027,2024-07-31,2024-08-01,2024-08-07,2024-08-04,Delivered,397.59,3,3,0,0,South
O02940,C023,2024-07-01,2024-07-02,2024-07-08,2024-07-04,Delivered,530.06,17,17,0,1,West
O02941,C016,2024-11-05,2024-11-08,2024-11-10,2024-11-10,Delivered,491.76,6,6,0,1,West
O02942,C030,2024-12-12,2024-12-14,2024-12-16,2024-12-16,Delivered,1778.4,16,16,0,1,South
O02943,C040,2024-03-09,2024-03-11,2024-03-14,2024-03-11,Delivered,795.34,7,7,0,0,Midwest
O02944,C016,2024-06-24,2024-06-27,2024-06-27,2024-06-27,Delivered,567.36,3,3,3,1,West
O02945,C007,2024-09-08,,2024-09-12,,Placed,550.64,4,0,0,1,Midwest
O02946,C012,2024-10-07,2024-10-10,2024-10-13,2024-10-17,Delivered,953.55,9,9,0,1,Northeast
O02947,C010,2024-09-17,2024-09-19,2024-09-24,2024-09-29,Delivered,149.7,5,5,1,1,South
O02948,C030,2024-05-26,2024-05-27,2024-05-30,2024-05-28,Delivered,3705.2,20,20,0,0,South
O02949,C018,2024-03-18,2024-03-21,2024-03-21,,Shipped,1463.85,15,15,0,1,West
O02950,C009,2024-07-25,2024-07-27,2024-07-31,2024-07-28,Delivered,2163.76,17,17,0,1,West
O02951,C017,2024-05-14,2024-05-17,2024-05-21,2024-05-19,Delivered,957.4,5,5,0,1,South
O02952,C038,2024-07-16,2024-07-19,2024-07-22,2024-07-19,Delivered,1135.33,7,7,0,1,South
O02953,C026,2024-10-12,2024-10-15,2024-10-16,2024-10-15,Delivered,1900.69,11,11,0,1,West
O02954,C032,2024-01-27,2024-01-29,2024-01-30,2024-01-29,Delivered,499.65,15,15,0,1,Northeast
O02955,C006,2024-01-22,2024-01-25,2024-01-29,2024-02-01,Delivered,3592.33,19,19,0,1,Northeast
O02956,C023,2024-01-21,2024-01-24,2024-01-26,2024-01-24,Delivered,497.99,19,19,0,1,West
O02957,C014,2024-08-01,2024-08-03,2024-08-04,2024-08-03,Delivered,388.98,6,6,0,1,West
O02958,C007,2024-02-20,2024-02-23,2024-02-23,2024-02-29,Delivered,1410.8,8,8,0,1,Midwest
O02959,C015,2024-03-21,2024-03-24,2024-03-25,2024-03-24,Delivered,422.37,13,13,10,1,Northeast
O02960,C037,2024-01-12,2024-01-13,2024-01-17,2024-01-22,Delivered,687.65,17,17,0,1,Midwest
O02961,C011,2024-10-06,2024-10-08,2024-10-09,2024-10-08,Delivered,835.9,10,10,0,1,Midwest
O02962,C031,2024-12-04,2024-12-05,2024-12-11,2024-12-09,Delivered,638.37,9,9,0,1,Midwest
O02963,C006,2024-03-02,2024-03-05,2024-03-06,2024-03-06,Delivered,115.64,7,7,0,1,Northeast
O02964,C019,2024-03-01,2024-03-04,2024-03-06,2024-03-09,Delivered,1879.35,17,17,0,0,Midwest
O02965,C008,2024-08-18,2024-08-20,2024-08-23,2024-08-20,Delivered,2642.38,13,13,0,1,Northeast
O02966,C024,2024-07-06,2024-07-09,2024-07-12,2024-07-09,Delivered,159.42,1,1,0,1,West
O02967,C007,2024-10-11,2024-10-14,2024-10-15,2024-10-21,Delivered,1666.3,10,10,0,1,Midwest
O02968,C004,2024-04-19,2024-04-21,2024-04-26,2024-05-03,Delivered,2509.44,12,12,0,1,South
O02969,C007,2024-03-22,2024-03-23,2024-03-29,2024-04-05,Delivered,824.96,16,16,0,1,Midwest
O02970,C013,2024-07-24,,2024-07-27,,Placed,1684.2,10,0,0,1,South
O02971,C023,2024-06-28,2024-06-29,2024-07-02,2024-07-01,Delivered,2912.16,16,16,0,1,West
O02972,C022,2024-07-07,2024-07-09,2024-07-10,2024-07-10,Delivered,833.6,8,8,6,1,South
O02973,C021,2024-05-02,2024-05-05,2024-05-05,2024-05-05,Delivered,51.0,2,2,2,1,South
O02974,C020,2024-07-19,2024-07-20,2024-07-22,2024-07-26,Delivered,217.59,1,1,0,1,Northeast
O02975,C038,2024-09-03,2024-09-05,2024-09-09,2024-09-09,Delivered,1862.08,16,16,0,1,South
O02976,C039,2024-01-29,2024-02-01,2024-02-04,2024-02-01,Delivered,416.9,2,2,0,1,Midwest
O02977,C004,2024-07-08,2024-07-11,2024-07-14,2024-07-14,Delivered,1133.86,13,8,0,1,South
O02978,C027,2024-09-03,2024-09-04,2024-09-09,2024-09-04,Delivered,3197.6,16,16,0,1,South
O02979,C013,2024-11-27,2024-11-30,2024-12-01,2024-11-30,Delivered,2348.38,17,17,0,1,South
O02980,C014,2024-10-03,2024-10-06,2024-10-09,2024-10-07,Delivered,2021.13,17,17,0,1,West
O02981,C002,2024-05-12,2024-05-13,2024-05-18,2024-05-15,Delivered,883.98,18,15,0,1,Northeast
O02982,C004,2024-11-29,2024-12-01,2024-12-04,,Shipped,2120.0,20,20,0,1,South
O02983,C022,2024-10-03,2024-10-05,2024-10-10,2024-10-08,Delivered,601.7,10,10,0,1,South
O02984,C003,2024-04-15,2024-04-16,2024-04-21,2024-04-19,Delivered,2650.5,15,15,0,1,South
O02985,C013,2024-11-02,2024-11-05,2024-11-07,,Shipped,952.25,13,13,0,1,South
O02986,C040,2024-01-12,2024-01-14,2024-01-15,2024-01-15,Delivered,426.16,14,14,4,1,Midwest
O02987,C006,2024-08-12,2024-08-14,2024-08-16,2024-08-14,Delivered,235.44,6,6,0,1,Northeast
O02988,C036,2024-08-29,,2024-09-02,,Cancelled,283.22,17,0,0,1,West
O02989,C021,2024-03-12,,2024-03-15,,Cancelled,725.88,4,0,0,1,South
O02990,C012,2024-05-22,2024-05-25,2024-05-25,2024-05-25,Delivered,2844.27,13,3,0,1,Northeast
O02991,C007,2024-08-10,,2024-08-13,,Cancelled,1387.6,20,0,0,1,Midwest
O02992,C007,2024-08-09,2024-08-11,2024-08-13,2024-08-12,Delivered,1019.64,12,12,0,1,Midwest
O02993,C035,2024-08-25,2024-08-27,2024-08-29,2024-08-28,Delivered,1754.1,10,10,0,1,West
O02994,C039,2024-05-22,2024-05-23,2024-05-26,2024-05-25,Delivered,951.3,9,9,0,1,Midwest
O02995,C025,2024-10-11,2024-10-13,2024-10-15,,Shipped,1284.58,11,11,0,1,Northeast
O02996,C014,2024-05-05,2024-05-08,2024-05-10,,Shipped,3059.56,14,14,0,1,West
O02997,C018,2024-04-28,2024-05-01,2024-05-02,2024-05-01,Delivered,888.02,14,14,0,1,West
O02998,C011,2024-03-20,2024-03-23,2024-03-23,2024-03-23,Delivered,3808.93,19,19,0,1,Midwest
O02999,C026,2024-06-30,2024-07-03,2024-07-04,2024-07-03,Delivered,3087.6,15,15,0,1,West
O03000,C024,2024-09-18,2024-09-20,2024-09-25,2024-09-22,Delivered,1527.2,16,16,0,1,West
O03001,C016,2024-03-11,,2024-03-16,,Cancelled,746.3,10,0,0,1,West
O03002,C038,2024-04-04,2024-04-07,2024-04-09,2024-04-09,Delivered,222.45,3,3,2,1,South
O03003,C033,2024-07-03,2024-07-06,2024-07-10,2024-07-06,Delivered,229.25,7,7,0,1,West
O03004,C025,2024-07-08,2024-07-10,2024-07-12,2024-07-12,Delivered,1279.19,11,11,6,0,Northeast
O03005,C031,2024-04-25,2024-04-26,2024-04-29,2024-04-26,Delivered,565.74,9,9,0,1,Midwest
O03006,C036,2024-08-13,2024-08-15,2024-08-19,2024-08-15,Delivered,786.22,19,19,0,1,West
O03007,C022,2024-04-26,2024-04-28,2024-05-02,2024-04-28,Delivered,742.39,17,17,0,1,South
O03008,C028,2024-02-20,2024-02-22,2024-02-26,2024-02-24,Delivered,1623.52,8,8,0,1,Midwest
O03009,C033,2024-02-11,2024-02-13,2024-02-14,2024-02-13,Delivered,140.55,1,1,0,1,West
O03010,C004,2024-03-17,,2024-03-22,,Cancelled,1582.02,18,0,0,1,South
O03011,C025,2024-08-31,2024-09-01,2024-09-06,2024-09-03,Delivered,3620.7,18,18,0,1,Northeast
O03012,C026,2024-09-12,2024-09-13,2024-09-16,2024-09-16,Delivered,422.38,2,2,0,1,West
O03013,C039,2024-10-13,,2024-10-19,,Placed,448.0,16,0,0,1,Midwest
O03014,C028,2024-12-02,2024-12-04,2024-12-07,2024-12-05,Delivered,3915.2,20,20,4,1,Midwest
O03015,C028,2024-01-11,2024-01-12,2024-01-15,2024-01-13,Delivered,756.9,5,5,0,1,Midwest
O03016,C039,2024-12-04,2024-12-07,2024-12-10,2024-12-07,Delivered,1070.44,14,14,0,1,Midwest
O03017,C030,2024-10-30,,2024-11-06,,Placed,862.12,7,0,0,1,South
O03018,C030,2024-04-11,2024-04-12,2024-04-18,2024-04-12,Delivered,1241.76,12,12,0,1,South
O03019,C002,2024-09-23,,2024-09-29,,Cancelled,141.48,1,0,0,1,Northeast
O03020,C014,2024-10-02,2024-10-03,2024-10-08,2024-10-05,Delivered,428.57,17,17,0,1,West
O03021,C023,2024-10-31,2024-11-03,2024-11-03,2024-11-04,Delivered,2276.82,13,13,0,1,West
O03022,C038,2024-02-25,2024-02-27,2024-02-29,2024-03-03,Delivered,413.68,4,4,0,1,South
O03023,C003,2024-08-15,2024-08-16,2024-08-22,2024-08-22,Delivered,1318.8,7,7,0,1,South
O03024,C006,2024-05-27,2024-05-30,2024-06-03,2024-06-03,Delivered,209.62,2,2,0,1,Northeast
O03025,C037,2024-04-20,2024-04-21,2024-04-24,2024-04-23,Delivered,297.22,14,14,0,1,Midwest
O03026,C007,2024-11-05,2024-11-06,2024-11-10,,Shipped,430.95,13,13,0,1,Midwest
O03027,C017,2024-06-09,2024-06-12,2024-06-15,2024-06-14,Delivered,2239.8,20,20,0,1,South
O03028,C039,2024-05-30,2024-06-01,2024-06-05,2024-06-04,Delivered,2071.1,10,10,10,1,Midwest
O03029,C005,2024-02-20,2024-02-22,2024-02-24,2024-02-22,Delivered,254.55,3,3,0,1,Midwest
O03030,C039,2024-07-08,2024-07-11,2024-07-11,2024-07-11,Delivered,465.72,4,4,0,1,Midwest
O03031,C019,2024-09-16,2024-09-17,2024-09-21,2024-09-19,Delivered,1595.72,14,14,0,1,Midwest
O03032,C001,2024-07-13,,2024-07-20,,Placed,732.4,8,0,0,1,South
O03033,C012,2024-09-12,2024-09-14,2024-09-15,2024-09-15,Delivered,2347.28,13,13,0,1,Northeast
O03034,C011,2024-11-01,2024-11-04,2024-11-05,,Shipped,2634.88,16,16,0,1,Midwest
O03035,C021,2024-01-12,2024-01-15,2024-01-18,2024-01-17,Delivered,2133.9,18,18,0,1,South
O03036,C026,2024-03-21,2024-03-23,2024-03-24,2024-03-23,Delivered,1008.48,16,16,0,1,West
O03037,C039,2024-02-08,2024-02-10,2024-02-12,2024-02-11,Delivered,238.68,13,13,0,1,Midwest
O03038,C022,2024-09-20,2024-09-21,2024-09-27,2024-09-21,Delivered,878.22,7,6,5,1,South
O03039,C028,2024-09-26,2024-09-28,2024-10-03,2024-10-02,Delivered,3684.24,17,17,16,1,Midwest
O03040,C010,2024-04-12,2024-04-13,2024-04-16,2024-04-16,Delivered,1168.6,20,20,0,1,South
O03041,C008,2024-11-25,2024-11-28,2024-12-01,2024-11-28,Delivered,179.36,4,4,0,1,Northeast
O03042,C030,2024-01-14,2024-01-16,2024-01-19,2024-01-16,Delivered,167.45,1,1,0,1,South
O03043,C005,2024-12-10,2024-12-11,2024-12-17,2024-12-11,Delivered,136.98,6,6,0,1,Midwest
O03044,C027,2024-10-21,2024-10-24,2024-10-25,,Shipped,935.28,9,9,0,1,South
O03045,C005,2024-05-08,2024-05-11,2024-05-14,2024-05-13,Delivered,2203.2,20,20,0,1,Midwest
O03046,C013,2024-03-06,2024-03-07,2024-03-13,2024-03-09,Delivered,147.85,5,5,1,1,South
O03047,C028,2024-11-15,2024-11-16,2024-11-21,2024-11-16,Delivered,690.36,12,3,0,0,Midwest
O03048,C011,2024-09-22,2024-09-24,2024-09-27,2024-09-26,Delivered,2692.62,14,14,3,1,Midwest
O03049,C025,2024-08-26,2024-08-27,2024-08-31,2024-08-28,Delivered,379.8,9,5,0,1,Northeast
O03050,C003,2024-05-17,2024-05-20,2024-05-22,2024-05-21,Delivered,317.66,7,5,0,1,South
O03051,C003,2024-05-18,2024-05-21,2024-05-21,2024-05-21,Delivered,836.99,11,11,0,1,South
O03052,C011,2024-03-25,2024-03-26,2024-04-01,2024-04-06,Delivered,676.0,4,4,0,1,Midwest
O03053,C028,2024-02-16,2024-02-18,2024-02-21,2024-02-21,Delivered,3247.04,16,12,0,1,Midwest
O03054,C016,2024-07-06,2024-07-09,2024-07-12,2024-07-09,Delivered,406.89,9,9,0,1,West
O03055,C010,2024-10-21,2024-10-23,2024-10-26,2024-10-29,Delivered,173.28,1,1,0,1,South
O03056,C009,2024-06-14,2024-06-16,2024-06-20,2024-06-19,Delivered,3080.32,16,16,0,1,West
O03057,C024,2024-08-29,2024-08-30,2024-09-04,2024-08-31,Delivered,775.95,5,5,0,1,West
O03058,C008,2024-10-05,2024-10-08,2024-10-08,2024-10-08,Delivered,47.47,1,1,0,1,Northeast
O03059,C035,2024-02-18,2024-02-19,2024-02-23,2024-02-19,Delivered,995.44,8,8,0,1,West
O03060,C022,2024-07-30,2024-08-01,2024-08-04,2024-08-01,Delivered,2248.27,19,19,0,1,South
O03061,C012,2024-12-13,2024-12-14,2024-12-19,2024-12-17,Delivered,2052.4,20,20,0,1,Northeast
O03062,C032,2024-12-07,,2024-12-14,,Cancelled,1267.04,8,0,0,1,Northeast
O03063,C020,2024-02-13,2024-02-15,2024-02-19,,Shipped,259.49,7,7,0,0,Northeast
O03064,C021,2024-12-01,2024-12-03,2024-12-04,2024-12-04,Delivered,1259.34,6,6,3,1,South
O03065,C024,2024-08-11,2024-08-13,2024-08-16,2024-08-22,Delivered,3949.91,19,19,0,1,West
O03066,C019,2024-06-08,2024-06-09,2024-06-12,,Shipped,181.59,3,3,0,1,Midwest
O03067,C030,2024-09-23,2024-09-25,2024-09-29,2024-10-05,Delivered,505.65,15,15,5,1,South
O03068,C002,2024-06-09,2024-06-12,2024-06-13,,Shipped,353.7,9,9,0,1,Northeast
O03069,C038,2024-08-13,2024-08-16,2024-08-18,2024-08-16,Delivered,684.25,5,5,0,1,South
O03070,C020,2024-08-13,2024-08-15,2024-08-19,2024-08-17,Delivered,1092.64,16,16,0,1,Northeast
O03071,C008,2024-03-17,2024-03-18,2024-03-22,2024-03-20,Delivered,400.3,2,2,0,1,Northeast
O03072,C030,2024-02-04,2024-02-05,2024-02-07,2024-02-07,Delivered,217.62,3,3,0,1,South
O03073,C025,2024-01-17,2024-01-20,2024-01-22,2024-01-27,Delivered,507.95,5,5,5,0,Northeast
O03074,C040,2024-02-26,2024-02-28,2024-03-03,2024-02-28,Delivered,1154.81,17,17,0,1,Midwest
O03075,C013,2024-06-13,2024-06-16,2024-06-17,2024-06-17,Delivered,1128.03,19,7,0,1,South
O03076,C018,2024-10-31,2024-11-03,2024-11-07,2024-11-03,Delivered,314.64,19,19,0,1,West
O03077,C032,2024-01-14,2024-01-17,2024-01-20,2024-01-26,Delivered,3022.24,16,16,0,0,Northeast
O03078,C021,2024-05-04,2024-05-07,2024-05-09,2024-05-16,Delivered,1819.2,20,20,0,1,South
O03079,C009,2024-04-03,2024-04-06,2024-04-08,2024-04-06,Delivered,2221.73,17,9,0,0,West
O03080,C032,2024-05-31,2024-06-03,2024-06-03,2024-06-03,Delivered,335.43,9,9,0,1,Northeast
O03081,C003,2024-11-04,2024-11-05,2024-11-08,2024-11-14,Delivered,137.35,5,5,0,1,South
O03082,C014,2024-04-10,2024-04-12,2024-04-15,2024-04-14,Delivered,921.24,6,6,0,1,West
O03083,C028,2024-09-17,2024-09-18,2024-09-21,2024-09-24,Delivered,3244.28,17,17,0,1,Midwest
O03084,C004,2024-02-08,2024-02-11,2024-02-12,2024-02-12,Delivered,1081.68,6,3,0,1,South
O03085,C012,2024-06-21,2024-06-23,2024-06-24,2024-06-24,Delivered,824.72,8,8,0,1,Northeast
O03086,C036,2024-07-16,,2024-07-21,,Cancelled,413.22,6,0,0,1,West
O03087,C005,2024-04-14,2024-04-15,2024-04-21,2024-04-20,Delivered,1755.6,8,8,0,1,Midwest
O03088,C032,2024-03-13,2024-03-16,2024-03-16,,Shipped,318.3,5,5,0,1,Northeast
O03089,C019,2024-02-09,,2024-02-12,,Placed,1329.06,17,0,0,1,Midwest
O03090,C007,2024-11-18,2024-11-19,2024-11-21,2024-11-19,Delivered,3632.56,17,17,0,1,Midwest
O03091,C036,2024-02-12,2024-02-14,2024-02-18,2024-02-16,Delivered,1625.85,15,15,0,1,West
O03092,C012,2024-09-26,2024-09-29,2024-09-29,2024-09-29,Delivered,1630.75,11,11,0,1,Northeast
O03093,C011,2024-12-11,2024-12-13,2024-12-15,2024-12-14,Delivered,3178.7,19,19,0,1,Midwest
O03094,C027,2024-01-12,2024-01-13,2024-01-15,2024-01-16,Delivered,414.0,10,10,0,1,South
O03095,C012,2024-06-01,2024-06-03,2024-06-07,,Shipped,866.22,6,6,0,1,Northeast
O03096,C028,2024-02-11,2024-02-14,2024-02-15,2024-02-15,Delivered,1123.5,14,14,0,1,Midwest
O03097,C023,2024-09-26,2024-09-29,2024-10-02,2024-10-01,Delivered,1521.87,7,7,0,0,West
O03098,C014,2024-10-20,2024-10-23,2024-10-24,2024-10-24,Delivered,3066.79,19,19,0,1,West
O03099,C012,2024-04-06,2024-04-09,2024-04-10,2024-04-09,Delivered,745.02,6,6,0,1,Northeast
O03100,C025,2024-11-12,2024-11-13,2024-11-19,2024-11-16,Delivered,3128.64,16,16,0,1,Northeast
O03101,C012,2024-05-17,2024-05-20,2024-05-20,2024-05-20,Delivered,1015.42,7,7,0,1,Northeast
O03102,C018,2024-03-02,2024-03-03,2024-03-05,2024-03-03,Delivered,710.71,11,11,0,1,West
O03103,C026,2024-10-02,2024-10-04,2024-10-09,2024-10-07,Delivered,1593.54,9,9,0,1,West
O03104,C039,2024-08-13,2024-08-15,2024-08-19,2024-08-18,Delivered,890.32,8,8,0,1,Midwest
O03105,C001,2024-12-11,2024-12-13,2024-12-14,2024-12-13,Delivered,258.84,6,6,0,0,South
O03106,C012,2024-04-17,2024-04-18,2024-04-23,2024-04-29,Delivered,322.52,4,4,0,1,Northeast
O03107,C007,2024-03-17,,2024-03-24,,Placed,2137.07,17,0,0,1,Midwest
O03108,C019,2024-09-13,2024-09-15,2024-09-16,2024-09-15,Delivered,2264.0,20,20,0,1,Midwest
O03109,C004,2024-04-11,2024-04-12,2024-04-14,2024-04-13,Delivered,3403.23,17,17,0,1,South
O03110,C021,2024-04-06,2024-04-08,2024-04-10,2024-04-15,Delivered,3083.8,17,17,12,1,South
O03111,C033,2024-07-14,2024-07-15,2024-07-17,2024-07-15,Delivered,1240.66,17,17,0,0,West
O03112,C009,2024-06-13,,2024-06-20,,Placed,377.95,5,0,0,1,West
O03113,C029,2024-02-15,2024-02-17,2024-02-19,2024-02-17,Delivered,488.48,4,4,0,1,Northeast
O03114,C010,2024-07-28,2024-07-31,2024-08-04,2024-08-03,Delivered,2381.7,17,2,0,1,South
O03115,C018,2024-06-14,2024-06-15,2024-06-21,2024-06-20,Delivered,837.84,6,6,0,1,West
O03116,C039,2024-09-09,2024-09-12,2024-09-12,2024-09-18,Delivered,642.69,9,9,0,1,Midwest
O03117,C015,2024-07-27,2024-07-28,2024-08-01,2024-08-01,Delivered,1238.1,10,10,0,0,Northeast
O03118,C007,2024-08-08,2024-08-10,2024-08-15,2024-08-10,Delivered,544.96,8,8,0,1,Midwest
O03119,C033,2024-01-13,2024-01-15,2024-01-16,2024-01-15,Delivered,18.81,1,1,0,1,West
O03120,C029,2024-01-15,2024-01-16,2024-01-18,2024-01-16,Delivered,1407.6,8,8,8,1,Northeast
O03121,C039,2024-02-25,2024-02-27,2024-03-01,2024-03-08,Delivered,306.88,8,8,0,1,Midwest
O03122,C006,2024-10-24,2024-10-27,2024-10-28,2024-10-28,Delivered,2246.4,15,15,0,1,Northeast
O03123,C015,2024-05-15,2024-05-16,2024-05-19,2024-05-16,Delivered,1568.06,13,13,0,1,Northeast
O03124,C002,2024-08-04,2024-08-06,2024-08-09,2024-08-07,Delivered,592.05,3,3,0,1,Northeast
O03125,C030,2024-05-03,2024-05-05,2024-05-10,2024-05-07,Delivered,3670.8,20,20,0,1,South
O03126,C038,2024-10-08,2024-10-11,2024-10-14,2024-10-12,Delivered,747.35,5,5,0,1,South
O03127,C034,2024-05-27,2024-05-28,2024-05-30,2024-05-30,Delivered,1220.76,12,12,3,1,Midwest
O03128,C018,2024-04-27,2024-04-28,2024-04-30,2024-04-30,Delivered,3015.6,14,14,3,0,West
O03129,C033,2024-07-10,2024-07-13,2024-07-14,2024-07-13,Delivered,1975.8,20,20,0,1,West
O03130,C007,2024-11-20,2024-11-21,2024-11-26,2024-11-22,Delivered,1606.22,14,14,0,1,Midwest
O03131,C022,2024-05-09,2024-05-10,2024-05-15,2024-05-14,Delivered,374.04,3,3,0,1,South
O03132,C013,2024-06-29,2024-07-01,2024-07-03,2024-07-06,Delivered,1124.1,10,10,0,1,South
O03133,C028,2024-10-18,2024-10-21,2024-10-22,2024-10-25,Delivered,321.87,3,3,0,1,Midwest
O03134,C029,2024-05-11,2024-05-13,2024-05-16,2024-05-13,Delivered,3038.08,16,16,0,1,Northeast
O03135,C034,2024-06-06,2024-06-09,2024-06-13,,Shipped,327.18,6,6,0,1,Midwest
O03136,C017,2024-04-27,2024-04-30,2024-05-01,,Shipped,3238.72,16,16,0,1,South
O03137,C009,2024-01-10,2024-01-11,2024-01-14,2024-01-13,Delivered,158.8,10,10,0,1,West
O03138,C023,2024-05-13,2024-05-15,2024-05-16,2024-05-16,Delivered,525.75,15,5,0,1,West
O03139,C032,2024-07-07,2024-07-10,2024-07-10,2024-07-10,Delivered,1500.62,19,19,0,0,Northeast
O03140,C036,2024-01-31,2024-02-01,2024-02-07,2024-02-14,Delivered,1119.7,10,10,0,1,West
O03141,C027,2024-05-08,2024-05-10,2024-05-13,2024-05-12,Delivered,2008.32,16,16,0,1,South
O03142,C016,2024-08-07,2024-08-10,2024-08-12,2024-08-12,Delivered,971.64,18,4,0,1,West
O03143,C005,2024-10-09,2024-10-12,2024-10-13,2024-10-13,Delivered,998.01,13,13,0,1,Midwest
O03144,C020,2024-04-25,2024-04-27,2024-04-30,2024-04-30,Delivered,2203.0,20,20,11,0,Northeast
O03145,C023,2024-09-02,2024-09-03,2024-09-07,2024-09-11,Delivered,1508.6,19,19,0,1,West
O03146,C022,2024-03-28,,2024-04-03,,Placed,1157.68,8,0,0,1,South
O03147,C029,2024-10-28,,2024-11-04,,Cancelled,1766.25,15,0,0,1,Northeast
O03148,C015,2024-11-27,2024-11-28,2024-12-03,,Shipped,3735.18,18,18,0,1,Northeast
O03149,C022,2024-07-04,2024-07-07,2024-07-10,2024-07-07,Delivered,1336.79,13,13,0,1,South
O03150,C019,2024-02-12,2024-02-14,2024-02-18,2024-02-18,Delivered,2178.26,14,14,0,1,Midwest
O03151,C036,2024-09-22,,2024-09-27,,Placed,887.04,18,0,0,1,West
O03152,C019,2024-10-15,2024-10-16,2024-10-21,2024-10-20,Delivered,4158.2,20,20,0,1,Midwest
O03153,C024,2024-01-19,2024-01-21,2024-01-23,2024-01-25,Delivered,2869.4,20,20,0,1,West
O03154,C040,2024-02-14,2024-02-17,2024-02-17,2024-02-17,Delivered,51.88,2,2,1,1,Midwest
O03155,C015,2024-05-11,,2024-05-15,,Cancelled,2025.18,18,0,0,1,Northeast
O03156,C028,2024-08-26,2024-08-29,2024-09-02,2024-08-31,Delivered,1215.24,19,13,0,1,Midwest
O03157,C008,2024-04-10,2024-04-13,2024-04-16,2024-04-18,Delivered,1889.12,16,16,0,1,Northeast
O03158,C017,2024-06-24,2024-06-27,2024-06-29,2024-06-29,Delivered,35.65,1,1,0,1,South
O03159,C040,2024-08-16,2024-08-18,2024-08-21,2024-08-19,Delivered,3218.56,16,16,0,1,Midwest
O03160,C008,2024-01-04,2024-01-05,2024-01-10,2024-01-07,Delivered,1075.95,15,2,0,1,Northeast
O03161,C032,2024-05-29,2024-06-01,2024-06-04,,Shipped,1668.7,10,10,0,1,Northeast
O03162,C016,2024-07-15,2024-07-16,2024-07-18,2024-07-18,Delivered,1321.29,9,9,0,1,West
O03163,C032,2024-09-23,2024-09-26,2024-09-26,2024-09-26,Delivered,963.6,10,10,0,1,Northeast
O03164,C037,2024-06-29,2024-07-02,2024-07-04,2024-07-04,Delivered,1213.59,7,7,0,0,Midwest
O03165,C010,2024-02-13,2024-02-16,2024-02-19,2024-02-17,Delivered,1577.6,20,20,0,1,South
O03166,C001,2024-11-30,2024-12-01,2024-12-06,2024-12-03,Delivered,1584.27,9,9,0,1,South
O03167,C016,2024-05-07,2024-05-09,2024-05-11,2024-05-16,Delivered,183.35,1,1,0,1,West
O03168,C018,2024-04-13,2024-04-16,2024-04-18,2024-04-18,Delivered,3444.12,18,18,0,1,West
O03169,C010,2024-04-09,2024-04-10,2024-04-15,2024-04-11,Delivered,4308.6,20,20,4,1,South
O03170,C019,2024-04-16,2024-04-18,2024-04-22,2024-04-28,Delivered,730.17,7,7,0,1,Midwest
O03171,C033,2024-02-06,2024-02-09,2024-02-13,2024-02-18,Delivered,184.99,1,1,0,1,West
O03172,C006,2024-02-29,2024-03-01,2024-03-06,2024-03-10,Delivered,2032.92,18,18,0,1,Northeast
O03173,C021,2024-08-11,,2024-08-16,,Cancelled,240.94,14,0,0,1,South
O03174,C039,2024-01-08,2024-01-10,2024-01-13,2024-01-12,Delivered,2487.36,16,16,0,1,Midwest
O03175,C023,2024-02-25,2024-02-28,2024-03-03,2024-03-03,Delivered,1318.59,9,9,0,1,West
O03176,C035,2024-11-03,2024-11-06,2024-11-08,2024-11-10,Delivered,685.61,17,17,0,1,West
O03177,C012,2024-03-20,,2024-03-26,,Cancelled,1088.46,18,0,0,1,Northeast
O03178,C016,2024-04-12,,2024-04-15,,Cancelled,2519.06,17,0,0,1,West
O03179,C002,2024-06-03,2024-06-06,2024-06-08,2024-06-07,Delivered,533.26,14,14,0,1,Northeast
O03180,C004,2024-08-20,2024-08-22,2024-08-24,2024-08-24,Delivered,476.7,6,6,0,1,South
O03181,C004,2024-12-08,2024-12-11,2024-12-15,,Shipped,1995.6,20,20,0,1,South
O03182,C011,2024-11-02,2024-11-03,2024-11-06,2024-11-06,Delivered,1384.48,8,8,0,1,Midwest
O03183,C022,2024-11-08,2024-11-09,2024-11-14,2024-11-09,Delivered,673.76,16,16,0,1,South
O03184,C038,2024-01-12,2024-01-13,2024-01-18,2024-01-17,Delivered,1137.18,11,11,0,1,South
O03185,C029,2024-11-20,2024-11-23,2024-11-24,2024-11-24,Delivered,324.12,2,2,0,1,Northeast
O03186,C012,2024-03-21,2024-03-24,2024-03-24,2024-03-24,Delivered,526.2,6,6,0,1,Northeast
O03187,C015,2024-12-06,2024-12-08,2024-12-11,2024-12-10,Delivered,2698.2,15,15,0,1,Northeast
O03188,C004,2024-01-01,2024-01-02,2024-01-05,2024-01-02,Delivered,3849.84,18,18,0,1,South
O03189,C010,2024-07-27,,2024-08-01,,Cancelled,647.46,9,0,0,1,South
O03190,C030,2024-05-26,2024-05-29,2024-05-29,2024-05-29,Delivered,2450.7,15,15,0,1,South
O03191,C029,2024-08-12,2024-08-15,2024-08-15,2024-08-15,Delivered,135.09,9,9,0,1,Northeast
O03192,C005,2024-10-02,2024-10-05,2024-10-05,2024-10-05,Delivered,365.4,2,2,0,1,Midwest
O03193,C033,2024-01-21,,2024-01-25,,Placed,284.31,9,0,0,1,West
O03194,C032,2024-08-20,,2024-08-26,,Placed,1688.88,12,0,0,1,Northeast
O03195,C036,2024-07-20,2024-07-22,2024-07-23,2024-07-23,Delivered,1221.21,9,9,0,1,West
O03196,C012,2024-03-31,2024-04-01,2024-04-04,2024-04-04,Delivered,968.56,8,8,0,1,Northeast
O03197,C015,2024-10-06,2024-10-08,2024-10-11,2024-10-09,Delivered,1570.7,10,3,0,1,Northeast
O03198,C003,2024-10-05,2024-10-07,2024-10-09,2024-10-09,Delivered,830.52,12,12,0,0,South
O03199,C004,2024-11-12,2024-11-14,2024-11-17,2024-11-16,Delivered,1205.96,7,2,0,1,South
O03200,C015,2024-11-23,2024-11-24,2024-11-29,2024-11-29,Delivered,274.4,14,14,0,1,Northeast
O03201,C005,2024-04-18,2024-04-20,2024-04-23,2024-04-23,Delivered,632.1,7,7,0,1,Midwest
O03202,C033,2024-04-30,2024-05-02,2024-05-03,2024-05-02,Delivered,1979.77,13,11,0,1,West
O03203,C017,2024-10-31,2024-11-01,2024-11-04,2024-11-02,Delivered,558.72,8,8,0,1,South
O03204,C035,2024-03-09,2024-03-12,2024-03-12,2024-03-16,Delivered,1704.8,20,20,10,1,West
O03205,C010,2024-06-14,2024-06-17,2024-06-18,2024-06-18,Delivered,1602.5,10,10,0,1,South
O03206,C023,2024-03-16,2024-03-18,2024-03-22,2024-03-20,Delivered,1284.36,12,12,0,1,West
O03207,C021,2024-07-08,2024-07-11,2024-07-13,2024-07-12,Delivered,1073.28,13,13,0,0,South
O03208,C011,2024-08-26,2024-08-29,2024-09-01,2024-08-29,Delivered,1196.26,13,13,5,1,Midwest
O03209,C027,2024-03-29,,2024-04-03,,Placed,2013.2,14,0,0,1,South
O03210,C014,2024-09-25,2024-09-27,2024-09-29,2024-09-28,Delivered,186.29,1,1,1,0,West
O03211,C011,2024-09-12,2024-09-15,2024-09-18,2024-09-24,Delivered,3262.88,16,16,0,1,Midwest
O03212,C026,2024-11-28,2024-12-01,2024-12-04,2024-12-03,Delivered,504.18,9,9,0,1,West
O03213,C028,2024-10-22,2024-10-25,2024-10-27,2024-10-25,Delivered,405.54,3,3,0,1,Midwest
O03214,C010,2024-10-23,2024-10-25,2024-10-26,2024-10-26,Delivered,468.93,3,3,0,1,South
O03215,C034,2024-03-16,2024-03-19,2024-03-21,2024-03-21,Delivered,853.55,5,5,0,1,Midwest
O03216,C019,2024-11-24,2024-11-27,2024-12-01,2024-11-28,Delivered,141.9,6,6,0,1,Midwest
O03217,C008,2024-10-13,2024-10-15,2024-10-17,2024-10-16,Delivered,1164.28,13,13,0,1,Northeast
O03218,C039,2024-01-01,2024-01-02,2024-01-06,,Shipped,1721.4,10,10,0,1,Midwest
O03219,C040,2024-10-15,2024-10-17,2024-10-21,,Shipped,682.5,6,6,0,0,Midwest
O03220,C002,2024-04-02,2024-04-03,2024-04-07,2024-04-08,Delivered,792.28,4,1,0,1,Northeast
O03221,C022,2024-11-26,2024-11-29,2024-12-01,2024-12-01,Delivered,269.2,5,5,0,1,South
O03222,C004,2024-07-09,2024-07-11,2024-07-14,2024-07-13,Delivered,375.35,5,5,0,0,South
O03223,C020,2024-07-13,2024-07-14,2024-07-19,2024-07-19,Delivered,413.88,4,4,0,1,Northeast
O03224,C038,2024-11-21,2024-11-23,2024-11-28,2024-12-02,Delivered,2478.0,12,12,0,1,South
O03225,C037,2024-07-27,2024-07-29,2024-07-31,2024-08-03,Delivered,1735.4,10,10,0,1,Midwest
O03226,C019,2024-01-21,2024-01-22,2024-01-27,2024-01-27,Delivered,2876.6,20,20,0,1,Midwest
O03227,C019,2024-09-21,2024-09-24,2024-09-25,2024-09-24,Delivered,1301.7,6,6,0,1,Midwest
O03228,C009,2024-11-12,2024-11-13,2024-11-16,2024-11-14,Delivered,239.58,11,11,0,1,West
O03229,C031,2024-03-21,2024-03-23,2024-03-28,,Shipped,1387.6,8,8,0,1,Midwest
O03230,C020,2024-02-12,,2024-02-15,,Cancelled,1132.39,7,0,0,1,Northeast
O03231,C039,2024-09-27,2024-09-28,2024-10-02,2024-09-30,Delivered,4056.88,19,19,0,1,Midwest
O03232,C026,2024-05-01,2024-05-04,2024-05-07,2024-05-07,Delivered,295.42,2,1,0,0,West
O03233,C032,2024-07-31,2024-08-01,2024-08-05,2024-08-12,Delivered,2273.2,20,20,0,1,Northeast
O03234,C028,2024-02-24,2024-02-26,2024-02-28,,Shipped,572.01,3,3,0,1,Midwest
O03235,C010,2024-06-09,2024-06-11,2024-06-12,,Shipped,3648.19,19,19,0,1,South
O03236,C012,2024-09-07,2024-09-08,2024-09-13,2024-09-12,Delivered,1005.3,15,15,0,1,Northeast
O03237,C035,2024-09-06,2024-09-07,2024-09-11,2024-09-10,Delivered,724.08,7,7,0,1,West
O03238,C024,2024-02-24,2024-02-26,2024-03-01,2024-02-26,Delivered,2259.0,15,14,0,1,West
O03239,C021,2024-03-16,2024-03-18,2024-03-19,2024-03-19,Delivered,3951.81,19,19,0,1,South
O03240,C040,2024-02-06,2024-02-08,2024-02-10,2024-02-10,Delivered,1252.96,16,16,0,1,Midwest
O03241,C007,2024-07-07,2024-07-08,2024-07-12,2024-07-10,Delivered,114.24,4,4,0,1,Midwest
O03242,C015,2024-01-28,2024-01-31,2024-02-03,2024-02-02,Delivered,152.8,5,5,2,1,Northeast
O03243,C008,2024-02-28,2024-02-29,2024-03-05,2024-03-03,Delivered,246.15,15,15,0,1,Northeast
O03244,C001,2024-09-04,2024-09-05,2024-09-11,2024-09-06,Delivered,1306.32,12,12,0,1,South
O03245,C026,2024-11-10,2024-11-12,2024-11-16,2024-11-13,Delivered,2115.2,10,10,0,1,West
O03246,C039,2024-11-08,2024-11-11,2024-11-13,2024-11-13,Delivered,198.5,2,2,0,1,Midwest
O03247,C034,2024-09-10,2024-09-11,2024-09-15,2024-09-14,Delivered,2884.5,18,18,0,1,Midwest
O03248,C017,2024-08-01,2024-08-02,2024-08-05,2024-08-02,Delivered,455.91,13,13,7,1,South
O03249,C011,2024-08-15,2024-08-17,2024-08-22,2024-08-20,Delivered,2765.9,17,17,0,0,Midwest
O03250,C013,2024-08-04,2024-08-05,2024-08-07,2024-08-06,Delivered,76.26,1,1,0,1,South
O03251,C003,2024-10-24,2024-10-26,2024-10-29,2024-10-28,Delivered,3282.15,15,15,0,1,South
O03252,C016,2024-11-09,2024-11-10,2024-11-16,2024-11-11,Delivered,1912.48,16,16,4,1,West
O03253,C005,2024-11-18,2024-11-21,2024-11-25,2024-11-23,Delivered,108.08,2,2,0,1,Midwest
O03254,C017,2024-03-16,2024-03-19,2024-03-23,2024-03-22,Delivered,347.82,6,6,0,1,South
O03255,C021,2024-05-12,2024-05-14,2024-05-16,2024-05-15,Delivered,268.4,11,11,0,1,South
O03256,C010,2024-07-23,2024-07-25,2024-07-29,2024-07-28,Delivered,1530.2,14,14,0,1,South
O03257,C022,2024-01-28,2024-01-31,2024-02-04,2024-02-01,Delivered,210.21,13,3,0,1,South
O03258,C034,2024-09-04,2024-09-06,2024-09-11,2024-09-09,Delivered,3756.11,19,19,0,1,Midwest
O03259,C023,2024-11-13,,2024-11-20,,Cancelled,753.76,16,0,0,1,West
O03260,C021,2024-08-23,2024-08-25,2024-08-29,2024-09-02,Delivered,1827.36,18,18,0,1,South
O03261,C034,2024-04-10,2024-04-12,2024-04-15,2024-04-14,Delivered,457.3,17,17,0,1,Midwest
O03262,C037,2024-02-03,,2024-02-10,,Placed,2226.62,11,0,0,1,Midwest
O03263,C020,2024-10-29,2024-10-30,2024-11-05,2024-11-05,Delivered,277.32,6,6,0,1,Northeast
O03264,C032,2024-02-01,2024-02-04,2024-02-05,2024-02-04,Delivered,1452.24,18,18,0,1,Northeast
O03265,C024,2024-06-15,2024-06-18,2024-06-22,2024-06-26,Delivered,1827.0,15,13,0,1,West
O03266,C020,2024-06-02,2024-06-04,2024-06-06,,Shipped,1941.12,12,12,0,1,Northeast
O03267,C010,2024-06-27,2024-06-28,2024-07-04,,Shipped,4026.1,19,19,0,1,South
O03268,C015,2024-03-06,2024-03-07,2024-03-09,2024-03-16,Delivered,387.04,16,16,0,1,Northeast
O03269,C040,2024-07-20,2024-07-22,2024-07-26,2024-07-25,Delivered,575.2,20,20,0,1,Midwest
O03270,C021,2024-01-18,,2024-01-23,,Placed,535.85,7,0,0,1,South
O03271,C036,2024-03-18,2024-03-21,2024-03-22,2024-03-22,Delivered,3948.39,19,19,0,1,West
O03272,C025,2024-03-22,2024-03-23,2024-03-28,2024-03-24,Delivered,1790.8,10,10,0,1,Northeast
O03273,C019,2024-09-03,2024-09-05,2024-09-06,2024-09-06,Delivered,980.64,9,9,0,1,Midwest
O03274,C002,2024-07-03,2024-07-05,2024-07-10,2024-07-12,Delivered,398.43,3,3,0,1,Northeast
O03275,C035,2024-03-18,2024-03-20,2024-03-23,2024-03-22,Delivered,508.98,3,3,0,1,West
O03276,C005,2024-05-16,2024-05-18,2024-05-20,2024-05-19,Delivered,2091.51,17,17,0,1,Midwest
O03277,C004,2024-06-26,2024-06-29,2024-07-02,2024-07-01,Delivered,221.62,2,2,0,0,South
O03278,C004,2024-06-01,2024-06-02,2024-06-05,2024-06-02,Delivered,1586.4,15,15,5,1,South
O03279,C006,2024-01-12,,2024-01-16,,Placed,707.95,5,0,0,1,Northeast
O03280,C030,2024-08-30,,2024-09-02,,Placed,833.04,13,0,0,1,South
O03281,C033,2024-06-12,2024-06-14,2024-06-17,2024-06-17,Delivered,1193.92,13,13,0,1,West
O03282,C018,2024-08-20,2024-08-23,2024-08-23,2024-08-23,Delivered,136.25,1,1,0,1,West
O03283,C017,2024-03-01,2024-03-02,2024-03-08,2024-03-06,Delivered,3827.36,19,19,0,1,South
O03284,C002,2024-11-20,2024-11-23,2024-11-26,2024-11-23,Delivered,1816.28,17,17,0,1,Northeast
O03285,C021,2024-10-27,,2024-10-30,,Cancelled,158.43,1,0,0,1,South
O03286,C004,2024-01-05,2024-01-06,2024-01-11,2024-01-07,Delivered,2191.8,15,15,10,1,South
O03287,C033,2024-12-05,2024-12-07,2024-12-09,2024-12-08,Delivered,318.12,12,12,0,1,West
O03288,C018,2024-03-08,2024-03-10,2024-03-11,2024-03-10,Delivered,2360.55,15,15,0,1,West
O03289,C012,2024-11-13,2024-11-14,2024-11-17,2024-11-17,Delivered,984.13,7,7,5,1,Northeast
O03290,C033,2024-04-28,2024-05-01,2024-05-05,,Shipped,357.3,5,5,0,1,West
O03291,C013,2024-01-16,2024-01-17,2024-01-23,2024-01-23,Delivered,2095.35,15,15,0,1,South
O03292,C020,2024-11-26,2024-11-27,2024-12-03,2024-12-01,Delivered,1529.22,14,14,0,1,Northeast
O03293,C027,2024-02-05,,2024-02-12,,Cancelled,633.42,6,0,0,1,South
O03294,C011,2024-11-25,2024-11-28,2024-12-02,2024-11-30,Delivered,785.12,14,14,11,1,Midwest
O03295,C024,2024-03-21,2024-03-24,2024-03-27,2024-03-25,Delivered,131.76,6,6,0,1,West
O03296,C019,2024-02-03,2024-02-05,2024-02-10,2024-02-07,Delivered,349.95,15,15,0,1,Midwest
O03297,C020,2024-03-08,2024-03-11,2024-03-12,2024-03-12,Delivered,3037.56,17,17,0,1,Northeast
O03298,C031,2024-12-07,,2024-12-14,,Cancelled,399.42,7,0,0,1,Midwest
O03299,C032,2024-02-09,,2024-02-13,,Cancelled,1258.4,11,0,0,1,Northeast
O03300,C004,2024-10-06,2024-10-08,2024-10-13,,Shipped,1816.1,10,10,0,1,South
O03301,C028,2024-07-02,2024-07-04,2024-07-09,2024-07-05,Delivered,1762.65,9,9,0,1,Midwest
O03302,C014,2024-04-11,2024-04-13,2024-04-14,,Shipped,183.97,1,1,0,1,West
O03303,C028,2024-05-04,,2024-05-11,,Cancelled,1194.32,8,0,0,1,Midwest
O03304,C008,2024-11-21,2024-11-23,2024-11-26,2024-11-26,Delivered,1236.3,13,13,0,1,Northeast
O03305,C030,2024-10-19,2024-10-21,2024-10-25,2024-10-21,Delivered,957.22,19,19,0,1,South
O03306,C020,2024-09-27,2024-09-28,2024-10-02,2024-09-30,Delivered,3196.48,16,16,0,1,Northeast
O03307,C035,2024-08-02,2024-08-05,2024-08-05,2024-08-05,Delivered,1800.63,19,19,0,1,West
O03308,C035,2024-10-26,2024-10-28,2024-10-30,2024-10-30,Delivered,2585.44,16,16,0,1,West
O03309,C040,2024-06-10,2024-06-11,2024-06-17,,Shipped,638.36,4,4,0,1,Midwest
O03310,C031,2024-01-11,2024-01-13,2024-01-18,2024-01-13,Delivered,1842.36,13,13,0,1,Midwest
O03311,C013,2024-05-24,2024-05-27,2024-05-27,2024-06-03,Delivered,3185.97,17,17,0,1,South
O03312,C032,2024-07-27,,2024-07-30,,Placed,1513.62,9,0,0,1,Northeast
O03313,C013,2024-05-25,2024-05-27,2024-05-31,2024-05-31,Delivered,1812.0,10,10,0,1,South
O03314,C016,2024-11-26,2024-11-28,2024-12-01,2024-11-28,Delivered,601.28,16,16,0,1,West
O03315,C037,2024-07-21,2024-07-22,2024-07-26,2024-07-26,Delivered,1406.41,17,17,0,1,Midwest
O03316,C011,2024-07-23,2024-07-24,2024-07-30,2024-07-24,Delivered,242.48,2,2,0,1,Midwest
O03317,C022,2024-11-26,2024-11-27,2024-12-02,2024-11-28,Delivered,754.44,4,4,0,1,South
O03318,C002,2024-09-18,2024-09-21,2024-09-24,2024-09-23,Delivered,1072.06,11,11,0,1,Northeast
O03319,C013,2024-03-17,2024-03-20,2024-03-22,,Shipped,744.66,18,18,0,1,South
O03320,C024,2024-10-04,2024-10-06,2024-10-10,2024-10-09,Delivered,1664.13,13,13,0,1,West
O03321,C029,2024-08-24,2024-08-26,2024-08-30,2024-08-30,Delivered,2107.86,19,19,0,0,Northeast
O03322,C001,2024-01-08,2024-01-11,2024-01-12,2024-01-12,Delivered,3245.13,17,17,0,1,South
O03323,C012,2024-02-24,2024-02-27,2024-02-27,,Shipped,139.02,1,1,0,1,Northeast
O03324,C038,2024-06-02,,2024-06-07,,Cancelled,470.76,3,0,0,1,South
O03325,C031,2024-05-03,2024-05-06,2024-05-06,2024-05-10,Delivered,538.23,3,3,0,1,Midwest
O03326,C026,2024-09-14,2024-09-17,2024-09-18,,Shipped,1409.42,19,19,0,0,West
O03327,C035,2024-07-07,2024-07-09,2024-07-13,2024-07-09,Delivered,1092.96,11,9,0,1,West
O03328,C010,2024-07-08,2024-07-11,2024-07-14,2024-07-14,Delivered,468.15,5,5,0,1,South
O03329,C024,2024-05-25,2024-05-28,2024-05-31,2024-05-29,Delivered,1491.9,10,10,0,1,West
O03330,C001,2024-05-04,2024-05-06,2024-05-11,2024-05-09,Delivered,322.86,2,2,0,1,South
O03331,C015,2024-06-05,2024-06-08,2024-06-12,2024-06-11,Delivered,1323.04,8,8,0,1,Northeast
O03332,C025,2024-02-25,2024-02-27,2024-03-03,2024-03-10,Delivered,2013.0,15,15,0,1,Northeast
O03333,C011,2024-05-21,2024-05-22,2024-05-27,2024-05-27,Delivered,730.8,6,6,0,1,Midwest
O03334,C029,2024-01-21,2024-01-22,2024-01-25,2024-01-25,Delivered,937.92,12,12,8,1,Northeast
O03335,C006,2024-03-25,2024-03-27,2024-03-29,2024-03-29,Delivered,1031.94,7,7,0,1,Northeast
O03336,C031,2024-02-24,2024-02-25,2024-02-27,2024-02-25,Delivered,816.39,9,9,3,1,Midwest
O03337,C010,2024-11-10,2024-11-13,2024-11-13,2024-11-13,Delivered,1819.72,14,14,0,1,South
O03338,C011,2024-11-15,2024-11-16,2024-11-19,2024-11-17,Delivered,339.18,6,6,0,1,Midwest
O03339,C037,2024-08-13,2024-08-14,2024-08-17,2024-08-14,Delivered,1079.46,18,18,0,1,Midwest
O03340,C008,2024-11-11,2024-11-14,2024-11-18,2024-11-14,Delivered,2252.1,15,15,0,1,Northeast
O03341,C038,2024-11-07,2024-11-10,2024-11-12,2024-11-10,Delivered,344.76,3,3,0,1,South
O03342,C033,2024-02-23,2024-02-24,2024-02-28,2024-02-25,Delivered,4124.4,20,20,0,1,West
O03343,C012,2024-04-29,2024-05-02,2024-05-03,2024-05-06,Delivered,2011.49,13,13,0,1,Northeast
O03344,C028,2024-10-26,2024-10-27,2024-11-01,2024-11-04,Delivered,2269.76,16,16,0,1,Midwest
O03345,C035,2024-01-29,2024-01-31,2024-02-01,2024-01-31,Delivered,2909.28,16,16,0,0,West
O03346,C009,2024-10-03,2024-10-05,2024-10-08,2024-10-07,Delivered,3092.0,16,16,0,1,West
O03347,C038,2024-05-19,2024-05-21,2024-05-22,2024-05-29,Delivered,3177.44,16,16,0,1,South
O03348,C026,2024-02-26,2024-02-29,2024-03-01,2024-03-01,Delivered,457.8,20,20,0,1,West
O03349,C002,2024-11-10,2024-11-11,2024-11-16,2024-11-15,Delivered,419.58,7,7,0,1,Northeast
O03350,C019,2024-02-05,2024-02-08,2024-02-08,2024-02-08,Delivered,977.0,5,5,0,1,Midwest
O03351,C026,2024-12-03,2024-12-05,2024-12-07,2024-12-06,Delivered,574.21,13,13,0,1,West
O03352,C040,2024-12-03,2024-12-04,2024-12-06,2024-12-05,Delivered,897.0,5,5,0,1,Midwest
O03353,C025,2024-06-19,2024-06-20,2024-06-25,2024-06-22,Delivered,849.84,6,6,0,1,Northeast
O03354,C033,2024-04-25,,2024-04-28,,Placed,2076.89,17,0,0,1,West
O03355,C017,2024-09-05,2024-09-08,2024-09-11,2024-09-08,Delivered,1023.91,19,19,0,1,South
O03356,C038,2024-03-07,2024-03-08,2024-03-10,2024-03-08,Delivered,1001.28,8,8,0,0,South
O03357,C015,2024-08-17,2024-08-20,2024-08-20,2024-08-20,Delivered,718.76,17,10,0,1,Northeast
O03358,C013,2024-04-03,2024-04-05,2024-04-09,2024-04-08,Delivered,671.1,15,15,0,1,South
O03359,C025,2024-03-30,2024-04-02,2024-04-05,2024-04-03,Delivered,334.24,8,8,0,0,Northeast
O03360,C008,2024-07-01,2024-07-04,2024-07-04,2024-07-04,Delivered,1488.24,12,12,0,1,Northeast
O03361,C022,2024-01-29,2024-02-01,2024-02-05,2024-02-05,Delivered,715.61,7,7,0,1,South
O03362,C037,2024-01-11,2024-01-13,2024-01-16,2024-01-14,Delivered,1207.68,12,12,0,0,Midwest
O03363,C015,2024-10-24,2024-10-25,2024-10-28,2024-11-02,Delivered,2183.16,14,14,0,1,Northeast
O03364,C027,2024-12-08,,2024-12-12,,Cancelled,127.08,2,0,0,1,South
O03365,C017,2024-08-21,2024-08-24,2024-08-26,2024-08-26,Delivered,1066.98,6,6,0,1,South
O03366,C013,2024-07-27,2024-07-30,2024-07-30,2024-07-30,Delivered,2118.8,10,10,0,1,South
O03367,C011,2024-01-11,2024-01-14,2024-01-14,2024-01-14,Delivered,1387.89,7,7,7,1,Midwest
O03368,C033,2024-05-28,2024-05-30,2024-05-31,2024-05-31,Delivered,546.42,6,6,0,1,West
O03369,C031,2024-03-30,2024-03-31,2024-04-02,2024-04-01,Delivered,508.62,14,14,0,1,Midwest
O03370,C032,2024-07-06,2024-07-09,2024-07-11,2024-07-17,Delivered,3714.6,20,20,0,1,Northeast
O03371,C011,2024-07-30,2024-07-31,2024-08-04,2024-08-03,Delivered,278.8,4,4,0,1,Midwest
O03372,C018,2024-11-11,2024-11-13,2024-11-18,2024-11-20,Delivered,364.06,2,2,0,1,West
O03373,C038,2024-03-01,2024-03-02,2024-03-07,2024-03-07,Delivered,322.62,6,6,0,1,South
O03374,C039,2024-01-25,2024-01-26,2024-02-01,2024-01-30,Delivered,409.5,2,2,0,1,Midwest
O03375,C008,2024-06-10,2024-06-11,2024-06-17,,Shipped,2966.32,14,14,0,0,Northeast
O03376,C040,2024-04-20,2024-04-21,2024-04-24,2024-04-21,Delivered,1511.3,17,17,17,1,Midwest
O03377,C007,2024-01-06,2024-01-08,2024-01-12,2024-01-18,Delivered,1595.44,14,14,0,1,Midwest
O03378,C039,2024-07-21,2024-07-24,2024-07-24,2024-07-24,Delivered,46.98,2,2,2,1,Midwest
O03379,C013,2024-10-17,2024-10-20,2024-10-20,2024-10-20,Delivered,483.91,7,7,0,0,South
O03380,C031,2024-08-12,2024-08-15,2024-08-16,2024-08-16,Delivered,749.9,10,8,0,1,Midwest
O03381,C035,2024-11-09,2024-11-10,2024-11-12,2024-11-10,Delivered,1264.2,20,20,0,1,West
O03382,C023,2024-05-14,2024-05-17,2024-05-21,2024-05-20,Delivered,1837.2,15,15,12,1,West
O03383,C010,2024-03-19,2024-03-21,2024-03-22,2024-03-21,Delivered,1099.92,12,12,0,1,South
O03384,C031,2024-12-07,2024-12-08,2024-12-11,2024-12-09,Delivered,696.6,5,5,0,1,Midwest
O03385,C009,2024-08-22,2024-08-25,2024-08-29,2024-08-28,Delivered,3915.8,20,20,0,1,West
O03386,C030,2024-02-09,2024-02-10,2024-02-15,2024-02-15,Delivered,1069.95,7,7,0,1,South
O03387,C025,2024-03-15,2024-03-16,2024-03-21,2024-03-20,Delivered,2166.72,16,16,0,1,Northeast
O03388,C008,2024-07-26,2024-07-28,2024-07-31,2024-08-02,Delivered,2806.87,17,17,0,1,Northeast
O03389,C027,2024-12-13,2024-12-16,2024-12-19,2024-12-18,Delivered,1489.5,15,15,0,1,South
O03390,C037,2024-04-24,2024-04-26,2024-04-30,2024-04-30,Delivered,330.12,9,9,0,1,Midwest
O03391,C028,2024-03-09,2024-03-12,2024-03-14,2024-03-14,Delivered,1126.98,18,18,0,1,Midwest
O03392,C007,2024-01-19,2024-01-20,2024-01-26,2024-01-31,Delivered,958.05,15,15,0,1,Midwest
O03393,C005,2024-07-10,2024-07-13,2024-07-17,2024-07-14,Delivered,1756.0,16,16,0,1,Midwest
O03394,C037,2024-02-11,2024-02-12,2024-02-17,2024-02-13,Delivered,2051.68,16,16,0,1,Midwest
O03395,C007,2024-08-14,2024-08-17,2024-08-17,2024-08-17,Delivered,221.82,3,3,0,1,Midwest
O03396,C038,2024-01-06,2024-01-09,2024-01-10,2024-01-09,Delivered,1114.62,13,13,0,1,South
O03397,C020,2024-07-20,2024-07-23,2024-07-25,2024-07-24,Delivered,1626.2,20,20,0,1,Northeast
O03398,C014,2024-04-16,2024-04-18,2024-04-22,2024-04-19,Delivered,802.08,16,16,0,1,West
O03399,C030,2024-10-13,2024-10-14,2024-10-16,2024-10-14,Delivered,317.79,11,8,7,1,South
O03400,C001,2024-07-31,2024-08-02,2024-08-06,2024-08-06,Delivered,493.86,3,2,0,1,South
O03401,C020,2024-07-08,2024-07-09,2024-07-11,2024-07-10,Delivered,597.8,5,5,0,1,Northeast
O03402,C039,2024-08-11,2024-08-14,2024-08-18,2024-08-16,Delivered,310.24,4,3,3,1,Midwest
O03403,C022,2024-01-27,2024-01-30,2024-01-31,2024-02-01,Delivered,2413.6,20,20,0,1,South
O03404,C018,2024-05-14,2024-05-15,2024-05-21,2024-05-28,Delivered,289.44,8,8,0,1,West
O03405,C021,2024-07-02,2024-07-05,2024-07-09,2024-07-08,Delivered,3838.14,18,18,0,1,South
O03406,C029,2024-01-14,2024-01-16,2024-01-18,2024-01-16,Delivered,1783.44,9,9,6,1,Northeast
O03407,C014,2024-05-28,,2024-06-01,,Placed,1768.32,9,0,0,1,West
O03408,C033,2024-01-21,2024-01-23,2024-01-25,2024-01-24,Delivered,311.61,17,17,0,1,West
O03409,C037,2024-07-24,2024-07-25,2024-07-27,2024-07-26,Delivered,2000.4,10,10,0,1,Midwest
O03410,C036,2024-09-12,2024-09-14,2024-09-16,2024-09-15,Delivered,960.95,5,5,0,1,West
O03411,C023,2024-08-06,2024-08-07,2024-08-13,2024-08-10,Delivered,1011.78,9,4,0,1,West
O03412,C006,2024-10-13,2024-10-16,2024-10-19,2024-10-16,Delivered,345.87,3,3,0,0,Northeast
O03413,C015,2024-11-28,2024-11-29,2024-12-05,,Shipped,481.86,18,18,0,1,Northeast
O03414,C007,2024-11-19,2024-11-21,2024-11-25,2024-11-29,Delivered,145.32,6,6,0,1,Midwest
O03415,C014,2024-08-09,2024-08-11,2024-08-16,2024-08-21,Delivered,371.4,5,5,0,1,West
O03416,C036,2024-02-15,2024-02-17,2024-02-19,2024-02-19,Delivered,53.31,1,1,0,1,West
O03417,C019,2024-05-30,2024-06-02,2024-06-02,2024-06-02,Delivered,1775.61,9,9,7,0,Midwest
O03418,C023,2024-11-03,,2024-11-06,,Placed,1905.53,11,0,0,1,West
O03419,C021,2024-11-08,2024-11-11,2024-11-12,2024-11-12,Delivered,757.2,15,15,0,1,South
O03420,C001,2024-05-21,2024-05-24,2024-05-28,2024-06-04,Delivered,332.16,3,3,1,1,South
O03421,C024,2024-11-30,2024-12-02,2024-12-04,,Shipped,93.03,3,3,0,1,West
O03422,C018,2024-01-28,2024-01-29,2024-01-31,,Shipped,167.92,8,8,0,1,West
O03423,C028,2024-08-22,2024-08-25,2024-08-25,2024-08-25,Delivered,1383.93,9,9,0,1,Midwest
O03424,C013,2024-03-09,2024-03-11,2024-03-12,2024-03-11,Delivered,2347.68,16,16,0,1,South
O03425,C026,2024-08-07,2024-08-08,2024-08-11,2024-08-10,Delivered,847.44,6,6,0,1,West
O03426,C018,2024-09-01,2024-09-04,2024-09-08,2024-09-06,Delivered,362.97,9,9,6,1,West
O03427,C014,2024-10-21,2024-10-22,2024-10-27,2024-10-24,Delivered,1506.82,14,5,0,1,West
O03428,C032,2024-06-23,2024-06-24,2024-06-29,2024-06-24,Delivered,2301.12,18,18,2,1,Northeast
O03429,C038,2024-03-28,2024-03-29,2024-04-02,,Shipped,505.5,6,6,0,1,South
O03430,C030,2024-06-26,2024-06-27,2024-07-01,2024-06-27,Delivered,3167.95,17,17,0,1,South
O03431,C014,2024-09-09,2024-09-11,2024-09-12,2024-09-11,Delivered,619.48,17,17,0,1,West
O03432,C037,2024-11-13,2024-11-16,2024-11-16,2024-11-16,Delivered,2070.81,19,19,0,1,Midwest
O03433,C011,2024-12-08,2024-12-10,2024-12-13,2024-12-11,Delivered,1388.01,13,13,0,1,Midwest
O03434,C021,2024-01-03,2024-01-06,2024-01-06,2024-01-06,Delivered,2078.28,18,18,0,1,South
O03435,C023,2024-04-19,,2024-04-23,,Cancelled,878.8,10,0,0,1,West
O03436,C021,2024-03-16,2024-03-18,2024-03-20,,Shipped,54.18,3,2,0,1,South
O03437,C040,2024-04-12,2024-04-15,2024-04-16,2024-04-15,Delivered,212.9,5,5,0,1,Midwest
O03438,C033,2024-08-25,,2024-08-31,,Cancelled,1682.4,16,0,0,1,West
O03439,C009,2024-05-10,,2024-05-14,,Cancelled,4100.4,20,0,0,1,West
O03440,C038,2024-07-31,,2024-08-03,,Placed,1473.68,13,0,0,1,South
O03441,C016,2024-03-15,2024-03-18,2024-03-21,,Shipped,529.8,20,20,0,1,West
O03442,C005,2024-01-15,2024-01-16,2024-01-21,2024-01-16,Delivered,1682.1,10,10,0,1,Midwest
O03443,C010,2024-02-02,2024-02-05,2024-02-09,2024-02-11,Delivered,1338.47,7,7,0,0,South
O03444,C001,2024-03-26,2024-03-28,2024-03-31,2024-03-29,Delivered,352.68,4,4,0,1,South
O03445,C022,2024-05-08,,2024-05-15,,Placed,4045.1,19,0,0,1,South
O03446,C025,2024-06-15,2024-06-16,2024-06-19,2024-06-17,Delivered,2602.04,14,14,0,1,Northeast
O03447,C001,2024-09-23,2024-09-26,2024-09-28,2024-09-28,Delivered,2940.4,20,20,0,1,South
O03448,C034,2024-06-02,2024-06-03,2024-06-08,2024-06-03,Delivered,288.18,2,2,0,1,Midwest
O03449,C002,2024-07-06,2024-07-08,2024-07-12,2024-07-13,Delivered,77.45,5,5,0,1,Northeast
O03450,C023,2024-07-13,2024-07-16,2024-07-18,2024-07-16,Delivered,1204.8,20,20,2,1,West
O03451,C023,2024-04-07,2024-04-08,2024-04-13,2024-04-08,Delivered,135.78,3,3,3,1,West
O03452,C015,2024-10-22,2024-10-24,2024-10-27,2024-10-24,Delivered,924.33,11,11,1,1,Northeast
O03453,C025,2024-11-05,2024-11-06,2024-11-11,2024-11-06,Delivered,2830.94,14,8,0,1,Northeast
O03454,C027,2024-01-08,2024-01-10,2024-01-11,2024-01-10,Delivered,1642.56,12,12,0,1,South
O03455,C033,2024-05-07,2024-05-09,2024-05-13,2024-05-16,Delivered,858.48,14,14,7,0,West
O03456,C027,2024-07-03,2024-07-05,2024-07-07,2024-07-07,Delivered,917.04,6,6,0,1,South
O03457,C018,2024-11-06,2024-11-08,2024-11-09,2024-11-09,Delivered,1454.18,7,7,0,1,West
O03458,C008,2024-01-09,2024-01-12,2024-01-13,2024-01-13,Delivered,710.64,7,7,0,1,Northeast
O03459,C039,2024-08-28,2024-08-29,2024-09-04,2024-09-01,Delivered,553.47,3,3,0,1,Midwest
O03460,C017,2024-07-01,2024-07-03,2024-07-04,,Shipped,390.87,3,3,0,1,South
O03461,C033,2024-01-12,2024-01-15,2024-01-16,2024-01-15,Delivered,2159.85,11,11,0,1,West
O03462,C021,2024-04-29,2024-05-02,2024-05-02,2024-05-04,Delivered,133.32,1,1,0,1,South
O03463,C007,2024-03-05,2024-03-07,2024-03-11,,Shipped,952.84,7,7,0,1,Midwest
O03464,C040,2024-11-06,2024-11-07,2024-11-09,2024-11-08,Delivered,706.4,8,8,0,1,Midwest
O03465,C036,2024-06-03,2024-06-05,2024-06-10,2024-06-07,Delivered,723.42,18,18,0,1,West
O03466,C006,2024-04-13,2024-04-15,2024-04-17,2024-04-17,Delivered,3215.4,20,20,19,1,Northeast
O03467,C039,2024-12-03,2024-12-06,2024-12-10,2024-12-06,Delivered,139.5,3,2,2,1,Midwest
O03468,C008,2024-05-16,2024-05-17,2024-05-21,2024-05-27,Delivered,1261.19,7,7,0,1,Northeast
O03469,C033,2024-09-03,2024-09-05,2024-09-06,,Shipped,251.24,11,11,0,1,West
O03470,C021,2024-10-05,2024-10-06,2024-10-08,2024-10-08,Delivered,257.27,13,13,1,1,South
O03471,C022,2024-10-21,,2024-10-28,,Placed,252.5,5,0,0,1,South
O03472,C006,2024-09-20,2024-09-21,2024-09-23,2024-09-22,Delivered,536.56,19,19,0,1,Northeast
O03473,C029,2024-05-26,2024-05-29,2024-06-01,2024-05-29,Delivered,1133.23,7,7,0,1,Northeast
O03474,C010,2024-11-08,2024-11-09,2024-11-13,,Shipped,2344.92,12,12,0,1,South
O03475,C025,2024-02-10,,2024-02-16,,Placed,1011.78,18,0,0,1,Northeast
O03476,C035,2024-11-24,2024-11-27,2024-11-29,2024-12-02,Delivered,1723.14,18,18,0,1,West
O03477,C017,2024-07-11,2024-07-12,2024-07-18,2024-07-23,Delivered,1776.72,11,11,0,1,South
O03478,C005,2024-06-03,2024-06-06,2024-06-09,,Shipped,3165.8,20,20,0,1,Midwest
O03479,C013,2024-09-08,2024-09-10,2024-09-13,2024-09-11,Delivered,834.19,7,7,0,1,South
O03480,C013,2024-02-17,2024-02-20,2024-02-22,2024-02-21,Delivered,2203.63,11,11,0,1,South
O03481,C029,2024-03-25,2024-03-26,2024-03-28,2024-03-28,Delivered,2582.58,13,13,0,1,Northeast
O03482,C004,2024-03-09,,2024-03-12,,Placed,110.88,2,0,0,1,South
O03483,C012,2024-01-24,2024-01-26,2024-01-29,2024-01-27,Delivered,136.98,6,6,0,0,Northeast
O03484,C025,2024-02-15,2024-02-16,2024-02-20,2024-02-20,Delivered,1277.73,9,9,0,0,Northeast
O03485,C030,2024-03-19,2024-03-21,2024-03-26,2024-03-30,Delivered,2702.0,20,20,0,1,South
O03486,C026,2024-07-23,2024-07-26,2024-07-29,2024-07-28,Delivered,339.08,4,4,0,1,West
O03487,C029,2024-07-25,2024-07-28,2024-07-29,2024-07-31,Delivered,765.44,4,4,0,1,Northeast
O03488,C004,2024-06-29,2024-07-01,2024-07-02,,Shipped,633.72,3,3,0,1,South
O03489,C026,2024-10-20,2024-10-22,2024-10-25,2024-10-23,Delivered,2206.5,15,10,0,1,West
O03490,C008,2024-01-01,2024-01-02,2024-01-05,2024-01-02,Delivered,3288.99,17,12,0,1,Northeast
O03491,C016,2024-05-02,2024-05-03,2024-05-07,2024-05-05,Delivered,1359.36,16,16,0,1,West
O03492,C002,2024-02-22,,2024-02-25,,Placed,395.04,16,0,0,1,Northeast
O03493,C019,2024-01-28,2024-01-31,2024-01-31,,Shipped,2366.08,16,16,0,1,Midwest
O03494,C019,2024-10-14,2024-10-17,2024-10-21,,Shipped,380.5,2,2,0,0,Midwest
O03495,C034,2024-11-13,2024-11-14,2024-11-17,2024-11-14,Delivered,454.85,5,5,0,1,Midwest
O03496,C038,2024-05-01,2024-05-02,2024-05-08,2024-05-07,Delivered,2265.2,14,14,0,1,South
O03497,C003,2024-01-26,2024-01-29,2024-02-01,2024-02-02,Delivered,3873.06,18,18,0,1,South
O03498,C015,2024-01-09,2024-01-11,2024-01-13,2024-01-11,Delivered,45.67,1,1,0,1,Northeast
O03499,C029,2024-02-24,2024-02-27,2024-03-02,2024-02-28,Delivered,1547.68,17,17,0,0,Northeast
O03500,C028,2024-10-11,2024-10-14,2024-10-15,,Shipped,1049.15,5,5,0,1,Midwest
O03501,C009,2024-08-29,2024-09-01,2024-09-03,,Shipped,708.48,9,9,0,1,West
O03502,C029,2024-07-25,2024-07-28,2024-07-30,2024-07-30,Delivered,1275.1,10,10,0,1,Northeast
O03503,C014,2024-04-25,2024-04-26,2024-05-02,2024-04-30,Delivered,1350.14,19,19,0,1,West
O03504,C031,2024-03-05,2024-03-08,2024-03-12,2024-03-19,Delivered,1174.4,8,8,0,1,Midwest
O03505,C019,2024-09-11,2024-09-13,2024-09-16,2024-09-14,Delivered,3009.6,18,18,0,1,Midwest
O03506,C014,2024-02-03,2024-02-05,2024-02-09,2024-02-07,Delivered,1579.38,11,11,0,1,West
O03507,C002,2024-06-17,,2024-06-20,,Placed,1045.68,12,0,0,1,Northeast
O03508,C026,2024-07-25,2024-07-27,2024-07-31,2024-07-29,Delivered,1563.89,19,19,0,1,West
O03509,C007,2024-03-05,,2024-03-08,,Cancelled,2564.4,12,0,0,1,Midwest
O03510,C040,2024-08-02,2024-08-04,2024-08-06,2024-08-06,Delivered,3778.02,18,18,10,1,Midwest
O03511,C027,2024-09-16,,2024-09-23,,Cancelled,2409.68,13,0,0,1,South
O03512,C035,2024-05-23,2024-05-25,2024-05-28,2024-05-27,Delivered,255.58,13,13,0,1,West
O03513,C026,2024-01-13,2024-01-14,2024-01-19,,Shipped,909.85,5,5,0,1,West
O03514,C024,2024-06-20,,2024-06-27,,Placed,315.01,17,0,0,1,West
O03515,C035,2024-09-14,,2024-09-18,,Cancelled,1258.56,18,0,0,1,West
O03516,C023,2024-03-01,,2024-03-07,,Placed,797.0,10,0,0,1,West
O03517,C002,2024-06-25,2024-06-28,2024-06-29,2024-06-29,Delivered,2875.8,20,20,0,1,Northeast
O03518,C030,2024-02-26,2024-02-27,2024-02-29,2024-03-06,Delivered,503.56,4,4,0,1,South
O03519,C020,2024-08-12,2024-08-14,2024-08-16,2024-08-15,Delivered,69.95,1,1,0,1,Northeast
O03520,C011,2024-12-11,2024-12-13,2024-12-16,2024-12-14,Delivered,2046.24,16,16,0,1,Midwest
O03521,C008,2024-12-02,2024-12-05,2024-12-08,2024-12-06,Delivered,924.6,5,5,0,1,Northeast
O03522,C034,2024-09-22,,2024-09-28,,Cancelled,880.9,5,0,0,1,Midwest
O03523,C037,2024-10-23,2024-10-26,2024-10-26,2024-10-26,Delivered,1990.26,18,18,0,1,Midwest
O03524,C037,2024-05-27,,2024-06-02,,Cancelled,407.12,7,0,0,1,Midwest
O03525,C028,2024-06-26,2024-06-27,2024-06-29,2024-06-27,Delivered,790.74,6,6,0,1,Midwest
O03526,C018,2024-02-16,2024-02-17,2024-02-22,2024-02-20,Delivered,450.45,3,3,0,1,West
O03527,C012,2024-09-09,2024-09-11,2024-09-12,,Shipped,310.59,17,17,0,1,Northeast
O03528,C007,2024-07-06,2024-07-09,2024-07-11,,Shipped,1290.56,16,16,0,1,Midwest
O03529,C022,2024-10-18,,2024-10-23,,Cancelled,2912.1,15,0,0,1,South
O03530,C025,2024-06-15,2024-06-16,2024-06-18,2024-06-16,Delivered,1615.52,8,8,0,1,Northeast
O03531,C009,2024-03-09,2024-03-12,2024-03-15,2024-03-13,Delivered,1413.36,8,8,0,1,West
O03532,C025,2024-06-10,2024-06-11,2024-06-15,,Shipped,778.24,19,19,0,1,Northeast
O03533,C013,2024-04-17,2024-04-19,2024-04-22,2024-04-29,Delivered,1987.56,18,18,0,1,South
O03534,C039,2024-02-02,2024-02-05,2024-02-05,2024-02-05,Delivered,4260.0,20,20,0,1,Midwest
O03535,C035,2024-01-29,2024-02-01,2024-02-03,,Shipped,3601.79,17,17,0,0,West
O03536,C034,2024-06-29,2024-07-02,2024-07-04,2024-07-04,Delivered,1044.5,5,5,0,1,Midwest
O03537,C037,2024-07-12,2024-07-14,2024-07-15,2024-07-15,Delivered,771.47,7,7,0,1,Midwest
O03538,C037,2024-11-27,2024-11-28,2024-12-04,2024-11-29,Delivered,416.88,4,4,0,1,Midwest
O03539,C004,2024-04-08,2024-04-11,2024-04-12,2024-04-11,Delivered,48.07,1,1,0,1,South
O03540,C040,2024-08-14,2024-08-16,2024-08-21,2024-08-17,Delivered,565.95,3,3,0,0,Midwest
O03541,C021,2024-05-01,2024-05-03,2024-05-06,2024-05-04,Delivered,35.37,1,1,0,1,South
O03542,C013,2024-08-22,2024-08-24,2024-08-27,2024-08-25,Delivered,1010.0,10,10,0,1,South
O03543,C011,2024-05-13,2024-05-15,2024-05-17,2024-05-16,Delivered,2630.52,12,12,0,1,Midwest
O03544,C001,2024-10-29,2024-10-30,2024-11-04,2024-11-03,Delivered,4107.6,20,20,0,1,South
O03545,C019,2024-01-08,2024-01-11,2024-01-15,2024-01-14,Delivered,739.2,11,11,0,1,Midwest
O03546,C008,2024-11-25,2024-11-28,2024-11-29,2024-11-29,Delivered,2122.45,11,11,0,1,Northeast
O03547,C004,2024-09-01,2024-09-02,2024-09-06,2024-09-04,Delivered,725.12,11,11,0,1,South
O03548,C024,2024-10-21,2024-10-22,2024-10-28,2024-10-23,Delivered,191.07,11,3,2,0,West
O03549,C017,2024-10-05,2024-10-08,2024-10-09,2024-10-09,Delivered,2056.12,11,11,0,1,South
O03550,C034,2024-11-21,2024-11-24,2024-11-27,2024-11-26,Delivered,1528.56,8,8,0,1,Midwest
O03551,C040,2024-05-21,2024-05-24,2024-05-24,2024-05-24,Delivered,218.1,3,3,0,1,Midwest
O03552,C028,2024-04-30,2024-05-01,2024-05-04,2024-05-04,Delivered,115.74,1,1,0,1,Midwest
O03553,C011,2024-11-13,2024-11-14,2024-11-20,2024-11-18,Delivered,1034.1,5,5,0,1,Midwest
O03554,C027,2024-10-03,,2024-10-09,,Cancelled,1154.1,10,0,0,1,South
O03555,C016,2024-03-01,2024-03-04,2024-03-08,2024-03-07,Delivered,3978.6,19,19,0,0,West
O03556,C034,2024-11-21,2024-11-22,2024-11-26,2024-11-23,Delivered,3035.36,16,16,10,0,Midwest
O03557,C026,2024-08-08,2024-08-10,2024-08-12,2024-08-10,Delivered,2550.45,15,15,0,1,West
O03558,C040,2024-08-04,2024-08-06,2024-08-11,2024-08-07,Delivered,933.1,5,5,0,0,Midwest
O03559,C015,2024-10-27,2024-10-29,2024-11-02,2024-11-01,Delivered,363.66,2,2,0,1,Northeast
O03560,C017,2024-03-25,2024-03-28,2024-04-01,2024-04-01,Delivered,1131.4,10,10,0,1,South
O03561,C019,2024-05-30,2024-06-02,2024-06-05,2024-06-03,Delivered,764.55,5,5,0,1,Midwest
O03562,C009,2024-09-23,2024-09-24,2024-09-28,2024-09-27,Delivered,2838.29,13,13,0,1,West
O03563,C039,2024-03-22,2024-03-25,2024-03-25,2024-03-25,Delivered,1711.9,17,17,0,1,Midwest
O03564,C033,2024-07-09,2024-07-12,2024-07-16,2024-07-13,Delivered,418.65,15,15,0,1,West
O03565,C034,2024-08-13,2024-08-16,2024-08-19,2024-08-17,Delivered,94.02,2,2,0,1,Midwest
O03566,C037,2024-04-30,2024-05-01,2024-05-06,2024-05-02,Delivered,159.68,8,8,0,1,Midwest
O03567,C012,2024-10-02,2024-10-05,2024-10-06,2024-10-05,Delivered,1430.91,13,13,0,1,Northeast
O03568,C029,2024-05-19,,2024-05-24,,Placed,1533.6,15,0,0,1,Northeast
O03569,C030,2024-02-06,2024-02-09,2024-02-09,,Shipped,1450.8,10,10,0,1,South
O03570,C037,2024-03-23,2024-03-25,2024-03-28,2024-03-27,Delivered,2421.74,19,19,4,0,Midwest
O03571,C009,2024-11-02,2024-11-05,2024-11-05,2024-11-07,Delivered,344.74,11,11,0,1,West
O03572,C030,2024-09-05,2024-09-07,2024-09-11,2024-09-10,Delivered,384.6,5,5,0,1,South
O03573,C031,2024-03-04,2024-03-05,2024-03-10,2024-03-10,Delivered,1300.4,10,2,0,1,Midwest
O03574,C010,2024-03-08,2024-03-09,2024-03-14,2024-03-13,Delivered,588.24,12,12,0,1,South
O03575,C036,2024-05-27,2024-05-28,2024-05-31,2024-05-31,Delivered,256.46,2,2,0,1,West
O03576,C006,2024-07-10,2024-07-11,2024-07-17,2024-07-16,Delivered,262.14,17,17,0,1,Northeast
O03577,C038,2024-07-24,2024-07-27,2024-07-28,2024-07-27,Delivered,318.6,18,18,0,1,South
O03578,C010,2024-10-10,2024-10-11,2024-10-15,2024-10-13,Delivered,217.75,1,1,0,0,South
O03579,C024,2024-07-02,2024-07-03,2024-07-07,2024-07-07,Delivered,156.72,8,8,8,1,West
O03580,C016,2024-09-03,2024-09-06,2024-09-09,2024-09-08,Delivered,176.46,3,3,0,1,West
O03581,C008,2024-04-23,2024-04-24,2024-04-26,2024-04-24,Delivered,298.26,2,1,0,0,Northeast
O03582,C014,2024-05-30,2024-05-31,2024-06-05,2024-06-05,Delivered,1242.2,20,20,0,1,West
O03583,C014,2024-06-08,2024-06-11,2024-06-13,2024-06-18,Delivered,1825.12,11,11,0,1,West
O03584,C007,2024-09-07,,2024-09-12,,Cancelled,151.56,4,0,0,1,Midwest
O03585,C004,2024-07-25,2024-07-28,2024-07-30,2024-07-29,Delivered,533.64,6,6,0,1,South
O03586,C034,2024-06-14,2024-06-15,2024-06-19,2024-06-18,Delivered,25.17,1,1,0,1,Midwest
O03587,C009,2024-01-08,2024-01-11,2024-01-15,2024-01-16,Delivered,1138.2,7,7,0,1,West
O03588,C037,2024-05-09,2024-05-10,2024-05-15,2024-05-12,Delivered,1099.0,5,4,0,1,Midwest
O03589,C034,2024-08-07,2024-08-08,2024-08-11,2024-08-11,Delivered,68.6,2,2,0,1,Midwest
O03590,C039,2024-07-19,2024-07-21,2024-07-26,2024-07-25,Delivered,2934.37,17,17,0,1,Midwest
O03591,C012,2024-04-16,2024-04-18,2024-04-23,,Shipped,1961.63,11,11,0,0,Northeast
O03592,C013,2024-04-08,2024-04-09,2024-04-12,,Shipped,262.35,3,2,0,1,South
O03593,C001,2024-03-03,2024-03-06,2024-03-06,2024-03-06,Delivered,420.55,13,13,0,1,South
O03594,C001,2024-03-08,2024-03-10,2024-03-13,2024-03-10,Delivered,1238.4,16,16,0,1,South
O03595,C003,2024-08-01,2024-08-02,2024-08-04,2024-08-03,Delivered,1529.36,14,14,0,1,South
O03596,C013,2024-08-30,2024-09-02,2024-09-05,2024-09-05,Delivered,1944.02,13,13,0,1,South
O03597,C009,2024-09-05,2024-09-07,2024-09-08,2024-09-07,Delivered,4245.2,20,20,0,1,West
O03598,C015,2024-02-23,,2024-02-27,,Cancelled,425.8,2,0,0,1,Northeast
O03599,C026,2024-11-07,2024-11-08,2024-11-13,,Shipped,4122.0,20,20,0,1,West
O03600,C008,2024-06-27,2024-06-29,2024-07-02,2024-07-02,Delivered,543.62,7,7,0,1,Northeast
O03601,C015,2024-03-02,2024-03-05,2024-03-07,2024-03-11,Delivered,2068.72,19,19,0,1,Northeast
O03602,C034,2024-03-13,2024-03-15,2024-03-19,2024-03-16,Delivered,256.18,2,2,0,1,Midwest
O03603,C030,2024-06-03,2024-06-04,2024-06-08,2024-06-11,Delivered,621.95,5,5,0,1,South
O03604,C001,2024-08-24,2024-08-25,2024-08-27,2024-08-25,Delivered,222.5,10,10,0,1,South
O03605,C037,2024-04-11,2024-04-12,2024-04-15,2024-04-15,Delivered,370.54,2,2,0,1,Midwest
O03606,C012,2024-05-05,,2024-05-10,,Cancelled,1481.76,18,0,0,1,Northeast
O03607,C011,2024-10-08,2024-10-11,2024-10-11,2024-10-14,Delivered,3186.45,15,15,0,1,Midwest
O03608,C034,2024-09-19,2024-09-22,2024-09-26,2024-09-25,Delivered,327.36,3,3,0,1,Midwest
O03609,C039,2024-03-09,2024-03-11,2024-03-13,2024-03-11,Delivered,2076.4,20,20,0,1,Midwest
O03610,C013,2024-02-15,2024-02-17,2024-02-20,2024-02-17,Delivered,2103.12,18,16,0,1,South
O03611,C007,2024-12-01,2024-12-02,2024-12-08,2024-12-05,Delivered,1708.8,12,12,0,1,Midwest
O03612,C038,2024-07-15,2024-07-17,2024-07-19,2024-07-17,Delivered,631.26,3,3,0,1,South
O03613,C030,2024-01-04,2024-01-07,2024-01-10,2024-01-10,Delivered,175.53,1,1,0,1,South
O03614,C039,2024-07-07,2024-07-09,2024-07-13,2024-07-20,Delivered,821.56,19,12,0,1,Midwest
O03615,C004,2024-06-15,2024-06-17,2024-06-21,2024-06-19,Delivered,2780.57,13,13,0,1,South
O03616,C013,2024-02-15,2024-02-16,2024-02-21,2024-02-21,Delivered,3219.63,17,17,0,1,South
O03617,C021,2024-08-19,2024-08-21,2024-08-23,2024-08-23,Delivered,2369.85,15,15,0,1,South
O03618,C002,2024-08-25,2024-08-26,2024-08-28,2024-08-26,Delivered,146.32,8,8,0,1,Northeast
O03619,C018,2024-07-11,2024-07-12,2024-07-14,2024-07-14,Delivered,180.37,1,1,0,1,West
O03620,C023,2024-11-29,2024-12-02,2024-12-03,2024-12-03,Delivered,1601.64,9,9,0,1,West
O03621,C031,2024-09-24,2024-09-27,2024-09-30,2024-09-27,Delivered,587.64,12,12,0,1,Midwest
O03622,C021,2024-10-13,2024-10-14,2024-10-16,2024-10-16,Delivered,69.24,1,1,0,1,South
O03623,C032,2024-02-25,2024-02-28,2024-02-28,2024-02-28,Delivered,560.95,5,5,0,1,Northeast
O03624,C018,2024-07-21,2024-07-24,2024-07-25,2024-07-24,Delivered,1736.03,19,19,0,1,West
O03625,C012,2024-05-19,2024-05-22,2024-05-25,2024-05-24,Delivered,787.15,7,7,0,1,Northeast
O03626,C026,2024-01-09,2024-01-10,2024-01-12,2024-01-10,Delivered,360.0,5,5,0,1,West
O03627,C016,2024-07-18,2024-07-21,2024-07-22,,Shipped,2192.7,15,15,0,1,West
O03628,C028,2024-08-04,2024-08-05,2024-08-11,2024-08-16,Delivered,2771.64,18,18,0,0,Midwest
O03629,C009,2024-11-20,2024-11-23,2024-11-27,2024-11-27,Delivered,212.04,1,1,0,1,West
O03630,C005,2024-01-14,2024-01-17,2024-01-20,2024-01-18,Delivered,923.1,15,15,0,1,Midwest
O03631,C007,2024-12-01,2024-12-03,2024-12-05,2024-12-04,Delivered,3227.2,20,20,0,1,Midwest
O03632,C034,2024-05-26,2024-05-27,2024-05-29,2024-05-29,Delivered,426.08,16,16,0,1,Midwest
O03633,C022,2024-07-18,2024-07-20,2024-07-21,2024-07-21,Delivered,2640.82,14,14,0,1,South
O03634,C010,2024-03-06,2024-03-08,2024-03-11,2024-03-08,Delivered,680.2,5,5,0,1,South
O03635,C010,2024-11-20,2024-11-23,2024-11-27,2024-11-24,Delivered,3547.39,17,17,0,1,South
O03636,C031,2024-09-19,2024-09-22,2024-09-26,2024-09-23,Delivered,818.1,9,9,0,1,Midwest
O03637,C025,2024-11-17,2024-11-20,2024-11-24,2024-11-23,Delivered,328.2,3,3,3,1,Northeast
O03638,C017,2024-05-23,2024-05-26,2024-05-27,2024-05-27,Delivered,1483.8,10,10,0,1,South
O03639,C005,2024-07-09,2024-07-11,2024-07-14,2024-07-11,Delivered,676.7,5,2,0,1,Midwest
O03640,C011,2024-12-08,2024-12-09,2024-12-12,2024-12-10,Delivered,1022.06,13,13,0,1,Midwest
O03641,C016,2024-06-18,2024-06-21,2024-06-24,,Shipped,1490.32,13,13,0,1,West
O03642,C016,2024-09-28,2024-09-29,2024-10-02,2024-09-29,Delivered,1698.2,14,14,5,1,West
O03643,C009,2024-05-03,2024-05-06,2024-05-06,2024-05-12,Delivered,1253.2,10,10,0,1,West
O03644,C025,2024-10-11,2024-10-12,2024-10-17,2024-10-17,Delivered,2009.23,17,17,0,1,Northeast
O03645,C040,2024-10-07,2024-10-10,2024-10-12,2024-10-15,Delivered,2659.3,14,14,0,1,Midwest
O03646,C039,2024-07-05,2024-07-06,2024-07-12,2024-07-11,Delivered,135.44,4,4,0,1,Midwest
O03647,C019,2024-12-06,2024-12-08,2024-12-11,2024-12-09,Delivered,2278.48,19,19,0,1,Midwest
O03648,C017,2024-06-03,2024-06-06,2024-06-10,2024-06-08,Delivered,1556.72,11,1,0,1,South
O03649,C003,2024-09-05,2024-09-07,2024-09-10,2024-09-08,Delivered,1514.89,13,13,0,1,South
O03650,C002,2024-11-14,2024-11-16,2024-11-18,2024-11-16,Delivered,1445.68,17,17,0,1,Northeast
O03651,C035,2024-06-08,2024-06-11,2024-06-12,2024-06-12,Delivered,959.14,14,14,0,1,West
O03652,C010,2024-03-17,,2024-03-20,,Cancelled,1562.22,18,0,0,1,South
O03653,C036,2024-05-01,2024-05-04,2024-05-07,2024-05-11,Delivered,40.88,2,2,2,1,West
O03654,C032,2024-06-30,2024-07-03,2024-07-07,2024-07-05,Delivered,1280.61,9,9,0,1,Northeast
O03655,C002,2024-06-27,,2024-07-03,,Placed,276.2,4,0,0,1,Northeast
O03656,C018,2024-07-11,,2024-07-14,,Placed,403.54,2,0,0,1,West
O03657,C010,2024-09-13,2024-09-14,2024-09-16,2024-09-16,Delivered,1856.32,16,16,0,1,South
O03658,C005,2024-03-30,2024-04-02,2024-04-03,2024-04-03,Delivered,2821.52,13,13,0,1,Midwest
O03659,C017,2024-07-20,2024-07-23,2024-07-23,2024-07-23,Delivered,2052.4,10,4,0,1,South
O03660,C040,2024-07-20,2024-07-23,2024-07-27,2024-07-25,Delivered,249.51,3,3,0,1,Midwest
O03661,C013,2024-09-18,2024-09-19,2024-09-25,,Shipped,956.79,9,7,0,1,South
O03662,C026,2024-01-22,2024-01-24,2024-01-29,2024-01-26,Delivered,1814.45,11,11,0,1,West
O03663,C024,2024-11-30,2024-12-01,2024-12-04,2024-12-11,Delivered,699.44,8,8,0,1,West
O03664,C026,2024-08-19,2024-08-22,2024-08-22,2024-08-22,Delivered,1613.88,12,12,0,1,West
O03665,C004,2024-05-23,2024-05-25,2024-05-27,2024-05-25,Delivered,3472.63,19,19,0,1,South
O03666,C025,2024-10-09,2024-10-10,2024-10-16,2024-10-14,Delivered,870.24,7,7,0,1,Northeast
O03667,C024,2024-05-20,,2024-05-26,,Placed,1176.45,15,0,0,1,West
O03668,C011,2024-01-31,2024-02-02,2024-02-04,2024-02-04,Delivered,822.22,7,1,0,1,Midwest
O03669,C005,2024-04-17,2024-04-19,2024-04-21,2024-04-20,Delivered,1482.75,9,9,0,1,Midwest
O03670,C017,2024-11-22,2024-11-24,2024-11-26,2024-11-26,Delivered,180.05,5,5,0,1,South
O03671,C017,2024-11-17,2024-11-18,2024-11-20,2024-11-20,Delivered,135.52,4,4,0,1,South
O03672,C015,2024-10-17,,2024-10-24,,Cancelled,281.15,5,0,0,1,Northeast
O03673,C017,2024-05-13,2024-05-15,2024-05-18,2024-05-18,Delivered,57.51,3,3,0,1,South
O03674,C024,2024-02-15,2024-02-16,2024-02-19,2024-02-25,Delivered,43.38,2,2,0,1,West
O03675,C038,2024-01-21,2024-01-24,2024-01-24,2024-01-24,Delivered,216.93,7,7,0,1,South
O03676,C036,2024-10-08,2024-10-09,2024-10-12,2024-10-10,Delivered,890.54,14,14,0,1,West
O03677,C031,2024-03-08,,2024-03-13,,Placed,2582.46,18,0,0,1,Midwest
O03678,C027,2024-12-03,2024-12-06,2024-12-09,2024-12-11,Delivered,153.63,9,9,0,1,South
O03679,C039,2024-10-25,2024-10-27,2024-11-01,2024-10-29,Delivered,605.6,16,16,0,1,Midwest
O03680,C029,2024-11-29,2024-12-02,2024-12-02,2024-12-02,Delivered,1558.92,12,12,0,1,Northeast
O03681,C026,2024-02-28,2024-03-02,2024-03-03,2024-03-03,Delivered,3725.28,18,18,0,1,West
O03682,C004,2024-02-28,2024-02-29,2024-03-03,,Shipped,1239.3,6,6,0,1,South
O03683,C026,2024-07-28,2024-07-31,2024-08-03,2024-08-07,Delivered,2224.32,14,14,0,1,West
O03684,C009,2024-01-13,2024-01-14,2024-01-19,2024-01-14,Delivered,3395.68,16,16,0,1,West
O03685,C023,2024-09-10,2024-09-12,2024-09-13,,Shipped,851.84,8,8,0,1,West
O03686,C006,2024-02-29,2024-03-03,2024-03-05,2024-03-05,Delivered,200.61,9,9,0,1,Northeast
O03687,C011,2024-05-17,2024-05-18,2024-05-21,2024-05-20,Delivered,2018.38,13,13,0,1,Midwest
O03688,C016,2024-09-03,2024-09-05,2024-09-09,2024-09-12,Delivered,451.6,5,5,0,1,West
O03689,C005,2024-12-05,2024-12-08,2024-12-11,2024-12-10,Delivered,398.05,19,19,0,1,Midwest
O03690,C016,2024-09-18,2024-09-19,2024-09-21,2024-09-21,Delivered,797.68,13,13,0,1,West
O03691,C018,2024-06-20,2024-06-22,2024-06-27,2024-06-26,Delivered,309.0,20,20,0,1,West
O03692,C015,2024-03-26,2024-03-27,2024-03-31,2024-03-30,Delivered,1532.44,7,7,0,1,Northeast
O03693,C039,2024-08-15,2024-08-18,2024-08-19,2024-08-18,Delivered,2533.34,17,17,0,1,Midwest
O03694,C023,2024-10-11,2024-10-13,2024-10-17,2024-10-13,Delivered,1487.3,10,10,0,1,West
O03695,C013,2024-11-26,2024-11-28,2024-12-01,2024-12-01,Delivered,1425.0,15,15,0,1,South
O03696,C002,2024-05-10,,2024-05-14,,Placed,350.04,2,0,0,1,Northeast
O03697,C022,2024-03-11,2024-03-14,2024-03-18,,Shipped,857.08,14,14,0,1,South
O03698,C040,2024-07-06,2024-07-07,2024-07-12,2024-07-08,Delivered,499.46,13,13,0,1,Midwest
O03699,C034,2024-03-13,2024-03-15,2024-03-19,2024-03-18,Delivered,182.22,2,2,0,1,Midwest
O03700,C028,2024-06-24,2024-06-26,2024-06-27,2024-06-27,Delivered,587.2,5,2,0,1,Midwest
O03701,C003,2024-11-21,2024-11-23,2024-11-24,2024-11-23,Delivered,234.58,2,2,0,1,South
O03702,C020,2024-11-19,2024-11-20,2024-11-22,2024-11-29,Delivered,222.82,2,2,0,1,Northeast
O03703,C027,2024-10-12,2024-10-15,2024-10-17,2024-10-15,Delivered,2393.17,13,13,0,1,South
O03704,C039,2024-07-30,2024-08-01,2024-08-02,2024-08-01,Delivered,107.94,6,6,0,1,Midwest
O03705,C007,2024-03-20,2024-03-22,2024-03-26,2024-03-23,Delivered,596.43,9,9,0,1,Midwest
O03706,C002,2024-05-12,2024-05-15,2024-05-19,,Shipped,2778.75,13,13,0,1,Northeast
O03707,C002,2024-01-13,2024-01-15,2024-01-16,2024-01-15,Delivered,110.36,4,4,0,0,Northeast
O03708,C034,2024-02-23,2024-02-25,2024-02-26,2024-02-26,Delivered,193.05,1,1,0,1,Midwest
O03709,C032,2024-08-16,2024-08-19,2024-08-20,2024-08-19,Delivered,1998.1,10,10,0,1,Northeast
O03710,C033,2024-01-10,2024-01-13,2024-01-17,2024-01-24,Delivered,986.4,5,5,0,1,West
O03711,C040,2024-01-25,2024-01-26,2024-01-30,2024-01-28,Delivered,622.48,8,8,0,1,Midwest
O03712,C022,2024-07-05,2024-07-07,2024-07-11,2024-07-08,Delivered,1567.68,16,16,0,1,South
O03713,C039,2024-07-06,2024-07-08,2024-07-12,2024-07-12,Delivered,2564.1,15,15,0,1,Midwest
O03714,C035,2024-08-20,2024-08-21,2024-08-25,2024-08-21,Delivered,1407.8,20,20,10,1,West
O03715,C008,2024-06-22,2024-06-23,2024-06-25,2024-06-23,Delivered,817.0,4,4,3,1,Northeast
O03716,C029,2024-06-11,2024-06-12,2024-06-18,2024-06-12,Delivered,2593.8,12,12,0,1,Northeast
O03717,C008,2024-12-10,2024-12-12,2024-12-13,2024-12-12,Delivered,155.04,4,4,0,1,Northeast
O03718,C025,2024-01-06,2024-01-09,2024-01-13,2024-01-09,Delivered,2523.01,19,19,0,1,Northeast
O03719,C005,2024-05-18,2024-05-19,2024-05-23,2024-05-21,Delivered,1757.29,17,17,14,1,Midwest
O03720,C016,2024-12-08,2024-12-10,2024-12-11,2024-12-10,Delivered,212.6,2,2,2,1,West
O03721,C015,2024-01-19,2024-01-22,2024-01-26,2024-01-26,Delivered,895.56,17,17,0,1,Northeast
O03722,C019,2024-03-31,2024-04-01,2024-04-07,2024-04-07,Delivered,2133.92,16,16,0,1,Midwest
O03723,C030,2024-09-29,2024-09-30,2024-10-06,2024-09-30,Delivered,2972.36,19,19,0,1,South
O03724,C030,2024-05-22,,2024-05-29,,Cancelled,824.7,10,0,0,1,South
O03725,C015,2024-09-30,2024-10-02,2024-10-07,2024-10-11,Delivered,1299.22,13,13,0,1,Northeast
O03726,C026,2024-05-01,2024-05-03,2024-05-04,2024-05-03,Delivered,44.6,1,1,0,1,West
O03727,C030,2024-07-15,2024-07-18,2024-07-19,,Shipped,893.1,13,13,0,1,South
O03728,C028,2024-04-23,2024-04-25,2024-04-28,,Shipped,407.22,6,6,0,1,Midwest
O03729,C025,2024-03-31,2024-04-02,2024-04-05,2024-04-12,Delivered,189.09,1,1,0,1,Northeast
O03730,C032,2024-06-10,2024-06-12,2024-06-17,2024-06-14,Delivered,1407.7,10,10,0,1,Northeast
O03731,C029,2024-03-16,2024-03-18,2024-03-22,2024-03-21,Delivered,1774.8,20,20,0,1,Northeast
O03732,C036,2024-08-10,2024-08-12,2024-08-16,2024-08-15,Delivered,2420.29,17,17,0,1,West
O03733,C020,2024-06-04,2024-06-07,2024-06-09,2024-06-08,Delivered,1015.26,6,6,0,1,Northeast
O03734,C012,2024-07-08,2024-07-11,2024-07-11,2024-07-11,Delivered,1755.79,19,19,12,1,Northeast
O03735,C007,2024-09-23,2024-09-26,2024-09-26,2024-09-26,Delivered,1199.7,15,15,0,1,Midwest
O03736,C037,2024-02-11,2024-02-14,2024-02-18,2024-02-14,Delivered,1306.62,14,14,0,1,Midwest
O03737,C006,2024-03-08,2024-03-09,2024-03-12,2024-03-18,Delivered,1099.8,18,18,0,1,Northeast
O03738,C026,2024-11-24,2024-11-27,2024-11-27,2024-11-27,Delivered,1450.3,10,10,0,1,West
O03739,C035,2024-03-12,2024-03-13,2024-03-18,2024-03-13,Delivered,1882.07,17,17,0,1,West
O03740,C001,2024-03-30,2024-04-01,2024-04-05,2024-04-04,Delivered,3691.62,18,18,0,1,South
O03741,C016,2024-07-24,2024-07-26,2024-07-29,2024-07-26,Delivered,896.55,15,15,0,1,West
O03742,C032,2024-04-29,2024-05-02,2024-05-04,2024-05-03,Delivered,226.7,5,5,0,1,Northeast
O03743,C010,2024-07-27,2024-07-28,2024-07-30,2024-07-29,Delivered,1524.74,7,7,0,1,South
O03744,C014,2024-01-12,2024-01-15,2024-01-15,2024-01-15,Delivered,2304.6,15,15,0,1,West
O03745,C035,2024-07-26,2024-07-28,2024-07-29,2024-08-03,Delivered,2941.8,20,20,0,1,West
O03746,C038,2024-02-02,2024-02-03,2024-02-07,2024-02-05,Delivered,1392.23,7,7,0,1,South
O03747,C029,2024-09-20,2024-09-22,2024-09-26,2024-09-25,Delivered,1100.72,8,8,0,1,Northeast
O03748,C028,2024-01-16,2024-01-19,2024-01-22,2024-01-20,Delivered,568.38,6,6,0,1,Midwest
O03749,C007,2024-03-18,2024-03-19,2024-03-21,2024-03-20,Delivered,1071.18,6,6,0,1,Midwest
O03750,C015,2024-01-10,2024-01-13,2024-01-15,2024-01-14,Delivered,1705.78,17,17,0,1,Northeast
O03751,C034,2024-12-13,2024-12-14,2024-12-19,2024-12-16,Delivered,2477.88,12,12,0,1,Midwest
O03752,C012,2024-05-18,2024-05-20,2024-05-25,2024-05-22,Delivered,1848.73,13,13,0,1,Northeast
O03753,C037,2024-10-06,2024-10-07,2024-10-13,2024-10-12,Delivered,296.82,9,9,0,1,Midwest
O03754,C018,2024-05-17,2024-05-19,2024-05-23,2024-05-26,Delivered,4127.94,19,19,17,1,West
O03755,C037,2024-07-03,2024-07-04,2024-07-08,2024-07-05,Delivered,1045.28,8,8,0,1,Midwest
O03756,C004,2024-09-24,2024-09-27,2024-09-28,2024-09-27,Delivered,3537.36,17,17,0,0,South
O03757,C029,2024-09-14,2024-09-17,2024-09-17,2024-09-20,Delivered,2955.42,18,18,0,1,Northeast
O03758,C036,2024-05-08,2024-05-11,2024-05-12,2024-05-12,Delivered,1454.6,7,7,0,1,West
O03759,C040,2024-07-31,2024-08-03,2024-08-05,2024-08-05,Delivered,343.3,5,5,0,1,Midwest
O03760,C018,2024-03-04,2024-03-05,2024-03-09,2024-03-09,Delivered,2275.45,17,17,0,1,West
O03761,C015,2024-04-11,2024-04-12,2024-04-16,2024-04-14,Delivered,745.43,7,7,0,1,Northeast
O03762,C026,2024-11-10,2024-11-11,2024-11-17,,Shipped,1421.86,11,11,0,1,West
O03763,C015,2024-07-14,2024-07-15,2024-07-21,2024-07-17,Delivered,1622.08,16,16,0,0,Northeast
O03764,C037,2024-07-30,2024-08-01,2024-08-02,2024-08-01,Delivered,1164.78,9,9,0,1,Midwest
O03765,C008,2024-08-25,2024-08-27,2024-08-30,2024-09-04,Delivered,3464.08,19,19,0,1,Northeast
O03766,C021,2024-01-12,2024-01-14,2024-01-18,2024-01-17,Delivered,77.82,2,2,0,1,South
O03767,C016,2024-09-02,2024-09-03,2024-09-09,2024-09-08,Delivered,516.67,11,11,0,1,West
O03768,C025,2024-07-21,2024-07-24,2024-07-24,,Shipped,128.56,8,8,0,1,Northeast
O03769,C034,2024-01-01,2024-01-02,2024-01-06,2024-01-03,Delivered,1186.92,9,9,0,1,Midwest
O03770,C009,2024-04-12,2024-04-15,2024-04-15,2024-04-15,Delivered,699.89,17,17,0,1,West
O03771,C036,2024-06-29,,2024-07-02,,Cancelled,54.04,2,0,0,1,West
O03772,C012,2024-10-10,2024-10-12,2024-10-16,2024-10-13,Delivered,684.5,5,1,0,1,Northeast
O03773,C004,2024-09-11,2024-09-14,2024-09-14,2024-09-14,Delivered,566.72,8,3,0,1,South
O03774,C024,2024-01-15,2024-01-17,2024-01-18,2024-01-18,Delivered,209.74,2,2,2,1,West
O03775,C035,2024-04-17,2024-04-18,2024-04-23,2024-04-23,Delivered,1577.94,14,14,0,1,West
O03776,C039,2024-05-30,2024-06-01,2024-06-05,2024-06-03,Delivered,3462.48,18,7,0,1,Midwest
O03777,C013,2024-08-28,2024-08-31,2024-09-01,2024-09-01,Delivered,2970.72,16,10,0,1,South
O03778,C002,2024-09-17,2024-09-18,2024-09-20,2024-09-19,Delivered,3518.28,18,2,0,1,Northeast
O03779,C013,2024-11-05,2024-11-08,2024-11-11,,Shipped,2601.76,16,16,0,1,South
O03780,C014,2024-08-20,2024-08-21,2024-08-24,2024-08-27,Delivered,2900.88,18,18,0,1,West
O03781,C009,2024-07-06,2024-07-08,2024-07-10,2024-07-10,Delivered,1079.75,5,5,0,1,West
O03782,C012,2024-03-10,2024-03-13,2024-03-15,2024-03-13,Delivered,1663.76,14,14,0,1,Northeast
O03783,C008,2024-09-12,2024-09-13,2024-09-17,2024-09-13,Delivered,94.44,1,1,0,1,Northeast
O03784,C004,2024-02-05,2024-02-08,2024-02-09,2024-02-09,Delivered,956.96,16,16,0,0,South
O03785,C014,2024-08-10,2024-08-12,2024-08-16,2024-08-14,Delivered,2347.84,11,11,0,1,West
O03786,C011,2024-01-24,2024-01-26,2024-01-27,2024-01-26,Delivered,406.1,2,1,0,1,Midwest
O03787,C025,2024-10-02,,2024-10-07,,Cancelled,939.42,17,0,0,1,Northeast
O03788,C028,2024-10-04,2024-10-07,2024-10-11,2024-10-09,Delivered,1390.14,9,9,0,1,Midwest
O03789,C026,2024-09-20,2024-09-21,2024-09-27,2024-09-22,Delivered,2163.45,15,15,0,1,West
O03790,C017,2024-01-26,2024-01-27,2024-02-02,2024-01-30,Delivered,674.4,8,8,0,1,South
O03791,C024,2024-04-05,2024-04-06,2024-04-10,2024-04-10,Delivered,136.36,7,7,0,1,West
O03792,C036,2024-05-04,2024-05-07,2024-05-10,2024-05-07,Delivered,187.1,1,1,0,1,West
O03793,C035,2024-03-15,2024-03-17,2024-03-21,2024-03-18,Delivered,834.29,19,19,0,1,West
O03794,C015,2024-02-22,2024-02-23,2024-02-29,2024-02-23,Delivered,1916.16,12,12,0,1,Northeast
O03795,C035,2024-02-09,2024-02-12,2024-02-14,2024-02-12,Delivered,1076.04,6,6,0,1,West
O03796,C030,2024-12-10,2024-12-11,2024-12-17,2024-12-11,Delivered,438.36,13,13,8,1,South
O03797,C007,2024-06-20,2024-06-21,2024-06-26,2024-06-23,Delivered,827.37,9,1,0,1,Midwest
O03798,C026,2024-10-04,2024-10-06,2024-10-09,2024-10-07,Delivered,1021.4,20,20,0,1,West
O03799,C009,2024-09-19,2024-09-22,2024-09-22,2024-09-22,Delivered,927.24,12,12,0,1,West
O03800,C006,2024-10-11,2024-10-13,2024-10-16,2024-10-13,Delivered,424.44,3,2,0,1,Northeast
O03801,C014,2024-06-03,2024-06-05,2024-06-10,2024-06-09,Delivered,91.36,1,1,0,0,West
O03802,C011,2024-07-29,2024-07-31,2024-08-04,2024-08-01,Delivered,1021.56,12,12,0,0,Midwest
O03803,C009,2024-05-29,2024-05-31,2024-06-05,2024-06-05,Delivered,456.33,3,3,0,1,West
O03804,C040,2024-03-19,2024-03-22,2024-03-23,2024-03-22,Delivered,1008.95,5,5,0,1,Midwest
O03805,C016,2024-05-26,2024-05-28,2024-05-29,2024-05-29,Delivered,174.88,1,1,0,1,West
O03806,C032,2024-01-27,2024-01-28,2024-02-01,2024-01-31,Delivered,4111.6,20,20,0,1,Northeast
O03807,C021,2024-06-05,2024-06-06,2024-06-11,,Shipped,954.12,12,12,0,1,South
O03808,C011,2024-10-18,2024-10-21,2024-10-22,2024-10-21,Delivered,2746.51,13,13,0,1,Midwest
O03809,C028,2024-04-01,2024-04-04,2024-04-06,2024-04-04,Delivered,2116.4,20,20,0,1,Midwest
O03810,C037,2024-09-23,2024-09-26,2024-09-27,,Shipped,1627.6,20,14,0,1,Midwest
O03811,C019,2024-06-09,2024-06-11,2024-06-14,2024-06-13,Delivered,1124.2,10,10,9,1,Midwest
O03812,C008,2024-05-08,2024-05-09,2024-05-15,2024-05-19,Delivered,512.15,5,5,0,1,Northeast
O03813,C029,2024-01-10,2024-01-11,2024-01-16,,Shipped,2591.52,16,16,0,1,Northeast
O03814,C023,2024-01-30,2024-02-02,2024-02-04,2024-02-02,Delivered,2338.2,15,15,0,1,West
O03815,C016,2024-06-07,2024-06-10,2024-06-14,2024-06-12,Delivered,842.25,5,5,0,1,West
O03816,C023,2024-04-11,2024-04-13,2024-04-17,2024-04-14,Delivered,2745.4,14,14,0,1,West
O03817,C006,2024-11-29,2024-12-01,2024-12-06,2024-12-08,Delivered,2374.62,19,19,0,1,Northeast
O03818,C008,2024-03-05,2024-03-06,2024-03-08,2024-03-08,Delivered,852.2,20,20,0,1,Northeast
O03819,C008,2024-02-28,2024-03-01,2024-03-04,2024-03-04,Delivered,1892.78,17,17,0,1,Northeast
O03820,C038,2024-10-05,2024-10-07,2024-10-10,2024-10-08,Delivered,577.2,10,10,0,1,South
O03821,C018,2024-05-02,2024-05-05,2024-05-09,2024-05-13,Delivered,430.44,6,6,6,1,West
O03822,C033,2024-02-22,,2024-02-29,,Cancelled,512.96,4,0,0,1,West
O03823,C034,2024-03-31,2024-04-01,2024-04-03,2024-04-03,Delivered,1066.6,10,10,10,1,Midwest
O03824,C020,2024-01-17,2024-01-20,2024-01-21,2024-01-20,Delivered,703.26,6,6,0,1,Northeast
O03825,C020,2024-06-06,2024-06-07,2024-06-13,2024-06-08,Delivered,143.56,1,1,0,1,Northeast
O03826,C007,2024-02-13,2024-02-15,2024-02-16,2024-02-15,Delivered,1686.8,10,10,0,1,Midwest
O03827,C033,2024-02-21,2024-02-24,2024-02-26,2024-02-24,Delivered,1808.42,19,19,0,1,West
O03828,C038,2024-09-23,2024-09-25,2024-09-27,2024-09-25,Delivered,2077.0,20,20,0,1,South
O03829,C038,2024-02-24,2024-02-25,2024-02-28,2024-02-28,Delivered,477.96,3,3,0,1,South
O03830,C034,2024-03-31,,2024-04-07,,Placed,104.01,3,0,0,1,Midwest
O03831,C017,2024-04-06,,2024-04-11,,Placed,589.5,5,0,0,1,South
O03832,C035,2024-11-29,2024-11-30,2024-12-06,2024-12-09,Delivered,871.08,17,17,0,1,West
O03833,C012,2024-08-12,2024-08-13,2024-08-16,2024-08-13,Delivered,1089.9,10,10,0,1,Northeast
O03834,C037,2024-08-20,2024-08-22,2024-08-23,2024-08-22,Delivered,2190.89,13,13,0,1,Midwest
O03835,C010,2024-09-18,2024-09-21,2024-09-21,,Shipped,417.42,6,6,0,1,South
O03836,C021,2024-11-12,2024-11-13,2024-11-17,2024-11-14,Delivered,1900.32,12,12,0,1,South
O03837,C039,2024-04-17,2024-04-19,2024-04-24,2024-04-24,Delivered,902.16,7,7,0,1,Midwest
O03838,C020,2024-05-16,2024-05-18,2024-05-20,2024-05-19,Delivered,82.63,1,1,1,1,Northeast
O03839,C040,2024-07-17,,2024-07-20,,Cancelled,852.66,9,0,0,1,Midwest
O03840,C014,2024-09-12,2024-09-14,2024-09-18,2024-09-18,Delivered,3793.35,19,19,0,1,West
O03841,C011,2024-05-13,2024-05-14,2024-05-20,2024-05-18,Delivered,1828.0,10,8,0,1,Midwest
O03842,C009,2024-09-15,2024-09-18,2024-09-19,2024-09-19,Delivered,781.02,18,18,0,1,West
O03843,C025,2024-06-15,2024-06-16,2024-06-19,,Shipped,2527.6,20,20,0,1,Northeast
O03844,C004,2024-04-04,2024-04-07,2024-04-10,2024-04-07,Delivered,1064.19,19,19,0,1,South
O03845,C039,2024-07-18,2024-07-20,2024-07-21,2024-07-21,Delivered,75.48,2,2,1,1,Midwest
O03846,C022,2024-06-30,2024-07-01,2024-07-04,2024-07-01,Delivered,2716.22,13,1,1,1,South
O03847,C022,2024-11-30,,2024-12-06,,Cancelled,302.4,18,0,0,1,South
O03848,C010,2024-05-06,2024-05-07,2024-05-12,2024-05-12,Delivered,2264.8,16,16,0,1,South
O03849,C009,2024-11-06,2024-11-09,2024-11-12,2024-11-09,Delivered,837.41,7,7,0,1,West
O03850,C008,2024-02-27,2024-02-28,2024-03-03,2024-03-01,Delivered,151.26,6,6,0,1,Northeast
O03851,C039,2024-06-16,2024-06-19,2024-06-21,2024-06-19,Delivered,771.68,4,4,0,1,Midwest
O03852,C020,2024-05-05,2024-05-06,2024-05-09,2024-05-09,Delivered,1646.5,10,10,0,1,Northeast
O03853,C003,2024-07-03,2024-07-04,2024-07-07,2024-07-05,Delivered,2338.9,19,19,1,1,South
O03854,C033,2024-02-09,2024-02-11,2024-02-12,2024-02-12,Delivered,2286.24,16,16,0,1,West
O03855,C007,2024-10-30,2024-11-02,2024-11-02,2024-11-07,Delivered,342.36,3,3,0,1,Midwest
O03856,C020,2024-03-21,2024-03-23,2024-03-24,2024-03-23,Delivered,135.87,3,3,0,0,Northeast
O03857,C026,2024-03-16,2024-03-18,2024-03-22,2024-03-20,Delivered,630.68,4,4,0,1,West
O03858,C025,2024-10-11,2024-10-12,2024-10-16,2024-10-13,Delivered,41.39,1,1,0,0,Northeast
O03859,C011,2024-07-18,2024-07-20,2024-07-23,2024-07-21,Delivered,3172.54,17,17,0,1,Midwest
O03860,C018,2024-03-08,2024-03-09,2024-03-12,2024-03-19,Delivered,942.2,10,10,0,1,West
O03861,C002,2024-03-01,2024-03-04,2024-03-07,2024-03-04,Delivered,3058.98,17,17,0,1,Northeast
O03862,C005,2024-02-07,2024-02-08,2024-02-12,2024-02-08,Delivered,108.67,1,1,0,1,Midwest
O03863,C015,2024-02-05,2024-02-08,2024-02-08,2024-02-08,Delivered,2109.4,20,20,0,1,Northeast
O03864,C029,2024-01-18,2024-01-21,2024-01-25,2024-02-01,Delivered,1523.4,12,12,0,0,Northeast
O03865,C009,2024-09-22,,2024-09-27,,Cancelled,301.0,5,0,0,1,West
O03866,C014,2024-03-09,2024-03-11,2024-03-16,2024-03-13,Delivered,197.96,2,2,0,1,West
O03867,C031,2024-06-27,2024-06-28,2024-07-04,2024-06-30,Delivered,3322.72,19,19,0,1,Midwest
O03868,C014,2024-05-30,2024-05-31,2024-06-04,2024-06-09,Delivered,260.24,8,8,6,1,West
O03869,C020,2024-07-30,2024-08-01,2024-08-06,2024-08-01,Delivered,1765.89,9,9,0,0,Northeast
O03870,C031,2024-09-19,2024-09-20,2024-09-25,2024-09-23,Delivered,93.76,4,1,0,0,Midwest
O03871,C004,2024-02-18,2024-02-20,2024-02-24,2024-02-23,Delivered,851.1,5,5,0,1,South
O03872,C022,2024-05-20,2024-05-22,2024-05-27,,Shipped,1101.87,11,11,0,1,South
O03873,C027,2024-08-27,2024-08-29,2024-09-03,2024-09-02,Delivered,248.04,2,2,0,1,South
O03874,C028,2024-10-18,2024-10-21,2024-10-23,2024-10-22,Delivered,235.68,6,2,0,1,Midwest
O03875,C009,2024-05-17,2024-05-20,2024-05-23,2024-05-22,Delivered,729.69,13,13,0,1,West
O03876,C032,2024-04-27,2024-04-30,2024-05-02,2024-05-01,Delivered,384.8,10,10,0,1,Northeast
O03877,C038,2024-07-16,2024-07-19,2024-07-22,2024-07-21,Delivered,2149.4,10,10,0,1,South
O03878,C032,2024-02-27,,2024-03-02,,Cancelled,1095.82,11,0,0,1,Northeast
O03879,C011,2024-04-03,,2024-04-10,,Cancelled,209.77,1,0,0,1,Midwest
O03880,C023,2024-11-20,2024-11-23,2024-11-27,,Shipped,1035.98,11,2,0,0,West
O03881,C007,2024-03-19,2024-03-20,2024-03-23,2024-03-23,Delivered,678.7,5,5,0,1,Midwest
O03882,C004,2024-08-22,2024-08-25,2024-08-29,2024-08-25,Delivered,2381.72,11,11,0,0,South
O03883,C026,2024-06-07,2024-06-10,2024-06-14,2024-06-10,Delivered,966.72,8,8,0,1,West
O03884,C015,2024-08-09,,2024-08-13,,Placed,52.45,1,0,0,1,Northeast
O03885,C016,2024-08-09,2024-08-10,2024-08-13,2024-08-16,Delivered,25.45,1,1,0,1,West
O03886,C002,2024-12-14,2024-12-16,2024-12-20,2024-12-24,Delivered,377.88,4,4,0,1,Northeast
O03887,C007,2024-03-01,2024-03-02,2024-03-04,2024-03-07,Delivered,1741.2,12,12,0,1,Midwest
O03888,C031,2024-08-23,2024-08-24,2024-08-27,2024-08-25,Delivered,45.54,3,2,0,1,Midwest
O03889,C031,2024-12-04,2024-12-05,2024-12-08,2024-12-05,Delivered,2118.37,17,17,0,1,Midwest
O03890,C020,2024-06-19,2024-06-21,2024-06-24,2024-06-24,Delivered,1675.4,20,20,0,1,Northeast
O03891,C010,2024-02-02,2024-02-04,2024-02-05,2024-02-04,Delivered,392.34,6,6,0,1,South
O03892,C033,2024-03-10,2024-03-12,2024-03-17,2024-03-13,Delivered,1891.71,9,9,0,1,West
O03893,C004,2024-10-07,2024-10-10,2024-10-12,2024-10-10,Delivered,1803.6,12,12,0,1,South
O03894,C038,2024-11-07,2024-11-10,2024-11-10,,Shipped,170.69,1,1,0,1,South
O03895,C006,2024-10-18,,2024-10-21,,Cancelled,1399.52,16,0,0,1,Northeast
O03896,C017,2024-03-12,2024-03-14,2024-03-18,2024-03-14,Delivered,146.23,1,1,0,0,South
O03897,C021,2024-04-25,2024-04-26,2024-04-30,2024-04-28,Delivered,3512.37,17,17,0,1,South
O03898,C029,2024-08-23,2024-08-25,2024-08-26,2024-08-26,Delivered,910.58,11,11,0,1,Northeast
O03899,C013,2024-09-16,2024-09-17,2024-09-19,2024-09-17,Delivered,1772.16,13,13,0,1,South
O03900,C008,2024-06-06,2024-06-09,2024-06-09,,Shipped,154.55,1,1,0,1,Northeast
O03901,C028,2024-02-22,2024-02-25,2024-02-27,2024-02-27,Delivered,1589.39,11,11,0,1,Midwest
O03902,C026,2024-06-24,2024-06-26,2024-06-30,2024-07-05,Delivered,1546.68,12,12,0,1,West
O03903,C013,2024-02-20,2024-02-23,2024-02-23,2024-02-28,Delivered,1632.15,15,15,0,1,South
O03904,C008,2024-12-01,2024-12-04,2024-12-07,2024-12-06,Delivered,914.4,6,6,0,1,Northeast
O03905,C022,2024-05-08,2024-05-09,2024-05-13,,Shipped,2280.95,19,9,0,1,South
O03906,C019,2024-08-05,2024-08-07,2024-08-09,2024-08-09,Delivered,3255.52,16,16,0,1,Midwest
O03907,C004,2024-08-08,2024-08-09,2024-08-12,2024-08-12,Delivered,1173.33,9,9,0,1,South
O03908,C033,2024-05-25,2024-05-26,2024-05-31,,Shipped,710.55,5,5,0,1,West
O03909,C018,2024-05-04,2024-05-06,2024-05-07,2024-05-06,Delivered,428.12,14,14,0,1,West
O03910,C033,2024-04-25,2024-04-26,2024-04-29,2024-04-26,Delivered,470.67,3,3,0,1,West
O03911,C032,2024-04-13,,2024-04-20,,Placed,22.87,1,0,0,1,Northeast
O03912,C026,2024-01-22,,2024-01-28,,Placed,2061.41,13,0,0,1,West
O03913,C023,2024-11-13,2024-11-16,2024-11-17,2024-11-17,Delivered,2140.27,11,11,0,0,West
O03914,C016,2024-09-21,2024-09-23,2024-09-24,2024-09-23,Delivered,474.15,3,3,0,1,West
O03915,C014,2024-11-09,2024-11-12,2024-11-14,2024-11-14,Delivered,3265.4,20,20,0,1,West
O03916,C018,2024-06-30,2024-07-02,2024-07-03,2024-07-02,Delivered,307.72,4,1,0,1,West
O03917,C010,2024-07-05,2024-07-06,2024-07-11,2024-07-10,Delivered,1669.5,10,10,0,1,South
O03918,C034,2024-11-30,2024-12-02,2024-12-06,2024-12-06,Delivered,951.12,9,9,0,1,Midwest
O03919,C033,2024-09-08,2024-09-11,2024-09-12,2024-09-11,Delivered,1669.5,15,15,0,1,West
O03920,C023,2024-06-21,2024-06-22,2024-06-27,2024-06-22,Delivered,1263.87,9,9,0,1,West
O03921,C007,2024-01-08,2024-01-09,2024-01-14,,Shipped,2046.68,19,19,0,1,Midwest
O03922,C027,2024-06-04,2024-06-05,2024-06-10,2024-06-06,Delivered,2007.0,20,20,0,1,South
O03923,C040,2024-09-14,2024-09-17,2024-09-17,2024-09-17,Delivered,2227.94,13,13,0,1,Midwest
O03924,C025,2024-07-28,2024-07-29,2024-08-02,2024-08-05,Delivered,393.66,9,9,5,1,Northeast
O03925,C037,2024-09-05,2024-09-07,2024-09-08,,Shipped,331.5,6,6,0,1,Midwest
O03926,C025,2024-10-04,2024-10-05,2024-10-09,2024-10-08,Delivered,471.0,3,3,0,0,Northeast
O03927,C007,2024-08-01,,2024-08-07,,Cancelled,816.42,6,0,0,1,Midwest
O03928,C005,2024-07-18,,2024-07-22,,Cancelled,2970.41,17,0,0,1,Midwest
O03929,C021,2024-07-26,2024-07-27,2024-08-02,2024-07-31,Delivered,3090.06,18,18,0,1,South
O03930,C006,2024-11-13,2024-11-16,2024-11-17,2024-11-17,Delivered,736.96,14,14,0,1,Northeast
O03931,C023,2024-11-14,,2024-11-19,,Cancelled,835.95,15,0,0,1,West
O03932,C037,2024-06-10,2024-06-11,2024-06-13,2024-06-13,Delivered,2625.35,13,13,0,1,Midwest
O03933,C001,2024-11-30,2024-12-02,2024-12-03,,Shipped,3015.45,15,15,0,1,South
O03934,C008,2024-04-21,2024-04-22,2024-04-28,2024-05-03,Delivered,2505.12,17,17,0,1,Northeast
O03935,C007,2024-11-01,2024-11-02,2024-11-06,,Shipped,565.02,18,18,0,1,Midwest
O03936,C018,2024-02-23,2024-02-25,2024-02-27,,Shipped,2076.21,17,17,0,1,West
O03937,C002,2024-10-07,2024-10-08,2024-10-12,2024-10-10,Delivered,45.09,3,3,0,0,Northeast
O03938,C017,2024-05-14,2024-05-17,2024-05-17,2024-05-17,Delivered,1464.76,11,11,0,1,South
O03939,C004,2024-09-21,2024-09-22,2024-09-27,2024-10-04,Delivered,2087.1,18,8,0,1,South
O03940,C002,2024-08-05,2024-08-08,2024-08-11,2024-08-08,Delivered,130.26,6,6,0,1,Northeast
O03941,C022,2024-08-03,2024-08-05,2024-08-08,2024-08-05,Delivered,103.02,3,3,0,1,South
O03942,C018,2024-06-01,2024-06-03,2024-06-06,2024-06-04,Delivered,1346.85,9,9,0,1,West
O03943,C031,2024-06-17,2024-06-19,2024-06-24,2024-06-24,Delivered,1041.48,6,6,0,1,Midwest
O03944,C036,2024-03-10,2024-03-12,2024-03-14,2024-03-14,Delivered,1952.25,15,4,4,1,West
O03945,C032,2024-02-10,2024-02-11,2024-02-14,2024-02-11,Delivered,2251.62,18,18,0,0,Northeast
O03946,C006,2024-07-17,2024-07-20,2024-07-22,2024-07-22,Delivered,802.18,19,19,16,1,Northeast
O03947,C031,2024-08-25,2024-08-28,2024-09-01,2024-09-02,Delivered,143.82,3,3,0,1,Midwest
O03948,C005,2024-09-17,2024-09-19,2024-09-20,,Shipped,2096.27,17,17,0,1,Midwest
O03949,C010,2024-05-29,2024-05-30,2024-06-05,2024-06-09,Delivered,3758.2,20,20,0,1,South
O03950,C025,2024-07-17,2024-07-20,2024-07-20,2024-07-20,Delivered,347.2,20,20,0,1,Northeast
O03951,C003,2024-01-23,2024-01-26,2024-01-29,,Shipped,271.6,5,5,0,1,South
O03952,C012,2024-11-09,2024-11-11,2024-11-12,2024-11-11,Delivered,324.6,20,20,0,1,Northeast
O03953,C018,2024-04-30,2024-05-02,2024-05-05,2024-05-02,Delivered,44.85,1,1,0,1,West
O03954,C007,2024-01-18,2024-01-21,2024-01-23,2024-01-23,Delivered,753.84,9,9,0,1,Midwest
O03955,C036,2024-08-26,2024-08-27,2024-09-02,2024-08-31,Delivered,980.8,10,10,0,1,West
O03956,C024,2024-02-10,2024-02-13,2024-02-15,2024-02-15,Delivered,117.04,1,1,0,1,West
O03957,C012,2024-02-03,2024-02-06,2024-02-09,2024-02-09,Delivered,499.2,16,16,0,1,Northeast
O03958,C008,2024-12-07,2024-12-09,2024-12-12,2024-12-12,Delivered,1171.95,15,15,0,1,Northeast
O03959,C022,2024-10-10,2024-10-11,2024-10-17,,Shipped,1055.7,17,17,0,1,South
O03960,C035,2024-06-15,2024-06-18,2024-06-21,2024-06-18,Delivered,224.0,14,14,0,1,West
O03961,C027,2024-05-21,2024-05-24,2024-05-28,2024-05-24,Delivered,419.64,2,2,0,1,South
O03962,C029,2024-01-26,2024-01-28,2024-02-02,2024-02-02,Delivered,2472.0,20,20,0,1,Northeast
O03963,C007,2024-05-18,2024-05-20,2024-05-22,2024-05-22,Delivered,762.24,16,6,0,1,Midwest
O03964,C003,2024-09-13,2024-09-15,2024-09-19,2024-09-17,Delivered,1586.2,10,10,0,1,South
O03965,C033,2024-07-06,2024-07-09,2024-07-13,2024-07-16,Delivered,767.3,5,5,4,1,West
O03966,C028,2024-03-02,,2024-03-05,,Cancelled,1365.15,19,0,0,1,Midwest
O03967,C019,2024-04-06,2024-04-08,2024-04-13,2024-04-13,Delivered,1781.52,13,13,0,1,Midwest
O03968,C004,2024-05-23,2024-05-26,2024-05-27,2024-05-27,Delivered,1510.32,12,12,0,1,South
O03969,C029,2024-01-27,2024-01-29,2024-01-31,2024-01-30,Delivered,1242.6,6,4,0,1,Northeast
O03970,C035,2024-06-01,2024-06-02,2024-06-05,2024-06-03,Delivered,2008.89,17,17,0,1,West
O03971,C017,2024-07-26,2024-07-27,2024-08-01,2024-08-07,Delivered,738.48,6,6,0,1,South
O03972,C031,2024-12-08,2024-12-10,2024-12-11,2024-12-10,Delivered,994.5,15,15,0,1,Midwest
O03973,C032,2024-11-23,2024-11-26,2024-11-26,2024-11-26,Delivered,320.79,3,3,2,1,Northeast
O03974,C010,2024-10-03,2024-10-06,2024-10-09,2024-10-09,Delivered,483.7,10,10,0,1,South
O03975,C025,2024-12-08,,2024-12-14,,Cancelled,1491.15,15,0,0,1,Northeast
O03976,C039,2024-08-10,2024-08-11,2024-08-17,,Shipped,3122.22,17,17,0,1,Midwest
O03977,C017,2024-10-28,2024-10-31,2024-11-01,2024-10-31,Delivered,2298.12,11,11,0,1,South
O03978,C026,2024-03-28,2024-03-30,2024-04-03,2024-04-01,Delivered,3737.0,20,20,0,1,West
O03979,C039,2024-03-25,,2024-03-29,,Placed,2019.0,20,0,0,1,Midwest
O03980,C006,2024-12-06,2024-12-08,2024-12-11,2024-12-10,Delivered,425.34,18,18,0,1,Northeast
O03981,C007,2024-06-04,2024-06-06,2024-06-10,2024-06-11,Delivered,363.94,2,2,0,1,Midwest
O03982,C010,2024-11-25,2024-11-28,2024-11-28,2024-11-28,Delivered,790.35,11,5,0,0,South
O03983,C018,2024-07-21,2024-07-24,2024-07-26,2024-07-25,Delivered,472.34,19,19,0,1,West
O03984,C030,2024-09-09,2024-09-11,2024-09-16,2024-09-14,Delivered,461.7,10,4,0,1,South
O03985,C005,2024-05-06,2024-05-09,2024-05-11,2024-05-11,Delivered,1598.08,11,11,0,1,Midwest
O03986,C017,2024-08-07,2024-08-10,2024-08-10,2024-08-10,Delivered,189.22,1,1,0,0,South
O03987,C039,2024-03-24,2024-03-27,2024-03-31,2024-04-02,Delivered,2587.68,16,14,0,1,Midwest
O03988,C022,2024-12-13,2024-12-16,2024-12-18,2024-12-18,Delivered,1264.4,10,10,0,1,South
O03989,C021,2024-04-29,2024-05-02,2024-05-03,2024-05-02,Delivered,918.28,11,11,0,1,South
O03990,C025,2024-12-06,2024-12-08,2024-12-09,2024-12-11,Delivered,88.82,1,1,0,1,Northeast
O03991,C005,2024-03-09,2024-03-12,2024-03-16,2024-03-14,Delivered,412.71,3,3,0,1,Midwest
O03992,C023,2024-11-18,2024-11-21,2024-11-21,2024-11-21,Delivered,93.36,4,4,0,1,West
O03993,C031,2024-01-11,2024-01-14,2024-01-17,2024-01-17,Delivered,1842.66,9,9,9,0,Midwest
O03994,C030,2024-08-22,2024-08-25,2024-08-27,2024-08-26,Delivered,2351.83,13,13,0,1,South
O03995,C025,2024-11-09,2024-11-10,2024-11-13,2024-11-19,Delivered,1797.12,18,18,0,1,Northeast
O03996,C013,2024-08-27,2024-08-28,2024-08-30,2024-08-28,Delivered,255.08,4,4,0,1,South
O03997,C004,2024-07-21,2024-07-22,2024-07-27,2024-07-27,Delivered,280.1,10,10,0,1,South
O03998,C022,2024-03-05,2024-03-08,2024-03-10,2024-03-09,Delivered,678.4,8,8,0,1,South
O03999,C028,2024-08-10,2024-08-11,2024-08-13,2024-08-11,Delivered,2133.0,20,20,0,1,Midwest
O04000,C024,2024-07-30,2024-07-31,2024-08-03,2024-08-03,Delivered,1398.32,8,8,0,1,West
O04001,C024,2024-02-03,2024-02-05,2024-02-10,2024-02-06,Delivered,248.93,11,11,0,1,West
O04002,C020,2024-06-01,2024-06-04,2024-06-08,2024-06-07,Delivered,1261.0,20,20,0,1,Northeast
O04003,C036,2024-04-10,2024-04-13,2024-04-15,2024-04-14,Delivered,1209.76,8,8,0,1,West
O04004,C035,2024-10-15,2024-10-17,2024-10-22,2024-10-22,Delivered,3283.01,19,19,0,0,West
O04005,C021,2024-11-24,2024-11-25,2024-12-01,2024-11-29,Delivered,994.5,18,18,0,1,South
O04006,C033,2024-04-30,,2024-05-05,,Cancelled,405.52,4,0,0,1,West
O04007,C004,2024-11-10,2024-11-12,2024-11-14,2024-11-12,Delivered,1241.46,18,18,0,1,South
O04008,C009,2024-08-10,2024-08-12,2024-08-15,2024-08-12,Delivered,94.76,4,4,0,0,West
O04009,C022,2024-09-23,2024-09-25,2024-09-30,2024-09-26,Delivered,1225.4,11,11,0,1,South
O04010,C012,2024-06-18,2024-06-20,2024-06-23,,Shipped,207.11,1,1,0,1,Northeast
O04011,C037,2024-04-30,,2024-05-04,,Cancelled,2086.7,14,0,0,1,Midwest
O04012,C034,2024-09-16,2024-09-17,2024-09-22,2024-09-19,Delivered,530.2,4,4,4,1,Midwest
O04013,C002,2024-05-12,2024-05-15,2024-05-16,2024-05-15,Delivered,1665.12,16,16,0,1,Northeast
O04014,C026,2024-02-18,2024-02-19,2024-02-25,2024-02-20,Delivered,731.36,8,8,0,1,West
O04015,C022,2024-12-07,2024-12-10,2024-12-10,2024-12-10,Delivered,207.2,2,2,0,1,South
O04016,C033,2024-12-03,2024-12-06,2024-12-06,2024-12-06,Delivered,102.61,1,1,0,1,West
O04017,C007,2024-03-18,2024-03-20,2024-03-25,2024-03-24,Delivered,1057.68,18,6,0,1,Midwest
O04018,C007,2024-08-21,2024-08-22,2024-08-25,,Shipped,366.12,12,11,0,1,Midwest
O04019,C036,2024-11-18,2024-11-20,2024-11-24,,Shipped,819.6,6,5,0,1,West
O04020,C018,2024-03-06,2024-03-07,2024-03-12,2024-03-11,Delivered,168.69,1,1,0,1,West
O04021,C019,2024-09-26,2024-09-29,2024-10-03,2024-09-29,Delivered,1459.36,14,14,0,1,Midwest
O04022,C034,2024-12-12,2024-12-13,2024-12-15,,Shipped,1360.71,9,9,0,1,Midwest
O04023,C001,2024-03-07,2024-03-08,2024-03-10,2024-03-08,Delivered,1117.5,6,6,0,1,South
O04024,C035,2024-03-14,2024-03-16,2024-03-21,,Shipped,355.83,3,3,0,1,West
O04025,C017,2024-02-02,2024-02-03,2024-02-05,2024-02-04,Delivered,2271.96,12,12,0,1,South
O04026,C027,2024-05-02,2024-05-03,2024-05-08,2024-05-05,Delivered,1272.78,9,9,1,1,South
O04027,C003,2024-11-19,,2024-11-23,,Cancelled,1675.7,10,0,0,1,South
O04028,C016,2024-02-05,2024-02-07,2024-02-12,2024-02-08,Delivered,3794.6,20,20,0,1,West
O04029,C037,2024-01-01,2024-01-03,2024-01-07,2024-01-05,Delivered,855.4,13,13,0,1,Midwest
O04030,C015,2024-07-07,2024-07-08,2024-07-14,2024-07-11,Delivered,2804.8,20,20,0,1,Northeast
O04031,C040,2024-09-20,2024-09-21,2024-09-25,2024-09-21,Delivered,1036.83,17,17,0,1,Midwest
O04032,C005,2024-10-13,2024-10-14,2024-10-16,2024-10-15,Delivered,824.8,8,8,0,0,Midwest
O04033,C030,2024-01-20,,2024-01-25,,Cancelled,69.99,1,0,0,1,South
O04034,C005,2024-03-21,2024-03-24,2024-03-27,2024-03-26,Delivered,22.09,1,1,0,1,Midwest
O04035,C021,2024-04-14,2024-04-15,2024-04-17,2024-04-15,Delivered,1282.0,10,10,0,1,South
O04036,C029,2024-11-05,,2024-11-08,,Cancelled,3394.9,17,0,0,1,Northeast
O04037,C028,2024-10-13,2024-10-16,2024-10-18,2024-10-17,Delivered,1407.78,11,11,0,1,Midwest
O04038,C023,2024-02-16,2024-02-18,2024-02-22,2024-02-21,Delivered,500.04,18,18,4,1,West
O04039,C028,2024-06-08,2024-06-11,2024-06-13,2024-06-11,Delivered,16.08,1,1,0,1,Midwest
O04040,C029,2024-07-28,2024-07-31,2024-08-02,2024-07-31,Delivered,1647.03,11,11,0,1,Northeast
O04041,C023,2024-03-16,2024-03-19,2024-03-21,2024-03-19,Delivered,1313.55,15,15,0,1,West
O04042,C007,2024-01-12,2024-01-13,2024-01-19,2024-01-14,Delivered,607.8,20,20,0,1,Midwest
O04043,C019,2024-07-06,2024-07-09,2024-07-10,2024-07-10,Delivered,515.58,6,6,0,0,Midwest
O04044,C010,2024-07-01,2024-07-04,2024-07-07,2024-07-05,Delivered,1637.02,14,14,0,1,South
O04045,C036,2024-01-08,2024-01-11,2024-01-11,2024-01-11,Delivered,169.73,1,1,0,1,West
O04046,C038,2024-01-17,,2024-01-20,,Cancelled,196.56,9,0,0,1,South
O04047,C006,2024-05-05,2024-05-06,2024-05-10,2024-05-10,Delivered,1974.7,13,13,0,1,Northeast
O04048,C024,2024-03-30,2024-04-02,2024-04-04,2024-04-02,Delivered,504.35,5,5,0,1,West
O04049,C032,2024-08-01,2024-08-03,2024-08-04,,Shipped,2762.6,20,20,0,1,Northeast
O04050,C019,2024-06-18,2024-06-21,2024-06-25,2024-06-24,Delivered,501.27,11,11,0,1,Midwest
O04051,C037,2024-01-26,2024-01-27,2024-02-01,2024-02-01,Delivered,1613.1,15,15,0,1,Midwest
O04052,C035,2024-08-17,2024-08-20,2024-08-23,2024-08-20,Delivered,918.0,20,20,0,0,West
O04053,C039,2024-09-27,2024-09-28,2024-10-01,2024-10-01,Delivered,279.96,3,3,0,1,Midwest
O04054,C005,2024-05-24,2024-05-25,2024-05-28,2024-05-25,Delivered,2846.55,15,15,0,1,Midwest
O04055,C013,2024-05-19,2024-05-21,2024-05-24,2024-05-24,Delivered,400.52,2,2,0,1,South
O04056,C036,2024-01-03,2024-01-06,2024-01-06,,Shipped,1515.28,8,8,0,1,West
O04057,C029,2024-12-03,2024-12-05,2024-12-07,2024-12-06,Delivered,2642.4,20,20,0,1,Northeast
O04058,C008,2024-02-18,,2024-02-24,,Placed,498.96,12,0,0,1,Northeast
O04059,C036,2024-07-23,2024-07-24,2024-07-28,2024-07-27,Delivered,2937.0,20,20,0,1,West
O04060,C013,2024-11-21,2024-11-23,2024-11-26,2024-11-29,Delivered,1764.14,14,9,0,1,South
O04061,C023,2024-08-06,2024-08-07,2024-08-11,2024-08-10,Delivered,1710.81,9,9,0,1,West
O04062,C028,2024-05-31,2024-06-02,2024-06-03,2024-06-02,Delivered,1562.56,19,19,0,0,Midwest
O04063,C002,2024-07-13,2024-07-14,2024-07-17,2024-07-14,Delivered,660.4,5,5,0,1,Northeast
O04064,C023,2024-03-10,2024-03-11,2024-03-17,2024-03-11,Delivered,47.8,1,1,0,1,West
O04065,C029,2024-01-24,2024-01-27,2024-01-31,2024-01-30,Delivered,2060.91,17,17,0,1,Northeast
O04066,C001,2024-02-01,2024-02-03,2024-02-04,2024-02-04,Delivered,386.2,4,4,0,1,South
O04067,C017,2024-04-23,,2024-04-29,,Placed,1229.76,14,0,0,1,South
O04068,C024,2024-05-04,2024-05-05,2024-05-08,2024-05-05,Delivered,918.26,7,7,4,1,West
O04069,C016,2024-06-11,,2024-06-17,,Placed,1264.0,20,0,0,1,West
O04070,C018,2024-10-10,2024-10-13,2024-10-16,2024-10-13,Delivered,847.2,8,8,8,0,West
O04071,C037,2024-04-15,2024-04-17,2024-04-22,2024-04-17,Delivered,1022.45,5,5,0,1,Midwest
O04072,C028,2024-04-29,2024-04-30,2024-05-03,2024-04-30,Delivered,408.57,3,3,0,1,Midwest
O04073,C008,2024-01-04,2024-01-06,2024-01-09,2024-01-06,Delivered,115.25,1,1,0,1,Northeast
O04074,C039,2024-09-13,2024-09-14,2024-09-16,2024-09-14,Delivered,1720.92,12,12,0,1,Midwest
O04075,C023,2024-07-13,2024-07-16,2024-07-16,2024-07-16,Delivered,1728.6,15,15,0,1,West
O04076,C004,2024-10-07,2024-10-10,2024-10-14,2024-10-14,Delivered,986.3,5,5,0,1,South
O04077,C012,2024-02-27,,2024-03-02,,Placed,585.36,3,0,0,1,Northeast
O04078,C033,2024-06-22,2024-06-24,2024-06-27,2024-06-26,Delivered,874.71,9,9,0,1,West
O04079,C040,2024-07-04,2024-07-05,2024-07-11,2024-07-08,Delivered,1503.15,11,11,0,1,Midwest
O04080,C003,2024-08-16,2024-08-17,2024-08-21,2024-08-21,Delivered,409.62,2,2,0,1,South
O04081,C040,2024-01-28,2024-01-30,2024-02-02,2024-02-01,Delivered,343.44,6,6,0,1,Midwest
O04082,C033,2024-06-03,2024-06-06,2024-06-10,2024-06-09,Delivered,171.12,3,3,0,1,West
O04083,C007,2024-05-28,2024-05-29,2024-06-01,2024-05-31,Delivered,1597.83,17,17,0,1,Midwest
O04084,C016,2024-01-30,2024-02-01,2024-02-02,2024-02-02,Delivered,183.04,2,2,0,1,West
O04085,C037,2024-02-28,2024-03-01,2024-03-06,2024-03-02,Delivered,762.6,10,10,0,1,Midwest
O04086,C001,2024-01-07,2024-01-09,2024-01-13,2024-01-10,Delivered,1207.15,7,7,0,1,South
O04087,C030,2024-03-01,2024-03-04,2024-03-07,2024-03-07,Delivered,693.05,5,5,0,1,South
O04088,C004,2024-04-24,2024-04-25,2024-04-29,2024-04-29,Delivered,1220.8,14,14,0,1,South
O04089,C003,2024-12-10,2024-12-13,2024-12-13,2024-12-13,Delivered,812.64,6,6,0,1,South
O04090,C029,2024-02-25,2024-02-28,2024-02-29,2024-02-28,Delivered,2151.24,14,14,0,1,Northeast
O04091,C023,2024-10-31,2024-11-01,2024-11-05,2024-11-09,Delivered,1035.79,7,7,0,1,West
O04092,C018,2024-02-14,2024-02-16,2024-02-18,2024-02-24,Delivered,2809.1,14,14,0,1,West
O04093,C037,2024-01-05,2024-01-07,2024-01-09,2024-01-07,Delivered,2693.34,13,13,9,1,Midwest
O04094,C005,2024-04-04,,2024-04-11,,Cancelled,1003.74,6,0,0,1,Midwest
O04095,C016,2024-04-12,2024-04-13,2024-04-18,2024-04-17,Delivered,1183.44,6,6,0,1,West
O04096,C023,2024-02-12,2024-02-15,2024-02-16,2024-02-16,Delivered,76.36,2,2,0,1,West
O04097,C032,2024-07-22,2024-07-25,2024-07-28,2024-07-27,Delivered,365.98,2,2,0,1,Northeast
O04098,C037,2024-03-17,2024-03-18,2024-03-23,2024-03-18,Delivered,769.04,4,4,0,1,Midwest
O04099,C006,2024-02-08,2024-02-11,2024-02-12,2024-02-12,Delivered,436.66,14,14,0,1,Northeast
O04100,C004,2024-05-24,2024-05-26,2024-05-30,2024-05-27,Delivered,767.62,7,7,0,1,South
O04101,C039,2024-11-06,2024-11-07,2024-11-10,,Shipped,1846.3,10,10,0,1,Midwest
O04102,C039,2024-11-19,2024-11-22,2024-11-24,2024-11-24,Delivered,2713.88,17,17,0,1,Midwest
O04103,C031,2024-06-01,2024-06-03,2024-06-06,2024-06-07,Delivered,391.93,11,11,0,0,Midwest
O04104,C027,2024-03-20,,2024-03-26,,Placed,275.55,11,0,0,1,South
O04105,C013,2024-03-16,2024-03-19,2024-03-19,2024-03-19,Delivered,2053.2,15,15,0,1,South
O04106,C001,2024-04-14,2024-04-17,2024-04-20,2024-04-17,Delivered,2088.16,16,16,0,1,South
O04107,C037,2024-03-22,2024-03-24,2024-03-28,2024-03-26,Delivered,1141.98,6,6,0,1,Midwest
O04108,C033,2024-07-15,2024-07-16,2024-07-22,2024-07-21,Delivered,249.12,4,4,0,1,West
O04109,C003,2024-08-31,2024-09-02,2024-09-07,2024-09-07,Delivered,1124.64,16,16,0,1,South
O04110,C030,2024-05-24,,2024-05-28,,Placed,2314.77,19,0,0,1,South
O04111,C032,2024-04-18,2024-04-19,2024-04-21,2024-04-19,Delivered,137.6,2,2,0,1,Northeast
O04112,C030,2024-11-15,2024-11-17,2024-11-21,,Shipped,2140.96,16,16,0,1,South
O04113,C022,2024-06-28,2024-06-29,2024-07-05,2024-06-29,Delivered,46.08,1,1,0,1,South
O04114,C003,2024-08-15,,2024-08-22,,Placed,3689.04,19,0,0,1,South
O04115,C009,2024-08-29,2024-08-30,2024-09-05,2024-09-05,Delivered,1257.78,6,6,0,1,West
O04116,C036,2024-07-09,2024-07-12,2024-07-16,2024-07-16,Delivered,711.84,4,4,0,1,West
O04117,C023,2024-07-21,2024-07-24,2024-07-27,2024-07-25,Delivered,592.4,20,20,0,1,West
O04118,C005,2024-05-29,2024-06-01,2024-06-01,2024-06-01,Delivered,2694.02,14,14,9,0,Midwest
O04119,C011,2024-08-12,2024-08-15,2024-08-18,2024-08-18,Delivered,1392.51,19,19,0,1,Midwest
O04120,C006,2024-03-17,2024-03-20,2024-03-23,2024-03-30,Delivered,1473.8,20,20,0,1,Northeast
O04121,C035,2024-09-19,2024-09-20,2024-09-24,2024-09-20,Delivered,208.81,1,1,0,1,West
O04122,C040,2024-11-18,2024-11-19,2024-11-23,2024-11-26,Delivered,2436.48,18,18,2,1,Midwest
O04123,C028,2024-01-05,2024-01-06,2024-01-12,2024-01-10,Delivered,162.54,9,9,0,1,Midwest
O04124,C015,2024-11-14,,2024-11-21,,Cancelled,1230.75,9,0,0,1,Northeast
O04125,C034,2024-12-02,2024-12-04,2024-12-09,2024-12-16,Delivered,18.18,1,1,0,0,Midwest
O04126,C001,2024-03-16,2024-03-19,2024-03-23,2024-03-26,Delivered,483.42,3,2,0,1,South
O04127,C033,2024-03-31,2024-04-03,2024-04-06,2024-04-03,Delivered,373.75,5,5,0,1,West
O04128,C010,2024-04-19,2024-04-21,2024-04-22,2024-04-22,Delivered,438.84,6,6,0,1,South
O04129,C024,2024-08-31,2024-09-02,2024-09-07,2024-09-05,Delivered,164.6,4,4,0,1,West
O04130,C037,2024-06-12,2024-06-13,2024-06-16,2024-06-13,Delivered,599.25,15,15,0,1,Midwest
O04131,C029,2024-02-18,2024-02-20,2024-02-22,2024-02-20,Delivered,277.1,5,5,0,1,Northeast
O04132,C024,2024-03-02,,2024-03-08,,Cancelled,227.92,7,0,0,1,West
O04133,C010,2024-06-02,2024-06-05,2024-06-07,2024-06-06,Delivered,769.5,6,6,0,1,South
O04134,C007,2024-10-22,2024-10-23,2024-10-28,2024-10-27,Delivered,961.65,15,15,0,1,Midwest
O04135,C003,2024-10-06,2024-10-08,2024-10-12,2024-10-11,Delivered,848.12,4,4,0,1,South
O04136,C019,2024-11-29,2024-12-02,2024-12-03,2024-12-03,Delivered,1461.83,17,17,0,1,Midwest
O04137,C039,2024-03-23,2024-03-24,2024-03-28,2024-03-28,Delivered,1021.79,11,11,0,1,Midwest
O04138,C023,2024-06-19,2024-06-20,2024-06-25,2024-06-20,Delivered,2146.14,18,18,0,1,West
O04139,C011,2024-09-30,2024-10-02,2024-10-04,2024-10-04,Delivered,243.81,9,9,0,1,Midwest
O04140,C014,2024-02-20,2024-02-21,2024-02-23,2024-02-23,Delivered,1057.8,10,10,0,1,West
O04141,C008,2024-08-12,2024-08-14,2024-08-18,,Shipped,1080.6,15,15,0,1,Northeast
O04142,C003,2024-02-27,2024-03-01,2024-03-04,2024-03-03,Delivered,278.07,13,13,0,1,South
O04143,C013,2024-05-10,2024-05-12,2024-05-15,2024-05-19,Delivered,2138.88,16,16,0,1,South
O04144,C019,2024-04-09,2024-04-12,2024-04-12,2024-04-12,Delivered,1121.76,6,6,0,1,Midwest
O04145,C031,2024-04-23,2024-04-26,2024-04-29,,Shipped,134.4,7,7,0,0,Midwest
O04146,C016,2024-09-11,2024-09-13,2024-09-15,2024-09-15,Delivered,1563.15,15,15,0,1,West
O04147,C026,2024-08-27,2024-08-30,2024-09-01,2024-09-01,Delivered,1153.13,11,11,0,1,West
O04148,C022,2024-04-14,2024-04-15,2024-04-19,2024-04-17,Delivered,2892.96,14,14,0,1,South
O04149,C037,2024-08-16,2024-08-17,2024-08-20,2024-08-17,Delivered,678.48,6,6,0,1,Midwest
O04150,C021,2024-07-06,2024-07-09,2024-07-12,2024-07-11,Delivered,554.49,3,3,0,1,South
O04151,C018,2024-04-24,,2024-05-01,,Cancelled,2012.27,13,0,0,1,West
O04152,C024,2024-07-21,2024-07-24,2024-07-25,2024-07-24,Delivered,1032.4,5,5,0,1,West
O04153,C029,2024-04-22,2024-04-24,2024-04-27,2024-04-24,Delivered,76.21,1,1,0,1,Northeast
O04154,C011,2024-01-19,2024-01-20,2024-01-24,2024-01-20,Delivered,2332.25,19,19,0,0,Midwest
O04155,C036,2024-05-16,2024-05-18,2024-05-23,2024-05-18,Delivered,1917.09,17,6,0,1,West
O04156,C022,2024-10-08,2024-10-10,2024-10-12,2024-10-10,Delivered,466.29,3,3,0,1,South
O04157,C036,2024-07-31,2024-08-02,2024-08-04,2024-08-03,Delivered,384.2,5,5,0,1,West
O04158,C033,2024-02-14,2024-02-16,2024-02-17,,Shipped,386.1,3,3,0,0,West
O04159,C025,2024-06-18,2024-06-21,2024-06-25,2024-06-22,Delivered,302.68,2,2,0,1,Northeast
O04160,C036,2024-02-04,2024-02-05,2024-02-08,2024-02-15,Delivered,276.39,3,3,3,1,West
O04161,C035,2024-03-12,2024-03-14,2024-03-16,2024-03-14,Delivered,340.5,10,9,0,1,West
O04162,C001,2024-05-23,2024-05-24,2024-05-30,2024-05-29,Delivered,791.72,4,4,0,1,South
O04163,C022,2024-08-16,2024-08-18,2024-08-21,2024-08-20,Delivered,1087.94,7,7,0,1,South
O04164,C008,2024-01-26,2024-01-29,2024-02-02,2024-01-30,Delivered,3327.52,16,16,0,1,Northeast
O04165,C015,2024-08-28,2024-08-30,2024-08-31,2024-08-30,Delivered,751.87,7,7,4,1,Northeast
O04166,C003,2024-05-12,2024-05-13,2024-05-17,2024-05-16,Delivered,244.12,2,2,0,1,South
O04167,C015,2024-06-02,2024-06-03,2024-06-06,2024-06-03,Delivered,1552.32,16,16,9,1,Northeast
O04168,C030,2024-05-31,2024-06-03,2024-06-05,2024-06-05,Delivered,550.46,17,17,0,1,South
O04169,C019,2024-02-13,2024-02-16,2024-02-19,2024-02-19,Delivered,693.18,9,9,0,1,Midwest
O04170,C018,2024-07-10,2024-07-12,2024-07-15,2024-07-12,Delivered,1470.6,9,9,3,1,West
O04171,C014,2024-08-09,2024-08-12,2024-08-12,,Shipped,1383.85,13,13,0,1,West
O04172,C007,2024-07-27,2024-07-28,2024-07-31,2024-08-04,Delivered,398.12,4,4,0,1,Midwest
O04173,C008,2024-02-10,,2024-02-15,,Placed,1136.4,20,0,0,1,Northeast
O04174,C025,2024-07-27,,2024-07-30,,Cancelled,455.96,4,0,0,1,Northeast
O04175,C037,2024-05-14,2024-05-17,2024-05-19,2024-05-17,Delivered,336.81,3,3,0,1,Midwest
O04176,C015,2024-02-08,2024-02-11,2024-02-15,2024-02-13,Delivered,485.16,3,3,0,1,Northeast
O04177,C040,2024-02-24,2024-02-25,2024-02-29,2024-02-29,Delivered,1150.7,10,10,0,1,Midwest
O04178,C011,2024-09-29,2024-09-30,2024-10-02,2024-10-09,Delivered,1549.35,9,9,0,1,Midwest
O04179,C004,2024-02-04,2024-02-05,2024-02-07,2024-02-06,Delivered,501.62,14,14,0,1,South
O04180,C024,2024-01-21,2024-01-24,2024-01-27,,Shipped,615.65,7,7,0,1,West
O04181,C013,2024-02-07,,2024-02-14,,Placed,3685.6,17,0,0,1,South
O04182,C040,2024-03-27,2024-03-29,2024-04-01,2024-03-31,Delivered,359.76,2,2,0,1,Midwest
O04183,C027,2024-10-03,2024-10-05,2024-10-06,2024-10-06,Delivered,635.46,6,6,0,1,South
O04184,C018,2024-05-01,,2024-05-08,,Placed,964.8,15,0,0,1,West
O04185,C001,2024-01-29,2024-01-30,2024-02-05,2024-01-30,Delivered,173.72,2,2,0,1,South
O04186,C011,2024-02-14,2024-02-15,2024-02-21,2024-02-21,Delivered,598.08,14,14,0,1,Midwest
O04187,C035,2024-04-14,2024-04-17,2024-04-21,,Shipped,2125.8,10,10,0,1,West
O04188,C025,2024-07-30,2024-08-01,2024-08-05,2024-08-04,Delivered,849.4,20,20,0,1,Northeast
O04189,C026,2024-08-23,2024-08-25,2024-08-26,2024-08-25,Delivered,3131.74,17,17,0,1,West
O04190,C025,2024-06-10,2024-06-11,2024-06-16,2024-06-16,Delivered,1243.8,10,10,9,1,Northeast
O04191,C032,2024-07-20,2024-07-21,2024-07-24,2024-07-23,Delivered,1263.6,18,18,0,1,Northeast
O04192,C020,2024-06-06,2024-06-08,2024-06-10,2024-06-10,Delivered,94.22,2,1,0,0,Northeast
O04193,C022,2024-05-21,2024-05-24,2024-05-27,2024-05-25,Delivered,1191.87,19,19,0,1,South
O04194,C012,2024-10-07,2024-10-08,2024-10-11,2024-10-10,Delivered,377.37,7,7,0,1,Northeast
O04195,C016,2024-10-25,2024-10-27,2024-10-30,2024-10-30,Delivered,2008.95,15,15,14,1,West
O04196,C028,2024-03-11,2024-03-13,2024-03-15,2024-03-14,Delivered,95.8,5,5,0,1,Midwest
O04197,C029,2024-07-06,2024-07-09,2024-07-09,2024-07-09,Delivered,605.1,10,10,0,1,Northeast
O04198,C023,2024-06-03,2024-06-05,2024-06-08,2024-06-09,Delivered,249.12,16,16,0,1,West
O04199,C009,2024-10-06,2024-10-07,2024-10-11,2024-10-12,Delivered,1846.79,11,11,0,1,West
O04200,C026,2024-01-27,2024-01-28,2024-02-03,2024-01-28,Delivered,2636.25,19,19,0,1,West
O04201,C016,2024-04-06,2024-04-07,2024-04-09,2024-04-07,Delivered,1318.17,7,7,0,1,West
O04202,C014,2024-09-12,2024-09-15,2024-09-19,2024-09-15,Delivered,317.16,18,18,0,0,West
O04203,C014,2024-09-08,2024-09-11,2024-09-12,2024-09-11,Delivered,381.36,14,4,1,1,West
O04204,C008,2024-08-01,,2024-08-04,,Cancelled,964.08,13,0,0,1,Northeast
O04205,C026,2024-01-17,2024-01-20,2024-01-21,2024-01-28,Delivered,1324.64,16,16,0,1,West
O04206,C001,2024-01-08,2024-01-11,2024-01-14,2024-01-20,Delivered,492.95,5,5,0,1,South
O04207,C013,2024-04-15,2024-04-17,2024-04-22,2024-04-17,Delivered,328.08,4,4,4,1,South
O04208,C022,2024-07-26,2024-07-27,2024-08-01,2024-07-31,Delivered,1503.04,11,11,0,1,South
O04209,C002,2024-08-27,2024-08-29,2024-09-03,2024-08-30,Delivered,922.5,6,6,0,1,Northeast
O04210,C026,2024-11-07,2024-11-09,2024-11-10,,Shipped,411.9,15,15,0,1,West
O04211,C012,2024-01-28,2024-01-29,2024-01-31,2024-01-30,Delivered,797.16,6,6,0,1,Northeast
O04212,C001,2024-01-23,,2024-01-26,,Cancelled,161.46,3,0,0,1,South
O04213,C040,2024-04-17,2024-04-19,2024-04-24,2024-04-21,Delivered,2824.64,14,14,0,1,Midwest
O04214,C006,2024-11-23,2024-11-25,2024-11-27,2024-11-25,Delivered,2497.86,18,18,0,0,Northeast
O04215,C002,2024-03-31,2024-04-01,2024-04-03,2024-04-02,Delivered,485.65,5,5,0,1,Northeast
O04216,C002,2024-08-28,,2024-09-04,,Cancelled,589.86,9,0,0,1,Northeast
O04217,C032,2024-05-18,2024-05-21,2024-05-25,,Shipped,2170.75,19,19,0,1,Northeast
O04218,C005,2024-11-28,2024-11-30,2024-12-02,2024-12-03,Delivered,459.72,9,9,0,0,Midwest
O04219,C022,2024-09-16,2024-09-17,2024-09-22,2024-09-18,Delivered,590.72,16,16,0,1,South
O04220,C035,2024-06-07,,2024-06-13,,Placed,125.43,3,0,0,1,West
O04221,C031,2024-06-03,2024-06-04,2024-06-07,2024-06-06,Delivered,949.68,8,8,0,1,Midwest
O04222,C006,2024-01-12,2024-01-14,2024-01-16,2024-01-15,Delivered,1535.1,14,14,0,1,Northeast
O04223,C003,2024-09-28,2024-10-01,2024-10-04,2024-10-04,Delivered,822.25,13,13,0,1,South
O04224,C002,2024-07-01,2024-07-02,2024-07-08,2024-07-05,Delivered,232.32,12,12,0,1,Northeast
O04225,C039,2024-06-22,2024-06-23,2024-06-26,2024-06-25,Delivered,538.98,13,13,0,1,Midwest
O04226,C034,2024-05-17,2024-05-20,2024-05-24,2024-05-22,Delivered,580.08,6,1,0,1,Midwest
O04227,C012,2024-05-02,2024-05-05,2024-05-08,2024-05-08,Delivered,3090.92,19,19,8,1,Northeast
O04228,C027,2024-06-14,2024-06-16,2024-06-20,2024-06-27,Delivered,160.65,7,7,0,1,South
O04229,C028,2024-09-13,2024-09-15,2024-09-17,2024-09-15,Delivered,1230.6,7,7,0,1,Midwest
O04230,C037,2024-11-07,2024-11-08,2024-11-11,2024-11-09,Delivered,965.02,7,7,0,1,Midwest
O04231,C039,2024-03-10,2024-03-13,2024-03-17,2024-03-17,Delivered,2281.16,14,14,0,0,Midwest
O04232,C034,2024-09-16,2024-09-19,2024-09-22,2024-09-22,Delivered,1307.32,14,14,0,1,Midwest
O04233,C017,2024-07-21,2024-07-23,2024-07-25,2024-07-25,Delivered,387.18,9,9,0,1,South
O04234,C009,2024-01-08,2024-01-10,2024-01-12,2024-01-10,Delivered,1843.52,14,14,0,0,West
O04235,C015,2024-05-15,2024-05-17,2024-05-18,2024-05-17,Delivered,244.86,6,6,0,1,Northeast
O04236,C028,2024-04-15,2024-04-18,2024-04-18,2024-04-18,Delivered,452.87,11,11,0,1,Midwest
O04237,C033,2024-11-16,2024-11-19,2024-11-19,2024-11-19,Delivered,202.2,3,3,0,1,West
O04238,C031,2024-11-21,2024-11-23,2024-11-24,2024-11-29,Delivered,763.81,17,17,0,1,Midwest
O04239,C020,2024-06-04,2024-06-07,2024-06-07,2024-06-07,Delivered,2429.18,13,13,0,1,Northeast
O04240,C038,2024-01-02,2024-01-04,2024-01-09,2024-01-04,Delivered,1036.35,5,5,3,1,South
O04241,C035,2024-04-17,,2024-04-23,,Cancelled,2560.74,13,0,0,1,West
O04242,C021,2024-01-16,2024-01-17,2024-01-21,2024-01-19,Delivered,3638.0,20,20,0,1,South
O04243,C031,2024-02-04,2024-02-06,2024-02-10,2024-02-08,Delivered,1272.84,12,12,0,1,Midwest
O04244,C006,2024-09-30,,2024-10-07,,Placed,3326.88,16,0,0,1,Northeast
O04245,C011,2024-12-02,,2024-12-06,,Placed,2014.33,17,0,0,1,Midwest
O04246,C038,2024-07-27,2024-07-29,2024-08-03,2024-08-03,Delivered,3259.44,18,18,0,1,South
O04247,C025,2024-11-23,,2024-11-30,,Placed,2476.96,16,0,0,1,Northeast
O04248,C036,2024-03-10,2024-03-13,2024-03-17,2024-03-13,Delivered,460.8,15,15,0,1,West
O04249,C039,2024-05-17,2024-05-20,2024-05-24,2024-05-23,Delivered,242.85,3,3,0,0,Midwest
O04250,C039,2024-09-27,2024-09-29,2024-10-04,2024-09-29,Delivered,300.44,7,7,0,0,Midwest
O04251,C039,2024-09-24,2024-09-25,2024-10-01,2024-10-05,Delivered,2116.01,13,13,0,1,Midwest
O04252,C015,2024-01-04,2024-01-05,2024-01-07,2024-01-09,Delivered,584.32,4,4,0,1,Northeast
O04253,C010,2024-01-02,2024-01-04,2024-01-05,2024-01-09,Delivered,652.16,8,8,0,1,South
O04254,C006,2024-04-29,2024-05-02,2024-05-05,2024-05-02,Delivered,190.03,1,1,0,1,Northeast
O04255,C036,2024-10-31,2024-11-02,2024-11-06,2024-11-13,Delivered,502.05,15,2,0,1,West
O04256,C028,2024-08-04,2024-08-06,2024-08-09,2024-08-09,Delivered,1028.1,10,10,0,1,Midwest
O04257,C005,2024-07-27,,2024-08-03,,Placed,689.36,14,0,0,1,Midwest
O04258,C026,2024-02-01,2024-02-03,2024-02-07,2024-02-07,Delivered,2259.72,18,18,0,1,West
O04259,C005,2024-06-06,2024-06-08,2024-06-11,2024-06-09,Delivered,265.07,13,13,0,1,Midwest
O04260,C029,2024-04-26,2024-04-28,2024-04-30,2024-04-29,Delivered,1624.1,10,10,0,1,Northeast
O04261,C017,2024-07-29,2024-08-01,2024-08-03,2024-08-01,Delivered,1701.81,11,11,0,1,South
O04262,C016,2024-06-27,,2024-07-01,,Cancelled,275.67,9,0,0,1,West
O04263,C024,2024-06-09,2024-06-11,2024-06-14,2024-06-21,Delivered,2093.92,16,16,15,0,West
O04264,C032,2024-11-02,2024-11-04,2024-11-05,2024-11-05,Delivered,192.13,1,1,1,1,Northeast
O04265,C004,2024-11-29,2024-11-30,2024-12-06,2024-12-09,Delivered,447.02,7,3,0,1,South
O04266,C040,2024-05-21,2024-05-23,2024-05-25,2024-05-25,Delivered,2453.78,14,10,0,1,Midwest
O04267,C004,2024-01-15,2024-01-17,2024-01-21,2024-01-20,Delivered,2382.84,12,12,0,1,South
O04268,C025,2024-07-27,2024-07-29,2024-07-30,2024-07-30,Delivered,494.16,3,3,0,1,Northeast
O04269,C015,2024-10-31,2024-11-03,2024-11-07,,Shipped,1409.17,7,7,0,1,Northeast
O04270,C007,2024-07-05,2024-07-08,2024-07-12,,Shipped,816.3,10,10,0,1,Midwest
O04271,C007,2024-05-10,2024-05-11,2024-05-15,2024-05-14,Delivered,859.68,8,8,0,1,Midwest
O04272,C039,2024-03-15,2024-03-18,2024-03-21,,Shipped,1079.91,9,9,0,1,Midwest
O04273,C024,2024-08-01,2024-08-03,2024-08-07,2024-08-07,Delivered,3236.0,16,16,0,1,West
O04274,C021,2024-08-16,2024-08-18,2024-08-21,2024-08-26,Delivered,958.02,14,14,0,1,South
O04275,C015,2024-10-13,2024-10-16,2024-10-17,2024-10-16,Delivered,822.0,4,4,0,1,Northeast
O04276,C039,2024-06-09,2024-06-12,2024-06-14,2024-06-13,Delivered,184.82,1,1,0,1,Midwest
O04277,C010,2024-12-12,2024-12-15,2024-12-19,2024-12-19,Delivered,1967.68,16,16,0,1,South
O04278,C025,2024-11-30,2024-12-03,2024-12-04,2024-12-04,Delivered,1242.92,14,14,0,1,Northeast
O04279,C006,2024-05-10,2024-05-12,2024-05-15,2024-05-16,Delivered,3336.32,16,16,0,1,Northeast
O04280,C015,2024-01-31,2024-02-03,2024-02-03,2024-02-03,Delivered,1387.37,17,17,0,1,Northeast
O04281,C005,2024-04-05,2024-04-06,2024-04-12,2024-04-16,Delivered,764.1,5,5,0,0,Midwest
O04282,C014,2024-02-20,,2024-02-25,,Placed,724.64,8,0,0,1,West
O04283,C007,2024-02-25,,2024-03-01,,Cancelled,1547.2,16,0,0,1,Midwest
O04284,C018,2024-06-12,2024-06-13,2024-06-19,2024-06-14,Delivered,1020.8,20,20,0,1,West
O04285,C018,2024-05-29,2024-05-30,2024-06-04,2024-06-04,Delivered,251.43,3,3,3,1,West
O04286,C018,2024-05-09,,2024-05-14,,Placed,828.5,5,0,0,1,West
O04287,C015,2024-06-22,2024-06-25,2024-06-26,,Shipped,495.54,9,9,0,1,Northeast
O04288,C003,2024-01-25,2024-01-28,2024-01-29,2024-01-29,Delivered,488.29,11,11,0,1,South
O04289,C018,2024-03-25,2024-03-27,2024-04-01,2024-03-28,Delivered,4163.28,19,19,0,1,West
O04290,C014,2024-06-30,2024-07-02,2024-07-06,2024-07-11,Delivered,2925.45,15,15,0,1,West
O04291,C003,2024-02-20,2024-02-22,2024-02-23,2024-02-28,Delivered,1046.0,5,5,0,1,South
O04292,C006,2024-09-10,2024-09-12,2024-09-16,2024-09-14,Delivered,243.0,6,6,0,1,Northeast
O04293,C036,2024-07-23,2024-07-24,2024-07-30,2024-07-26,Delivered,1404.88,17,17,0,1,West
O04294,C028,2024-07-01,2024-07-04,2024-07-07,2024-07-07,Delivered,2942.53,17,17,0,1,Midwest
O04295,C003,2024-07-25,2024-07-26,2024-07-28,2024-07-28,Delivered,2034.52,19,19,0,1,South
O04296,C035,2024-04-14,2024-04-15,2024-04-21,2024-04-21,Delivered,575.89,19,19,0,1,West
O04297,C009,2024-06-24,2024-06-27,2024-06-29,2024-06-27,Delivered,1478.62,11,11,0,1,West
O04298,C003,2024-05-19,2024-05-20,2024-05-22,2024-05-22,Delivered,2196.02,19,19,3,1,South
O04299,C030,2024-12-01,2024-12-03,2024-12-04,2024-12-03,Delivered,500.1,10,10,0,1,South
O04300,C001,2024-06-30,2024-07-02,2024-07-07,2024-07-04,Delivered,875.88,6,6,0,1,South
O04301,C001,2024-01-21,2024-01-23,2024-01-25,2024-01-23,Delivered,1214.64,12,12,0,1,South
O04302,C021,2024-01-27,2024-01-29,2024-02-01,2024-01-30,Delivered,761.28,8,8,0,1,South
O04303,C001,2024-07-12,2024-07-14,2024-07-17,2024-07-16,Delivered,2655.9,13,13,0,1,South
O04304,C006,2024-02-29,,2024-03-04,,Cancelled,1968.77,17,0,0,1,Northeast
O04305,C002,2024-11-01,2024-11-02,2024-11-07,2024-11-04,Delivered,176.06,2,2,0,1,Northeast
O04306,C006,2024-05-13,2024-05-16,2024-05-16,2024-05-16,Delivered,179.6,5,5,0,1,Northeast
O04307,C017,2024-03-19,2024-03-20,2024-03-24,2024-03-23,Delivered,1742.08,8,8,0,1,South
O04308,C036,2024-06-08,2024-06-11,2024-06-12,2024-06-12,Delivered,2098.46,13,13,0,1,West
O04309,C008,2024-11-30,2024-12-01,2024-12-06,2024-12-05,Delivered,503.16,7,7,3,1,Northeast
O04310,C011,2024-06-27,2024-06-30,2024-07-01,2024-07-03,Delivered,1424.6,20,20,0,1,Midwest
O04311,C034,2024-05-19,2024-05-20,2024-05-24,2024-05-22,Delivered,535.52,8,8,0,1,Midwest
O04312,C007,2024-03-28,2024-03-30,2024-04-03,2024-04-02,Delivered,3116.0,19,19,0,1,Midwest
O04313,C029,2024-11-23,2024-11-26,2024-11-26,,Shipped,1931.4,10,10,0,1,Northeast
O04314,C014,2024-03-14,2024-03-17,2024-03-17,2024-03-17,Delivered,645.48,6,6,0,1,West
O04315,C021,2024-05-04,2024-05-05,2024-05-08,2024-05-14,Delivered,437.2,8,8,0,1,South
O04316,C033,2024-09-22,2024-09-25,2024-09-27,2024-09-27,Delivered,805.9,5,5,0,1,West
O04317,C019,2024-07-12,2024-07-15,2024-07-15,2024-07-15,Delivered,163.6,4,4,0,1,Midwest
O04318,C005,2024-08-30,2024-09-02,2024-09-06,,Shipped,212.22,1,1,0,1,Midwest
O04319,C033,2024-05-05,2024-05-06,2024-05-09,2024-05-09,Delivered,53.51,1,1,0,1,West
O04320,C006,2024-01-19,2024-01-22,2024-01-25,2024-01-24,Delivered,1032.45,15,15,0,1,Northeast
O04321,C015,2024-09-15,2024-09-18,2024-09-19,2024-09-19,Delivered,3560.22,19,19,0,1,Northeast
O04322,C020,2024-04-09,,2024-04-12,,Cancelled,1207.68,6,0,0,1,Northeast
O04323,C022,2024-06-06,,2024-06-10,,Cancelled,530.72,16,0,0,1,South
O04324,C036,2024-07-30,2024-08-02,2024-08-04,2024-08-04,Delivered,214.74,6,6,1,1,West
O04325,C038,2024-10-28,2024-10-31,2024-11-01,2024-10-31,Delivered,282.24,7,7,0,1,South
O04326,C027,2024-08-14,2024-08-17,2024-08-18,2024-08-18,Delivered,291.84,3,3,0,0,South
O04327,C022,2024-04-08,,2024-04-15,,Placed,2210.0,17,0,0,1,South
O04328,C036,2024-01-22,2024-01-24,2024-01-26,2024-01-26,Delivered,280.98,2,2,2,1,West
O04329,C036,2024-10-29,2024-10-31,2024-11-02,2024-11-04,Delivered,2077.6,10,10,0,1,West
O04330,C034,2024-02-14,2024-02-17,2024-02-17,2024-02-17,Delivered,43.0,1,1,0,1,Midwest
O04331,C013,2024-01-03,2024-01-04,2024-01-07,2024-01-04,Delivered,1532.58,14,14,0,1,South
O04332,C013,2024-03-05,2024-03-08,2024-03-12,2024-03-10,Delivered,408.38,7,7,0,1,South
O04333,C013,2024-03-10,2024-03-13,2024-03-13,2024-03-13,Delivered,379.73,13,6,0,1,South
O04334,C016,2024-06-26,2024-06-27,2024-07-01,2024-06-27,Delivered,558.04,7,7,0,1,West
O04335,C040,2024-03-05,2024-03-07,2024-03-10,2024-03-08,Delivered,1149.6,20,20,2,1,Midwest
O04336,C037,2024-10-20,2024-10-23,2024-10-24,2024-10-24,Delivered,1747.43,19,19,0,1,Midwest
O04337,C040,2024-09-25,2024-09-28,2024-09-29,2024-09-28,Delivered,2093.4,18,18,0,1,Midwest
O04338,C040,2024-02-04,2024-02-06,2024-02-10,2024-02-15,Delivered,94.08,6,6,0,1,Midwest
O04339,C040,2024-01-11,2024-01-12,2024-01-15,2024-01-15,Delivered,772.99,17,17,0,1,Midwest
O04340,C029,2024-08-14,2024-08-16,2024-08-19,2024-08-16,Delivered,677.38,11,11,0,1,Northeast
O04341,C032,2024-06-13,2024-06-15,2024-06-17,2024-06-16,Delivered,244.56,12,12,0,1,Northeast
O04342,C008,2024-09-14,,2024-09-21,,Placed,3693.6,20,0,0,1,Northeast
O04343,C004,2024-10-24,2024-10-26,2024-10-28,2024-10-28,Delivered,1213.92,8,8,0,1,South
O04344,C039,2024-02-13,2024-02-14,2024-02-18,2024-02-18,Delivered,1733.76,12,12,7,1,Midwest
O04345,C016,2024-12-07,2024-12-09,2024-12-12,,Shipped,316.95,3,3,0,1,West
O04346,C004,2024-02-19,2024-02-21,2024-02-22,2024-02-21,Delivered,793.95,5,2,0,1,South
O04347,C003,2024-03-23,2024-03-26,2024-03-26,2024-03-26,Delivered,492.8,20,20,0,1,South
O04348,C038,2024-02-01,2024-02-04,2024-02-04,2024-02-04,Delivered,1406.0,19,19,0,1,South
O04349,C038,2024-08-28,2024-08-31,2024-09-03,2024-09-02,Delivered,211.02,1,1,0,1,South
O04350,C039,2024-04-27,2024-04-28,2024-05-01,2024-05-06,Delivered,1292.76,7,7,0,1,Midwest
O04351,C026,2024-11-20,2024-11-21,2024-11-27,2024-11-22,Delivered,812.6,20,20,0,1,West
O04352,C011,2024-03-17,2024-03-19,2024-03-23,2024-03-22,Delivered,420.8,10,10,0,1,Midwest
O04353,C022,2024-04-10,2024-04-12,2024-04-14,2024-04-13,Delivered,2762.41,19,19,0,1,South
O04354,C037,2024-05-16,2024-05-18,2024-05-20,2024-05-19,Delivered,56.3,2,2,0,1,Midwest
O04355,C008,2024-09-10,2024-09-11,2024-09-13,2024-09-12,Delivered,205.55,1,1,1,0,Northeast
O04356,C003,2024-01-06,2024-01-08,2024-01-09,,Shipped,387.57,3,1,0,1,South
O04357,C037,2024-10-27,2024-10-30,2024-10-31,2024-10-31,Delivered,1065.45,5,5,0,1,Midwest
O04358,C026,2024-04-10,2024-04-13,2024-04-13,2024-04-13,Delivered,1017.54,9,9,0,1,West
O04359,C022,2024-05-31,,2024-06-04,,Cancelled,224.73,9,0,0,1,South
O04360,C014,2024-04-18,2024-04-20,2024-04-21,,Shipped,1095.5,10,10,0,1,West
O04361,C012,2024-11-09,2024-11-11,2024-11-14,2024-11-13,Delivered,839.88,6,4,0,1,Northeast
O04362,C005,2024-07-10,2024-07-12,2024-07-14,2024-07-12,Delivered,3198.15,15,15,0,0,Midwest
O04363,C008,2024-08-14,2024-08-15,2024-08-19,2024-08-18,Delivered,195.4,4,4,0,1,Northeast
O04364,C004,2024-09-08,2024-09-09,2024-09-14,2024-09-10,Delivered,1944.2,20,20,0,1,South
O04365,C004,2024-05-23,2024-05-24,2024-05-28,2024-05-26,Delivered,3127.0,20,20,0,1,South
O04366,C025,2024-10-25,2024-10-28,2024-10-30,2024-10-30,Delivered,1052.31,7,2,0,1,Northeast
O04367,C018,2024-05-22,2024-05-24,2024-05-28,,Shipped,2300.61,13,8,0,1,West
O04368,C020,2024-09-30,2024-10-01,2024-10-05,2024-10-01,Delivered,1127.4,15,15,0,1,Northeast
O04369,C009,2024-08-20,2024-08-21,2024-08-24,2024-08-23,Delivered,1038.64,8,8,0,1,West
O04370,C023,2024-02-19,2024-02-20,2024-02-26,2024-02-22,Delivered,2327.05,11,11,0,1,West
O04371,C019,2024-01-28,2024-01-29,2024-01-31,2024-02-07,Delivered,924.35,19,19,0,1,Midwest
O04372,C020,2024-11-13,2024-11-16,2024-11-17,2024-11-16,Delivered,3365.09,19,19,0,1,Northeast
O04373,C039,2024-06-16,2024-06-19,2024-06-21,2024-06-19,Delivered,755.88,6,3,0,1,Midwest
O04374,C025,2024-11-25,,2024-11-29,,Cancelled,548.04,12,0,0,1,Northeast
O04375,C025,2024-02-03,2024-02-06,2024-02-07,2024-02-07,Delivered,202.9,1,1,0,1,Northeast
O04376,C001,2024-09-24,2024-09-27,2024-09-27,2024-09-27,Delivered,383.52,16,16,0,1,South
O04377,C011,2024-05-20,2024-05-23,2024-05-24,2024-05-24,Delivered,439.2,5,5,2,1,Midwest
O04378,C032,2024-10-27,2024-10-30,2024-11-02,,Shipped,1558.26,11,11,0,1,Northeast
O04379,C009,2024-06-29,2024-07-01,2024-07-05,2024-07-04,Delivered,2371.32,14,14,0,1,West
O04380,C027,2024-11-24,2024-11-26,2024-11-28,2024-11-27,Delivered,3696.83,19,19,0,1,South
O04381,C037,2024-07-07,2024-07-10,2024-07-11,2024-07-10,Delivered,429.12,12,12,0,1,Midwest
O04382,C039,2024-02-17,2024-02-19,2024-02-22,2024-02-22,Delivered,203.13,1,1,0,1,Midwest
O04383,C040,2024-11-23,2024-11-24,2024-11-26,2024-11-25,Delivered,759.24,12,12,0,1,Midwest
O04384,C006,2024-01-21,2024-01-23,2024-01-28,2024-01-24,Delivered,2340.05,17,17,0,1,Northeast
O04385,C025,2024-01-28,,2024-02-03,,Placed,1019.15,17,0,0,1,Northeast
O04386,C036,2024-05-28,2024-05-29,2024-06-03,,Shipped,1931.15,13,13,0,1,West
O04387,C034,2024-03-18,2024-03-21,2024-03-22,2024-03-23,Delivered,1031.52,8,8,0,1,Midwest
O04388,C020,2024-01-04,2024-01-07,2024-01-08,2024-01-07,Delivered,1491.3,15,15,0,1,Northeast
O04389,C031,2024-06-29,2024-07-02,2024-07-02,2024-07-02,Delivered,1505.68,11,11,0,0,Midwest
O04390,C021,2024-01-27,2024-01-28,2024-02-01,2024-01-31,Delivered,155.25,3,3,0,1,South
O04391,C006,2024-05-28,2024-05-30,2024-06-01,2024-05-30,Delivered,1887.17,17,17,0,1,Northeast
O04392,C005,2024-09-02,2024-09-04,2024-09-09,2024-09-08,Delivered,486.6,15,15,0,1,Midwest
O04393,C034,2024-03-31,2024-04-03,2024-04-07,2024-04-05,Delivered,1225.84,8,8,0,1,Midwest
O04394,C030,2024-12-02,2024-12-05,2024-12-09,2024-12-09,Delivered,1060.65,15,15,0,1,South
O04395,C024,2024-05-29,2024-05-31,2024-06-05,2024-06-05,Delivered,942.08,8,8,0,1,West
O04396,C017,2024-11-16,2024-11-17,2024-11-19,2024-11-18,Delivered,3508.97,17,17,0,1,South
O04397,C019,2024-06-04,2024-06-05,2024-06-09,2024-06-12,Delivered,3418.19,17,17,0,1,Midwest
O04398,C017,2024-01-12,,2024-01-15,,Placed,4218.8,20,0,0,1,South
O04399,C004,2024-08-09,2024-08-10,2024-08-15,2024-08-10,Delivered,2799.15,15,7,0,1,South
O04400,C001,2024-07-19,2024-07-22,2024-07-26,2024-07-26,Delivered,20.85,1,1,0,1,South
O04401,C030,2024-04-27,2024-04-28,2024-05-03,2024-05-03,Delivered,629.36,4,3,0,1,South
O04402,C021,2024-05-19,,2024-05-22,,Cancelled,1218.0,20,0,0,1,South
O04403,C026,2024-04-20,2024-04-23,2024-04-23,2024-04-23,Delivered,302.22,9,9,0,1,West
O04404,C034,2024-05-28,2024-05-29,2024-05-31,2024-05-29,Delivered,1040.05,11,1,0,1,Midwest
O04405,C002,2024-10-13,2024-10-14,2024-10-20,,Shipped,1753.2,12,12,0,1,Northeast
O04406,C027,2024-02-09,2024-02-10,2024-02-15,2024-02-18,Delivered,1193.44,8,8,0,1,South
O04407,C009,2024-08-30,2024-09-02,2024-09-02,,Shipped,227.72,4,4,0,1,West
O04408,C003,2024-05-05,2024-05-06,2024-05-08,2024-05-08,Delivered,1984.22,14,14,0,1,South
O04409,C034,2024-11-10,2024-11-13,2024-11-15,2024-11-14,Delivered,174.29,1,1,0,1,Midwest
O04410,C037,2024-07-13,2024-07-15,2024-07-18,2024-07-16,Delivered,928.4,8,8,0,1,Midwest
O04411,C035,2024-10-23,2024-10-24,2024-10-30,2024-10-27,Delivered,3961.5,19,19,0,1,West
O04412,C004,2024-04-14,2024-04-16,2024-04-18,2024-04-18,Delivered,126.29,1,1,0,0,South
O04413,C008,2024-01-27,2024-01-29,2024-02-01,2024-01-31,Delivered,2877.2,20,20,0,1,Northeast
O04414,C016,2024-05-16,2024-05-19,2024-05-21,2024-05-20,Delivered,1722.84,14,14,0,1,West
O04415,C024,2024-06-30,2024-07-02,2024-07-05,2024-07-05,Delivered,2507.7,13,13,0,1,West
O04416,C001,2024-07-26,2024-07-29,2024-07-30,2024-07-29,Delivered,1391.45,17,11,0,1,South
O04417,C015,2024-10-24,2024-10-27,2024-10-29,2024-10-28,Delivered,3246.3,18,18,0,1,Northeast
O04418,C029,2024-07-10,2024-07-13,2024-07-15,2024-07-15,Delivered,219.14,2,2,0,1,Northeast
O04419,C035,2024-08-22,2024-08-24,2024-08-26,2024-08-24,Delivered,1503.04,11,11,0,1,West
O04420,C016,2024-11-26,,2024-12-01,,Placed,180.39,3,0,0,1,West
O04421,C015,2024-04-29,2024-05-02,2024-05-02,2024-05-02,Delivered,55.94,1,1,0,1,Northeast
O04422,C009,2024-12-01,,2024-12-07,,Cancelled,3480.32,16,0,0,1,West
O04423,C001,2024-10-18,2024-10-20,2024-10-23,2024-10-22,Delivered,301.5,18,18,0,1,South
O04424,C035,2024-09-30,2024-10-02,2024-10-04,2024-10-02,Delivered,608.56,8,8,1,1,West
O04425,C016,2024-07-02,2024-07-03,2024-07-06,2024-07-09,Delivered,1173.6,6,6,0,0,West
O04426,C001,2024-10-06,,2024-10-11,,Cancelled,3441.96,18,0,0,1,South
O04427,C029,2024-04-12,,2024-04-19,,Cancelled,1738.08,12,0,0,1,Northeast
O04428,C035,2024-09-25,2024-09-26,2024-10-01,2024-09-29,Delivered,2982.24,19,19,0,1,West
O04429,C003,2024-11-15,2024-11-17,2024-11-22,,Shipped,96.65,5,5,0,1,South
O04430,C024,2024-10-24,2024-10-26,2024-10-30,2024-10-29,Delivered,1960.2,12,12,0,0,West
O04431,C003,2024-11-20,2024-11-21,2024-11-25,2024-11-22,Delivered,677.35,19,19,0,1,South
O04432,C018,2024-06-08,2024-06-10,2024-06-14,2024-06-10,Delivered,1261.6,8,8,0,1,West
O04433,C030,2024-08-02,2024-08-04,2024-08-09,2024-08-08,Delivered,93.44,2,2,2,1,South
O04434,C017,2024-09-30,2024-10-02,2024-10-03,2024-10-03,Delivered,1234.03,17,17,0,1,South
O04435,C001,2024-11-05,2024-11-08,2024-11-09,2024-11-08,Delivered,414.36,6,6,0,0,South
O04436,C030,2024-11-28,2024-12-01,2024-12-05,2024-12-01,Delivered,30.33,1,1,0,1,South
O04437,C025,2024-12-14,,2024-12-17,,Placed,1481.7,10,0,0,1,Northeast
O04438,C008,2024-11-26,2024-11-27,2024-11-29,,Shipped,834.5,10,10,0,1,Northeast
O04439,C027,2024-06-16,2024-06-19,2024-06-21,2024-06-19,Delivered,1729.76,16,16,0,1,South
O04440,C002,2024-06-28,2024-06-29,2024-07-03,,Shipped,1146.45,15,15,0,1,Northeast
O04441,C013,2024-11-08,,2024-11-13,,Placed,1400.32,16,0,0,1,South
O04442,C017,2024-02-27,2024-02-28,2024-03-03,2024-03-01,Delivered,834.6,12,12,0,1,South
O04443,C004,2024-08-28,2024-08-30,2024-09-01,2024-09-01,Delivered,1171.03,7,7,0,1,South
O04444,C009,2024-10-01,2024-10-03,2024-10-06,2024-10-06,Delivered,3395.52,16,16,0,1,West
O04445,C032,2024-05-05,2024-05-06,2024-05-12,2024-05-16,Delivered,967.25,5,5,0,1,Northeast
O04446,C002,2024-08-22,2024-08-25,2024-08-26,2024-08-26,Delivered,959.21,7,7,0,0,Northeast
O04447,C037,2024-05-08,2024-05-10,2024-05-14,2024-05-11,Delivered,2768.22,14,14,0,1,Midwest
O04448,C028,2024-10-26,2024-10-27,2024-10-29,2024-10-29,Delivered,1802.68,11,11,0,1,Midwest
O04449,C028,2024-07-09,2024-07-10,2024-07-15,2024-07-12,Delivered,452.28,3,3,2,1,Midwest
O04450,C011,2024-07-27,2024-07-28,2024-07-31,2024-07-30,Delivered,790.4,16,16,0,1,Midwest
O04451,C027,2024-10-12,2024-10-13,2024-10-19,2024-10-16,Delivered,525.1,5,5,0,1,South
O04452,C027,2024-01-27,2024-01-28,2024-01-31,,Shipped,990.6,20,20,0,0,South
O04453,C040,2024-10-07,2024-10-09,2024-10-13,2024-10-13,Delivered,903.4,5,5,0,1,Midwest
O04454,C040,2024-06-15,2024-06-18,2024-06-22,2024-06-18,Delivered,3576.18,19,19,0,1,Midwest
O04455,C008,2024-10-02,2024-10-05,2024-10-06,2024-10-12,Delivered,2199.36,12,12,9,1,Northeast
O04456,C029,2024-07-14,2024-07-15,2024-07-19,,Shipped,2085.9,17,17,0,1,Northeast
O04457,C015,2024-09-23,2024-09-26,2024-09-27,2024-09-27,Delivered,1110.07,13,13,0,1,Northeast
O04458,C029,2024-09-14,2024-09-15,2024-09-20,2024-09-20,Delivered,2220.57,11,11,0,1,Northeast
O04459,C009,2024-04-02,2024-04-03,2024-04-07,2024-04-04,Delivered,332.58,3,3,3,1,West
O04460,C009,2024-02-04,2024-02-05,2024-02-07,2024-02-08,Delivered,260.08,2,2,0,1,West
O04461,C040,2024-01-24,2024-01-26,2024-01-28,2024-01-26,Delivered,2269.15,13,13,0,1,Midwest
O04462,C035,2024-12-14,2024-12-16,2024-12-20,2024-12-20,Delivered,302.32,4,4,0,1,West
O04463,C005,2024-04-02,2024-04-05,2024-04-08,2024-04-07,Delivered,2457.0,15,15,0,1,Midwest
O04464,C024,2024-02-01,2024-02-04,2024-02-06,2024-02-04,Delivered,2330.57,11,11,0,1,West
O04465,C035,2024-10-14,2024-10-15,2024-10-20,,Shipped,2613.6,15,15,0,1,West
O04466,C011,2024-11-07,2024-11-09,2024-11-11,2024-11-10,Delivered,1450.8,10,10,0,1,Midwest
O04467,C007,2024-06-11,2024-06-14,2024-06-14,2024-06-14,Delivered,905.75,5,1,0,1,Midwest
O04468,C032,2024-07-16,2024-07-17,2024-07-19,2024-07-17,Delivered,1708.9,10,10,0,1,Northeast
O04469,C004,2024-08-18,2024-08-21,2024-08-21,2024-08-21,Delivered,1899.8,20,20,0,1,South
O04470,C025,2024-08-12,,2024-08-16,,Cancelled,385.9,17,0,0,1,Northeast
O04471,C013,2024-08-29,,2024-09-02,,Placed,315.21,3,0,0,1,South
O04472,C032,2024-06-10,2024-06-11,2024-06-17,2024-06-16,Delivered,41.44,1,1,0,1,Northeast
O04473,C005,2024-04-20,2024-04-22,2024-04-24,2024-04-23,Delivered,434.79,9,8,0,1,Midwest
O04474,C024,2024-12-01,2024-12-02,2024-12-07,2024-12-05,Delivered,3028.96,16,16,0,1,West
O04475,C004,2024-02-28,2024-03-01,2024-03-05,2024-03-02,Delivered,1436.49,9,9,6,1,South
O04476,C024,2024-11-09,2024-11-10,2024-11-14,2024-11-13,Delivered,1088.34,17,17,0,1,West
O04477,C020,2024-07-07,2024-07-09,2024-07-14,2024-07-10,Delivered,2296.42,14,14,0,1,Northeast
O04478,C023,2024-05-22,2024-05-25,2024-05-27,2024-05-25,Delivered,991.45,5,5,0,1,West
O04479,C015,2024-06-12,,2024-06-15,,Placed,179.58,3,0,0,1,Northeast
O04480,C012,2024-10-19,2024-10-20,2024-10-23,2024-10-22,Delivered,2099.4,15,15,0,1,Northeast
O04481,C040,2024-11-06,2024-11-08,2024-11-10,2024-11-09,Delivered,2799.9,15,15,0,1,Midwest
O04482,C033,2024-05-25,2024-05-28,2024-06-01,2024-05-28,Delivered,251.3,10,10,0,1,West
O04483,C032,2024-07-03,2024-07-04,2024-07-07,2024-07-07,Delivered,2002.7,14,14,0,1,Northeast
O04484,C001,2024-04-14,,2024-04-20,,Placed,409.41,9,0,0,1,South
O04485,C015,2024-06-12,2024-06-14,2024-06-15,2024-06-15,Delivered,2994.9,15,15,0,1,Northeast
O04486,C035,2024-03-24,2024-03-26,2024-03-31,2024-04-04,Delivered,172.47,3,3,0,1,West
O04487,C025,2024-01-13,2024-01-14,2024-01-17,2024-01-14,Delivered,238.98,7,7,0,1,Northeast
O04488,C038,2024-01-10,2024-01-13,2024-01-16,,Shipped,724.8,15,15,0,1,South
O04489,C002,2024-06-04,2024-06-06,2024-06-09,2024-06-09,Delivered,357.52,4,4,1,1,Northeast
O04490,C004,2024-11-20,,2024-11-25,,Placed,707.91,7,0,0,1,South
O04491,C004,2024-04-13,2024-04-16,2024-04-19,2024-04-18,Delivered,1652.88,8,1,0,1,South
O04492,C038,2024-01-26,,2024-02-02,,Cancelled,2895.6,19,0,0,1,South
O04493,C017,2024-05-04,2024-05-06,2024-05-08,2024-05-08,Delivered,311.16,6,1,0,1,South
O04494,C013,2024-01-13,2024-01-14,2024-01-16,2024-01-16,Delivered,38.05,1,1,0,1,South
O04495,C006,2024-01-13,2024-01-15,2024-01-19,2024-01-18,Delivered,3911.53,19,19,0,1,Northeast
O04496,C003,2024-03-24,,2024-03-29,,Cancelled,722.0,19,0,0,1,South
O04497,C039,2024-03-04,2024-03-07,2024-03-11,2024-03-16,Delivered,1802.07,9,9,0,1,Midwest
O04498,C005,2024-09-15,2024-09-16,2024-09-22,,Shipped,2930.75,19,19,0,1,Midwest
O04499,C002,2024-06-17,2024-06-19,2024-06-21,,Shipped,1543.49,13,13,0,1,Northeast
O04500,C021,2024-02-08,2024-02-09,2024-02-14,2024-02-14,Delivered,172.72,2,2,2,1,South
O04501,C036,2024-08-08,2024-08-11,2024-08-14,2024-08-11,Delivered,362.88,7,7,0,1,West
O04502,C030,2024-01-06,2024-01-08,2024-01-13,2024-01-09,Delivered,2139.48,12,12,0,1,South
O04503,C020,2024-01-05,2024-01-06,2024-01-10,,Shipped,565.8,4,4,0,0,Northeast
O04504,C024,2024-12-06,2024-12-07,2024-12-10,2024-12-15,Delivered,2649.4,13,10,0,1,West
O04505,C019,2024-04-26,,2024-04-30,,Cancelled,1396.2,10,0,0,1,Midwest
O04506,C003,2024-01-03,2024-01-06,2024-01-07,2024-01-07,Delivered,1144.8,16,16,0,0,South
O04507,C026,2024-11-09,,2024-11-12,,Placed,427.5,18,0,0,1,West
O04508,C037,2024-01-18,2024-01-20,2024-01-22,2024-01-20,Delivered,457.2,12,12,12,1,Midwest
O04509,C031,2024-08-29,2024-08-31,2024-09-03,2024-09-03,Delivered,2683.5,15,15,0,1,Midwest
O04510,C025,2024-12-06,2024-12-08,2024-12-12,2024-12-09,Delivered,1554.93,13,13,0,1,Northeast
O04511,C032,2024-01-05,2024-01-07,2024-01-11,2024-01-12,Delivered,902.86,7,7,0,1,Northeast
O04512,C035,2024-07-27,2024-07-30,2024-08-03,2024-07-30,Delivered,946.26,14,14,0,1,West
O04513,C005,2024-11-07,2024-11-10,2024-11-11,2024-11-10,Delivered,327.24,18,18,0,1,Midwest
O04514,C030,2024-02-05,2024-02-08,2024-02-11,2024-02-11,Delivered,1909.08,9,9,0,1,South
O04515,C040,2024-05-14,2024-05-17,2024-05-18,2024-05-22,Delivered,1982.1,15,15,0,1,Midwest
O04516,C003,2024-09-14,2024-09-17,2024-09-20,2024-09-18,Delivered,1305.36,7,1,0,1,South
O04517,C012,2024-07-26,,2024-07-31,,Placed,1491.69,19,0,0,1,Northeast
O04518,C017,2024-08-31,,2024-09-05,,Cancelled,483.15,15,0,0,1,South
O04519,C010,2024-08-03,2024-08-05,2024-08-07,2024-08-06,Delivered,1274.31,9,3,0,1,South
O04520,C014,2024-10-06,2024-10-09,2024-10-12,2024-10-10,Delivered,1653.76,17,17,0,1,West
O04521,C016,2024-11-18,2024-11-21,2024-11-23,2024-11-21,Delivered,3207.6,18,18,0,1,West
O04522,C023,2024-05-15,2024-05-17,2024-05-20,,Shipped,348.48,12,6,0,1,West
O04523,C035,2024-03-09,2024-03-10,2024-03-14,2024-03-13,Delivered,1827.98,11,8,0,0,West
O04524,C008,2024-11-07,2024-11-09,2024-11-10,,Shipped,1478.07,11,11,0,1,Northeast
O04525,C033,2024-03-29,2024-04-01,2024-04-04,2024-04-04,Delivered,2011.7,10,6,0,1,West
O04526,C021,2024-03-25,2024-03-26,2024-03-29,2024-03-27,Delivered,317.1,3,3,0,1,South
O04527,C014,2024-09-01,2024-09-03,2024-09-05,2024-09-03,Delivered,3067.68,14,14,0,1,West
O04528,C022,2024-04-19,2024-04-20,2024-04-25,2024-04-23,Delivered,501.49,11,11,0,1,South
O04529,C035,2024-08-29,2024-08-30,2024-09-01,2024-09-05,Delivered,62.82,2,2,0,0,West
O04530,C007,2024-03-22,2024-03-23,2024-03-28,2024-03-25,Delivered,567.63,3,3,0,1,Midwest
O04531,C020,2024-06-07,2024-06-09,2024-06-10,2024-06-10,Delivered,438.32,2,1,0,1,Northeast
O04532,C006,2024-11-27,,2024-12-01,,Cancelled,48.98,1,0,0,1,Northeast
O04533,C007,2024-04-13,2024-04-16,2024-04-18,2024-04-16,Delivered,648.7,13,13,0,1,Midwest
O04534,C019,2024-12-04,,2024-12-08,,Cancelled,580.0,16,0,0,1,Midwest
O04535,C017,2024-01-27,2024-01-28,2024-01-31,2024-01-28,Delivered,1597.31,11,11,0,1,South
O04536,C035,2024-01-15,,2024-01-19,,Cancelled,641.35,5,0,0,1,West
O04537,C009,2024-01-28,2024-01-30,2024-02-04,2024-02-03,Delivered,1227.36,6,6,0,1,West
O04538,C015,2024-06-12,,2024-06-18,,Placed,1868.47,17,0,0,1,Northeast
O04539,C012,2024-03-03,2024-03-05,2024-03-06,2024-03-09,Delivered,242.8,4,4,3,1,Northeast
O04540,C006,2024-07-05,,2024-07-08,,Cancelled,165.57,3,0,0,1,Northeast
O04541,C017,2024-10-03,2024-10-06,2024-10-06,2024-10-06,Delivered,892.43,7,7,0,1,South
O04542,C021,2024-05-28,2024-05-30,2024-06-02,2024-06-01,Delivered,647.25,15,15,0,1,South
O04543,C026,2024-11-15,,2024-11-22,,Placed,1282.88,8,0,0,1,West
O04544,C037,2024-08-06,2024-08-09,2024-08-09,2024-08-15,Delivered,1558.44,12,12,0,1,Midwest
O04545,C034,2024-11-30,2024-12-01,2024-12-04,2024-12-07,Delivered,1591.2,12,11,0,1,Midwest
O04546,C007,2024-06-04,2024-06-07,2024-06-09,2024-06-08,Delivered,748.66,11,11,0,1,Midwest
O04547,C009,2024-02-14,2024-02-17,2024-02-19,2024-02-19,Delivered,818.04,17,17,0,1,West
O04548,C036,2024-02-14,2024-02-16,2024-02-20,2024-02-16,Delivered,3090.26,17,17,0,1,West
O04549,C010,2024-06-28,2024-06-29,2024-07-05,2024-07-01,Delivered,1527.4,7,7,0,1,South
O04550,C021,2024-09-26,2024-09-28,2024-09-29,2024-09-29,Delivered,1784.8,10,10,0,1,South
O04551,C020,2024-09-13,2024-09-16,2024-09-19,2024-09-17,Delivered,1189.36,8,8,0,1,Northeast
O04552,C035,2024-05-13,2024-05-16,2024-05-19,2024-05-26,Delivered,1196.19,9,9,0,1,West
O04553,C029,2024-06-08,2024-06-11,2024-06-13,2024-06-17,Delivered,2807.68,16,16,0,1,Northeast
O04554,C035,2024-02-11,2024-02-13,2024-02-17,2024-02-16,Delivered,3962.07,19,19,0,0,West
O04555,C016,2024-07-03,2024-07-04,2024-07-10,2024-07-09,Delivered,3212.83,17,17,0,1,West
O04556,C014,2024-02-09,,2024-02-14,,Cancelled,531.3,14,0,0,1,West
O04557,C035,2024-06-01,2024-06-02,2024-06-06,2024-06-09,Delivered,1175.72,17,17,3,1,West
O04558,C015,2024-11-09,2024-11-10,2024-11-16,2024-11-15,Delivered,3051.9,18,18,0,1,Northeast
O04559,C029,2024-11-26,2024-11-29,2024-12-03,2024-12-03,Delivered,611.6,20,20,0,1,Northeast
O04560,C013,2024-02-18,2024-02-20,2024-02-23,,Shipped,1282.56,6,6,0,1,South
O04561,C017,2024-06-13,2024-06-15,2024-06-18,2024-06-16,Delivered,49.86,3,3,0,1,South
O04562,C013,2024-07-17,2024-07-20,2024-07-21,2024-07-20,Delivered,3382.74,18,18,0,1,South
O04563,C011,2024-10-08,2024-10-11,2024-10-12,2024-10-11,Delivered,595.6,8,8,0,1,Midwest
O04564,C021,2024-10-21,2024-10-24,2024-10-25,2024-10-25,Delivered,1090.8,18,18,0,1,South
O04565,C007,2024-09-27,2024-09-28,2024-10-01,2024-09-30,Delivered,308.35,7,7,0,1,Midwest
O04566,C009,2024-11-19,2024-11-20,2024-11-26,2024-11-23,Delivered,3654.08,19,19,0,0,West
O04567,C036,2024-03-10,2024-03-12,2024-03-16,2024-03-16,Delivered,518.1,3,3,0,1,West
O04568,C001,2024-11-27,2024-11-28,2024-12-03,2024-11-30,Delivered,815.67,19,19,12,1,South
O04569,C036,2024-07-26,2024-07-28,2024-07-31,2024-08-02,Delivered,663.0,6,6,0,1,West
O04570,C026,2024-06-25,2024-06-28,2024-07-01,2024-06-30,Delivered,1564.56,12,12,0,1,West
O04571,C003,2024-08-12,2024-08-13,2024-08-17,2024-08-16,Delivered,1067.04,16,16,0,1,South
O04572,C036,2024-10-03,2024-10-05,2024-10-06,2024-10-05,Delivered,335.23,7,7,0,1,West
O04573,C040,2024-01-12,2024-01-14,2024-01-15,2024-01-14,Delivered,2442.42,18,18,0,1,Midwest
O04574,C005,2024-05-07,2024-05-10,2024-05-11,2024-05-11,Delivered,953.36,8,8,0,1,Midwest
O04575,C017,2024-03-04,2024-03-05,2024-03-08,2024-03-14,Delivered,1329.39,9,9,0,1,South
O04576,C010,2024-04-21,2024-04-22,2024-04-28,2024-04-27,Delivered,66.64,1,1,0,1,South
O04577,C003,2024-08-15,2024-08-16,2024-08-21,2024-08-21,Delivered,474.28,4,4,0,1,South
O04578,C013,2024-01-18,2024-01-21,2024-01-21,2024-01-21,Delivered,3767.2,20,20,0,1,South
O04579,C032,2024-08-29,2024-08-31,2024-09-01,,Shipped,1634.28,12,12,0,1,Northeast
O04580,C019,2024-06-01,,2024-06-08,,Placed,952.5,6,0,0,1,Midwest
O04581,C013,2024-02-26,2024-02-27,2024-03-03,2024-02-27,Delivered,476.1,15,15,0,1,South
O04582,C005,2024-01-06,2024-01-08,2024-01-09,2024-01-08,Delivered,513.1,7,4,0,0,Midwest
O04583,C011,2024-01-29,2024-02-01,2024-02-04,2024-02-04,Delivered,734.0,5,5,0,1,Midwest
O04584,C016,2024-05-19,2024-05-21,2024-05-23,2024-05-21,Delivered,2827.63,13,13,0,1,West
O04585,C032,2024-02-24,2024-02-27,2024-03-01,2024-02-28,Delivered,3022.65,15,15,15,1,Northeast
O04586,C020,2024-02-22,2024-02-23,2024-02-27,2024-03-04,Delivered,2206.49,13,8,0,1,Northeast
O04587,C035,2024-07-04,2024-07-07,2024-07-08,2024-07-08,Delivered,143.65,1,1,0,1,West
O04588,C032,2024-10-07,2024-10-10,2024-10-10,2024-10-10,Delivered,134.74,1,1,0,1,Northeast
O04589,C037,2024-04-29,2024-05-02,2024-05-05,2024-05-05,Delivered,382.92,4,4,0,1,Midwest
O04590,C017,2024-08-31,2024-09-02,2024-09-03,2024-09-02,Delivered,2481.96,13,13,0,1,South
O04591,C005,2024-09-03,2024-09-04,2024-09-10,2024-09-10,Delivered,1641.18,17,17,0,1,Midwest
O04592,C011,2024-09-09,2024-09-11,2024-09-12,2024-09-12,Delivered,54.94,2,2,0,0,Midwest
O04593,C001,2024-10-05,2024-10-07,2024-10-12,2024-10-12,Delivered,399.19,19,19,11,1,South
O04594,C039,2024-02-21,2024-02-24,2024-02-26,2024-02-26,Delivered,1829.88,12,9,6,1,Midwest
O04595,C023,2024-02-02,2024-02-04,2024-02-07,2024-02-06,Delivered,517.5,5,5,0,1,West
O04596,C036,2024-09-27,2024-09-30,2024-09-30,2024-09-30,Delivered,375.63,19,19,0,1,West
O04597,C033,2024-01-08,2024-01-09,2024-01-15,,Shipped,2164.25,11,11,0,1,West
O04598,C040,2024-02-12,2024-02-15,2024-02-15,,Shipped,2298.4,16,16,0,1,Midwest
O04599,C013,2024-06-21,2024-06-22,2024-06-27,2024-06-28,Delivered,464.96,8,8,0,1,South
O04600,C015,2024-10-19,2024-10-22,2024-10-23,2024-10-24,Delivered,101.97,3,3,0,0,Northeast
O04601,C021,2024-02-29,2024-03-01,2024-03-03,,Shipped,2220.2,17,17,0,1,South
O04602,C004,2024-09-29,2024-10-02,2024-10-05,2024-10-03,Delivered,1261.6,19,19,0,1,South
O04603,C006,2024-11-01,2024-11-02,2024-11-08,2024-11-06,Delivered,879.92,4,4,0,1,Northeast
O04604,C006,2024-05-30,2024-05-31,2024-06-05,2024-06-12,Delivered,2604.29,13,13,0,1,Northeast
O04605,C021,2024-10-01,,2024-10-08,,Cancelled,413.95,5,0,0,1,South
O04606,C001,2024-08-11,2024-08-12,2024-08-15,2024-08-16,Delivered,400.2,20,20,0,1,South
O04607,C024,2024-09-20,2024-09-23,2024-09-27,2024-09-23,Delivered,1559.52,8,8,0,1,West
O04608,C016,2024-04-02,,2024-04-07,,Cancelled,725.64,12,0,0,1,West
O04609,C021,2024-04-24,2024-04-26,2024-04-29,2024-05-05,Delivered,1475.21,11,11,0,1,South
O04610,C032,2024-07-14,,2024-07-18,,Placed,310.73,7,0,0,1,Northeast
O04611,C033,2024-03-06,2024-03-08,2024-03-11,2024-03-08,Delivered,202.32,4,4,0,1,West
O04612,C010,2024-01-11,2024-01-14,2024-01-18,2024-01-14,Delivered,885.25,5,4,0,1,South
O04613,C001,2024-01-02,2024-01-04,2024-01-05,,Shipped,988.8,5,5,0,1,South
O04614,C019,2024-02-16,2024-02-19,2024-02-21,2024-02-19,Delivered,892.84,13,13,0,1,Midwest
O04615,C001,2024-11-02,2024-11-05,2024-11-08,2024-11-08,Delivered,753.0,12,12,0,1,South
O04616,C035,2024-01-05,2024-01-07,2024-01-12,2024-01-08,Delivered,1354.73,13,13,0,1,West
O04617,C014,2024-07-30,,2024-08-06,,Placed,179.85,11,0,0,1,West
O04618,C011,2024-08-26,2024-08-29,2024-09-01,2024-08-31,Delivered,524.85,15,15,0,1,Midwest
O04619,C007,2024-11-30,2024-12-01,2024-12-03,2024-12-02,Delivered,847.26,18,18,0,0,Midwest
O04620,C008,2024-01-05,2024-01-06,2024-01-12,2024-01-09,Delivered,1517.75,13,13,0,1,Northeast
O04621,C002,2024-07-30,2024-07-31,2024-08-06,2024-08-04,Delivered,209.63,1,1,0,1,Northeast
O04622,C039,2024-09-28,,2024-10-02,,Cancelled,2485.86,13,0,0,1,Midwest
O04623,C005,2024-02-15,2024-02-17,2024-02-21,2024-02-21,Delivered,52.32,3,3,0,1,Midwest
O04624,C033,2024-01-03,2024-01-04,2024-01-08,2024-01-07,Delivered,878.44,4,4,0,1,West
O04625,C013,2024-07-04,2024-07-06,2024-07-09,2024-07-09,Delivered,1816.6,20,20,0,1,South
O04626,C030,2024-09-24,2024-09-25,2024-09-28,2024-09-27,Delivered,489.96,6,6,0,0,South
O04627,C019,2024-11-13,2024-11-14,2024-11-16,2024-11-14,Delivered,91.2,3,3,0,1,Midwest
O04628,C031,2024-04-16,2024-04-17,2024-04-23,2024-04-21,Delivered,934.72,8,8,0,1,Midwest
O04629,C040,2024-10-08,,2024-10-15,,Cancelled,339.36,8,0,0,1,Midwest
O04630,C018,2024-10-11,2024-10-14,2024-10-15,2024-10-14,Delivered,4030.85,19,19,0,0,West
O04631,C023,2024-07-25,2024-07-26,2024-07-29,2024-07-27,Delivered,374.1,15,15,12,1,West
O04632,C038,2024-11-08,2024-11-10,2024-11-15,2024-11-17,Delivered,192.93,3,2,0,1,South
O04633,C005,2024-02-14,2024-02-15,2024-02-20,2024-02-19,Delivered,2600.92,14,14,0,1,Midwest
O04634,C034,2024-09-14,2024-09-16,2024-09-20,2024-09-17,Delivered,1066.15,5,5,0,1,Midwest
O04635,C009,2024-02-01,2024-02-03,2024-02-04,2024-02-04,Delivered,706.59,9,9,0,1,West
O04636,C008,2024-01-17,2024-01-18,2024-01-20,2024-01-22,Delivered,1243.32,6,6,0,1,Northeast
O04637,C038,2024-02-08,,2024-02-14,,Cancelled,543.09,3,0,0,1,South
O04638,C009,2024-11-06,2024-11-08,2024-11-09,2024-11-09,Delivered,438.08,2,2,0,1,West
O04639,C028,2024-11-05,2024-11-08,2024-11-10,2024-11-10,Delivered,2112.5,10,10,0,1,Midwest
O04640,C020,2024-04-01,2024-04-04,2024-04-08,2024-04-09,Delivered,1041.15,15,15,0,1,Northeast
O04641,C008,2024-09-21,2024-09-24,2024-09-24,2024-09-27,Delivered,1502.72,8,8,0,1,Northeast
O04642,C014,2024-05-13,2024-05-15,2024-05-17,,Shipped,1141.08,12,8,0,1,West
O04643,C024,2024-04-06,2024-04-09,2024-04-13,2024-04-18,Delivered,1328.6,14,14,0,1,West
O04644,C013,2024-05-26,2024-05-29,2024-05-30,2024-05-29,Delivered,747.89,13,13,0,1,South
O04645,C039,2024-04-26,2024-04-29,2024-05-03,2024-05-01,Delivered,2821.12,19,19,0,0,Midwest
O04646,C008,2024-04-08,2024-04-09,2024-04-14,2024-04-09,Delivered,2441.74,14,14,0,1,Northeast
O04647,C030,2024-02-05,2024-02-07,2024-02-09,2024-02-11,Delivered,314.37,9,9,0,0,South
O04648,C017,2024-10-18,2024-10-19,2024-10-23,2024-10-23,Delivered,2863.98,18,18,0,1,South
O04649,C010,2024-05-22,2024-05-25,2024-05-25,2024-05-25,Delivered,2686.88,14,14,0,0,South
O04650,C037,2024-04-09,,2024-04-13,,Placed,689.68,4,0,0,1,Midwest
O04651,C013,2024-06-05,2024-06-08,2024-06-10,2024-06-08,Delivered,3962.26,19,19,0,1,South
O04652,C023,2024-08-30,2024-08-31,2024-09-02,2024-09-02,Delivered,1378.26,13,13,0,1,West
O04653,C040,2024-10-20,2024-10-22,2024-10-25,2024-10-22,Delivered,2246.21,17,17,0,1,Midwest
O04654,C033,2024-02-13,2024-02-14,2024-02-20,2024-02-18,Delivered,3644.77,19,19,0,1,West
O04655,C015,2024-07-10,2024-07-13,2024-07-15,2024-07-13,Delivered,104.58,2,2,2,1,Northeast
O04656,C037,2024-09-16,2024-09-18,2024-09-23,2024-09-22,Delivered,147.34,1,1,0,1,Midwest
O04657,C010,2024-01-24,2024-01-25,2024-01-28,2024-01-25,Delivered,574.9,5,5,0,1,South
O04658,C020,2024-02-02,2024-02-03,2024-02-08,2024-02-03,Delivered,133.47,1,1,0,1,Northeast
O04659,C026,2024-09-06,2024-09-08,2024-09-12,2024-09-12,Delivered,3439.4,20,20,0,1,West
O04660,C029,2024-02-11,2024-02-12,2024-02-16,2024-02-14,Delivered,1537.6,10,10,10,1,Northeast
O04661,C035,2024-06-28,,2024-07-01,,Cancelled,1615.95,19,0,0,1,West
O04662,C009,2024-02-29,2024-03-01,2024-03-07,2024-03-12,Delivered,1025.37,9,9,0,1,West
O04663,C026,2024-06-30,2024-07-01,2024-07-05,2024-07-02,Delivered,484.2,3,3,0,1,West
O04664,C012,2024-03-20,2024-03-23,2024-03-27,2024-03-27,Delivered,1353.96,12,12,9,0,Northeast
O04665,C019,2024-11-27,2024-11-30,2024-11-30,2024-12-07,Delivered,1953.7,10,10,0,1,Midwest
O04666,C026,2024-11-05,2024-11-08,2024-11-10,2024-11-08,Delivered,3966.82,19,19,0,1,West
O04667,C020,2024-01-11,2024-01-14,2024-01-14,2024-01-14,Delivered,742.72,8,8,0,1,Northeast
O04668,C036,2024-02-01,2024-02-03,2024-02-04,2024-02-04,Delivered,2513.14,14,14,0,1,West
O04669,C019,2024-06-03,2024-06-05,2024-06-10,2024-06-09,Delivered,2353.8,15,1,0,0,Midwest
O04670,C031,2024-07-25,2024-07-28,2024-07-30,2024-07-29,Delivered,612.54,18,18,2,1,Midwest
O04671,C009,2024-05-21,2024-05-23,2024-05-27,2024-05-24,Delivered,1754.48,13,13,0,1,West
O04672,C002,2024-01-30,2024-02-01,2024-02-03,2024-02-01,Delivered,244.47,3,3,0,1,Northeast
O04673,C021,2024-09-03,2024-09-04,2024-09-08,2024-09-08,Delivered,396.24,12,12,0,1,South
O04674,C002,2024-12-12,,2024-12-18,,Placed,2729.48,13,0,0,1,Northeast
O04675,C019,2024-07-21,,2024-07-28,,Placed,777.75,17,0,0,1,Midwest
O04676,C010,2024-04-03,2024-04-05,2024-04-09,2024-04-06,Delivered,1552.5,9,9,0,1,South
O04677,C014,2024-10-24,2024-10-27,2024-10-29,2024-10-28,Delivered,1097.81,7,7,0,1,West
O04678,C040,2024-10-29,2024-10-31,2024-11-03,2024-11-01,Delivered,1212.51,13,3,0,1,Midwest
O04679,C003,2024-04-18,2024-04-19,2024-04-25,2024-04-22,Delivered,775.28,11,11,0,1,South
O04680,C018,2024-11-09,2024-11-10,2024-11-16,2024-11-14,Delivered,357.0,15,15,0,1,West
O04681,C026,2024-01-16,,2024-01-21,,Cancelled,1354.21,11,0,0,1,West
O04682,C007,2024-04-23,2024-04-25,2024-04-29,2024-05-03,Delivered,1739.4,12,12,0,1,Midwest
O04683,C038,2024-09-06,2024-09-08,2024-09-12,2024-09-12,Delivered,82.65,5,5,0,1,South
O04684,C001,2024-05-10,2024-05-11,2024-05-14,2024-05-12,Delivered,1388.3,10,10,0,1,South
O04685,C032,2024-06-16,2024-06-18,2024-06-20,2024-06-18,Delivered,994.4,11,11,0,1,Northeast
O04686,C034,2024-02-04,2024-02-06,2024-02-10,2024-02-11,Delivered,915.79,17,17,0,1,Midwest
O04687,C018,2024-07-20,2024-07-21,2024-07-25,2024-07-21,Delivered,1729.95,19,19,0,1,West
O04688,C033,2024-08-14,2024-08-17,2024-08-18,2024-08-21,Delivered,2176.8,10,10,0,1,West
O04689,C029,2024-02-13,,2024-02-16,,Placed,762.72,7,0,0,1,Northeast
O04690,C037,2024-03-30,2024-04-02,2024-04-05,2024-04-05,Delivered,1703.52,16,16,0,1,Midwest
O04691,C038,2024-04-16,2024-04-17,2024-04-19,2024-04-19,Delivered,104.22,6,6,0,1,South
O04692,C040,2024-02-19,2024-02-21,2024-02-22,2024-02-21,Delivered,2170.95,15,15,0,1,Midwest
O04693,C039,2024-09-18,2024-09-21,2024-09-24,,Shipped,2167.88,11,11,0,1,Midwest
O04694,C010,2024-10-05,2024-10-06,2024-10-12,2024-10-10,Delivered,4253.4,20,20,0,1,South
O04695,C007,2024-09-16,2024-09-17,2024-09-21,2024-09-19,Delivered,797.68,8,8,6,0,Midwest
O04696,C024,2024-01-08,2024-01-10,2024-01-13,2024-01-13,Delivered,279.6,12,12,0,1,West
O04697,C002,2024-12-09,2024-12-10,2024-12-14,2024-12-21,Delivered,2689.28,16,16,0,1,Northeast
O04698,C004,2024-06-19,2024-06-22,2024-06-23,2024-06-23,Delivered,1849.1,11,11,0,1,South
O04699,C037,2024-07-01,2024-07-02,2024-07-07,2024-07-03,Delivered,938.7,9,3,0,0,Midwest
O04700,C035,2024-02-08,2024-02-09,2024-02-12,2024-02-11,Delivered,1731.96,18,18,0,1,West
